model,size,N,h,alpha,J,solver,sampler,cem,rbm,n_hidden,lr,reg,seed,sigma,n_samples,total_iters,conv_iter,converged,distance_at_conv,exact_energy_per_spin,energy_at_conv,avg_sampling_time_s,mean_sampling_time_all_s,distance_final,final_kl_exact,final_ess,time_to_conv_s,time_total_s
heisenberg_xxz_1d,16,256,0.0,,1.0,exchange,custom,False,full,16,0.01,1e-05,1,1.0,1000,300,280,False,0.08035603659436993,-0.08009110774192206,0.0002649288524478752,0.11369922347366809,0.12335362787048022,0.08035603659436993,7.332041745515086,0.42537517659498036,34.539015803734465,37.006088361144066
heisenberg_xxz_1d,16,256,0.0,,1.0,exchange,custom,False,full,16,0.01,1e-05,2,1.0,1000,300,280,False,0.08033745806962377,-0.08009110774192206,0.00024635032770170697,0.11477514151483774,0.11607916285594304,0.08033745806962377,3.363159619313805,0.3474750031459351,32.50216559966405,34.82374885678291
heisenberg_xxz_1d,16,256,0.0,,1.0,exchange,custom,False,full,16,0.01,1e-05,3,1.0,1000,300,280,False,0.08026820496193643,-0.08009110774192206,0.00017709722001437535,0.11361672673374415,0.1150747674703598,0.08026820496193643,1.7474105979796704,0.38742574273461927,32.22093489170074,34.52243024110794
heisenberg_xxz_1d,16,256,0.0,,1.0,exchange,custom,False,full,16,0.01,1e-05,4,1.0,1000,300,280,False,0.08009131104299116,-0.08009110774192206,2.0330106909885326e-07,0.11076247673481703,0.11266504619270563,0.08009131104299116,32.00107444803207,0.32500000005492413,31.546212933957577,33.79951385781169
heisenberg_xxz_1d,16,256,0.0,,1.0,exchange,custom,False,full,16,0.01,1e-05,5,1.0,1000,300,280,False,0.08043393309383574,-0.08009110774192206,0.0003428253519136849,0.11679765526205302,0.117477349092563,0.08043393309383574,2.671454855634356,0.4683488907274837,32.893657745917636,35.2432047277689
heisenberg_xxz_1d,16,256,0.0,,1.0,exchange,custom,False,full,16,0.01,1e-05,1,1.0,1000,300,280,False,0.07539386925114896,-0.0944181768465392,-0.01902430759539024,0.11108469516038895,0.11345804921040932,0.07539386925114896,4.122297356363522,0.4737752769938756,31.76825377891461,34.0374147631228
heisenberg_xxz_1d,16,256,0.0,,1.0,exchange,custom,False,full,16,0.01,1e-05,2,1.0,1000,300,280,False,0.07912099546330242,-0.0944181768465392,-0.015297181383236783,0.11268264502286911,0.1145162957534194,0.07912099546330242,2.5322227166440854,0.5402947064307433,32.06456281095743,34.35488872602582
heisenberg_xxz_1d,16,256,0.0,,1.0,exchange,custom,False,full,16,0.01,1e-05,3,1.0,1000,300,280,False,0.0796260146518963,-0.0944181768465392,-0.014792162194642916,0.11288436651229858,0.117037331374983,0.0796260146518963,4.306569061623101,0.8054028944487424,32.77045278499524,35.1111994124949
heisenberg_xxz_1d,16,256,0.0,,1.0,exchange,custom,False,full,16,0.01,1e-05,4,1.0,1000,300,280,False,0.07887791798655444,-0.0944181768465392,-0.01554025885998477,0.11345522254705429,0.11636696483939886,0.07887791798655444,0.44016600255574606,0.8165625694049871,32.58275015503168,34.91008945181966
heisenberg_xxz_1d,16,256,0.0,,1.0,exchange,custom,False,full,16,0.01,1e-05,5,1.0,1000,300,270,True,0.07881226053270449,-0.0944181768465392,-0.01560591631383472,0.11623897999525071,0.11629257642974457,0.07881020317491341,0.6591735961021057,0.7801800209785069,31.39899563603103,34.88777292892337
heisenberg_xxz_1d,16,256,0.0,,1.0,exchange,custom,False,full,16,0.01,1e-05,1,1.0,1000,300,0,True,0.17409348618718404,-0.11159838063463719,0.06249510555254686,0.11366801131516695,0.11464055793980757,0.06473544663465733,1.4691956922597313,0.8785054491693649,0.0,34.39216738194227
heisenberg_xxz_1d,16,256,0.0,,1.0,exchange,custom,False,full,16,0.01,1e-05,2,1.0,1000,300,0,True,0.17409474028023939,-0.11159838063463719,0.062496359645602205,0.11542729455977678,0.11939190694441398,0.06473000378014565,0.21142726832704964,0.6764075000102145,0.0,35.817572083324194
heisenberg_xxz_1d,16,256,0.0,,1.0,exchange,custom,False,full,16,0.01,1e-05,3,1.0,1000,300,0,True,0.1740963326411706,-0.11159838063463719,0.06249795200653342,0.11467762626707553,0.11524300136913856,0.06474794300412323,0.8487614677342162,0.7544207895015748,0.0,34.57290041074157
heisenberg_xxz_1d,16,256,0.0,,1.0,exchange,custom,False,full,16,0.01,1e-05,4,1.0,1000,300,0,True,0.17409543700206445,-0.11159838063463719,0.062497056367427264,0.11390494294464588,0.11602101399252812,0.06473742776346691,0.22785329045296515,0.8257009418071499,0.0,34.806304197758436
heisenberg_xxz_1d,16,256,0.0,,1.0,exchange,custom,False,full,16,0.01,1e-05,5,1.0,1000,300,0,True,0.174098904193016,-0.11159838063463719,0.06250052355837879,0.11560783125460147,0.11796408558885256,0.06489596304245085,1.5512907204326758,0.6430900715251149,0.0,35.38922567665577
heisenberg_xxz_1d,16,256,0.0,,1.0,exchange,custom,False,full,16,0.01,1e-05,1,1.0,1000,300,109,True,0.09229042495147359,-0.15479039844555795,-0.06249997349408436,0.1091711251065135,0.11183097083121538,0.09229042395624011,19.634555064188323,0.5030000000000002,12.189575820602476,33.549291249364614
heisenberg_xxz_1d,16,256,0.0,,1.0,exchange,custom,False,full,16,0.01,1e-05,2,1.0,1000,300,69,True,0.02992648407089646,-0.15479039844555795,-0.12486391437466149,0.11351086478680372,0.11426089783509573,0.029801812144078482,0.08501803398641808,0.943662535861982,7.884001950621605,34.27826935052872
heisenberg_xxz_1d,16,256,0.0,,1.0,exchange,custom,False,full,16,0.01,1e-05,3,1.0,1000,300,106,True,0.06106083217352294,-0.15479039844555795,-0.093729566272035,0.11408439856022597,0.11540759010861318,0.06104079273061205,0.1729544729765154,0.75130021255076,12.233204551512998,34.62227703258395
heisenberg_xxz_1d,16,256,0.0,,1.0,exchange,custom,False,full,16,0.01,1e-05,4,1.0,1000,300,223,True,0.061133736948143766,-0.15479039844555795,-0.09365666149741418,0.1120167499408126,0.11399424208949009,0.061050541849664894,9.174680268759635,0.5240000009558673,25.420715985956292,34.19827262684703
heisenberg_xxz_1d,16,256,0.0,,1.0,exchange,custom,False,full,16,0.01,1e-05,5,1.0,1000,300,115,True,0.06110572902959399,-0.15479039844555795,-0.09368466941596396,0.11393079552799464,0.11437724477301041,0.06104668647436462,5.2802842519398805,0.49201033244192227,13.153383148896197,34.313173431903124
heisenberg_xxz_1d,16,256,0.0,,1.0,gibbs,custom,False,full,16,0.01,1e-05,1,1.0,1000,300,280,False,0.0801898970774106,-0.08009110774192206,9.87893354885369e-05,0.024350011721253395,0.033150301078955335,0.0801898970774106,0.4988176772847314,0.16621273359414218,9.282084302107494,9.9450903236866
heisenberg_xxz_1d,16,256,0.0,,1.0,gibbs,custom,False,full,16,0.01,1e-05,1,1.0,1000,300,280,False,,-0.0944181768465392,,0.02851399090141058,0.02850511536002159,,,,7.981432300806045,8.551534608006477
heisenberg_xxz_1d,16,256,0.0,,1.0,gibbs,custom,False,full,16,0.01,1e-05,1,1.0,1000,300,0,True,0.17409424977762056,-0.11159838063463719,0.062495869142983385,0.04862583205103874,0.027949428694943587,0.06576848238604496,1.3898280298797616,0.43843021491916223,0.0,8.384828608483076
heisenberg_xxz_1d,16,256,0.0,,1.0,gibbs,custom,False,full,16,0.01,1e-05,1,1.0,1000,300,280,False,,-0.15479039844555795,,0.026646568439900875,0.02903046781818072,,,,8.128530989090601,8.709140345454216
heisenberg_xxz_1d,16,256,0.0,,1.0,lsb,custom,True,full,16,0.01,1e-05,1,1.0,1000,300,280,False,,-0.08009110774192206,,0.012559957988560199,0.018655820687611898,,0.0,,5.223629792531331,5.596746206283569
heisenberg_xxz_1d,16,256,0.0,,1.0,lsb,custom,True,full,16,0.01,1e-05,2,1.0,1000,300,280,False,,-0.08009110774192206,,0.012691125832498073,0.012910532330473264,,0.0,,3.614949052532514,3.873159699141979
heisenberg_xxz_1d,16,256,0.0,,1.0,lsb,custom,True,full,16,0.01,1e-05,3,1.0,1000,300,280,False,,-0.08009110774192206,,0.012615952454507352,0.012873415810366471,,0.0,,3.604556426902612,3.8620247431099415
heisenberg_xxz_1d,16,256,0.0,,1.0,lsb,custom,True,full,16,0.01,1e-05,4,1.0,1000,300,280,False,,-0.08009110774192206,,0.012901359796524048,0.012775266543030739,,0.0,,3.577074632048607,3.8325799629092216
heisenberg_xxz_1d,16,256,0.0,,1.0,lsb,custom,True,full,16,0.01,1e-05,5,1.0,1000,300,280,False,,-0.08009110774192206,,0.01268930807709694,0.012811953214307626,,0.0,,3.5873469000061355,3.843585964292288
heisenberg_xxz_1d,16,256,0.0,,1.0,lsb,custom,True,full,16,0.01,1e-05,1,1.0,1000,300,280,False,,-0.0944181768465392,,0.012835575640201569,0.012807707985242207,,0.0,,3.586158235867818,3.842312395572662
heisenberg_xxz_1d,16,256,0.0,,1.0,lsb,custom,True,full,16,0.01,1e-05,2,1.0,1000,300,280,False,,-0.0944181768465392,,0.012520385161042213,0.012922138211627802,,0.0,,3.6181986992557844,3.8766414634883404
heisenberg_xxz_1d,16,256,0.0,,1.0,lsb,custom,True,full,16,0.01,1e-05,3,1.0,1000,300,280,False,,-0.0944181768465392,,0.013357048109173774,0.012887064988414446,,0.0,,3.608378196756045,3.866119496524334
heisenberg_xxz_1d,16,256,0.0,,1.0,lsb,custom,True,full,16,0.01,1e-05,4,1.0,1000,300,280,False,,-0.0944181768465392,,0.012688276544213294,0.012807441540062428,,0.0,,3.58608363121748,3.8422324620187283
heisenberg_xxz_1d,16,256,0.0,,1.0,lsb,custom,True,full,16,0.01,1e-05,5,1.0,1000,300,280,False,,-0.0944181768465392,,0.012695677205920219,0.012807422677675883,,0.0,,3.5860783497492474,3.842226803302765
heisenberg_xxz_1d,16,256,0.0,,1.0,lsb,custom,True,full,16,0.01,1e-05,1,1.0,1000,300,280,False,,-0.11159838063463719,,0.012997349724173546,0.012722319116195042,,0.0,,3.5622493525346117,3.816695734858513
heisenberg_xxz_1d,16,256,0.0,,1.0,lsb,custom,True,full,16,0.01,1e-05,2,1.0,1000,300,0,True,0.17405913809834106,-0.11159838063463719,0.062460757463703866,0.012824556045234203,0.012834181723495324,,0.0,,0.0,3.8502545170485973
heisenberg_xxz_1d,16,256,0.0,,1.0,lsb,custom,True,full,16,0.01,1e-05,3,1.0,1000,300,0,True,0.17407779126054615,-0.11159838063463719,0.06247941062590897,0.012306248582899571,0.012913241672019163,,0.0,,0.0,3.873972501605749
heisenberg_xxz_1d,16,256,0.0,,1.0,lsb,custom,True,full,16,0.01,1e-05,4,1.0,1000,300,0,True,0.17408040344709297,-0.11159838063463719,0.062482022812455774,0.012633572146296502,0.0127650756513079,,0.0,,0.0,3.8295226953923702
heisenberg_xxz_1d,16,256,0.0,,1.0,lsb,custom,True,full,16,0.01,1e-05,5,1.0,1000,300,0,True,0.1740690440171239,-0.11159838063463719,0.06247066338248671,0.012558365426957607,0.012718558609485626,,0.0,,0.0,3.815567582845688
heisenberg_xxz_1d,16,256,0.0,,1.0,lsb,custom,True,full,16,0.01,1e-05,1,1.0,1000,300,280,False,,-0.15479039844555795,,0.013218322210013867,0.012755851658682028,,0.0,,3.5716384644309676,3.826755497604608
heisenberg_xxz_1d,16,256,0.0,,1.0,lsb,custom,True,full,16,0.01,1e-05,2,1.0,1000,300,280,False,,-0.15479039844555795,,0.013121479935944081,0.0129955796773235,,0.0,,3.6387623096505797,3.8986739031970497
heisenberg_xxz_1d,16,256,0.0,,1.0,lsb,custom,True,full,16,0.01,1e-05,3,1.0,1000,300,280,False,,-0.15479039844555795,,0.012940741330385207,0.012826456303397814,,0.0,,3.591407764951388,3.8479368910193443
heisenberg_xxz_1d,16,256,0.0,,1.0,lsb,custom,True,full,16,0.01,1e-05,4,1.0,1000,300,280,False,,-0.15479039844555795,,0.01263796966522932,0.012903821642200152,,0.0,,3.6130700598160423,3.8711464926600456
heisenberg_xxz_1d,16,256,0.0,,1.0,lsb,custom,True,full,16,0.01,1e-05,5,1.0,1000,300,280,False,,-0.15479039844555795,,0.012769647501409053,0.012756868377327918,,0.0,,3.5719231456518172,3.8270605131983753
heisenberg_xxz_1d,16,256,0.0,,1.0,metropolis,custom,False,full,16,0.01,1e-05,1,1.0,1000,300,280,False,0.08017531919173526,-0.08009110774192206,8.421144981319713e-05,0.08192446772009135,0.08761213306337595,0.08017531919173526,0.48194154492957486,0.48570238263872334,24.531397257745265,26.283639919012785
lr1d,16,16,0.5,0.5,1.0,gibbs,custom,False,full,16,0.01,1e-05,1,1.0,1000,300,18,True,0.0017859009313472285,-4.209561095930169,-4.207775194998821,0.026174223236739635,0.03436546084781488,1.151410240041173e-05,0.015219089340372496,0.9890193895821149,0.6185782952606679,10.309638254344465
lr1d,16,16,0.5,0.5,1.0,gibbs,custom,False,full,16,0.01,1e-05,2,1.0,1000,300,15,True,0.002556541345579255,-4.209561095930169,-4.207004554584589,0.026165346242487432,0.02899109922349453,3.427775641107189e-06,0.015419098695859652,0.9890131262671801,0.434866488352418,8.697329767048359
lr1d,16,16,0.5,0.5,1.0,gibbs,custom,False,full,16,0.01,1e-05,3,1.0,1000,300,18,True,0.00250069307182077,-4.209561095930169,-4.207060402858348,0.026549103669822216,0.02925211448222399,0.0008959304410467439,0.03001645727369212,0.9760268951856377,0.5265380606800318,8.775634344667196
lr1d,16,16,0.5,0.5,1.0,gibbs,custom,False,full,16,0.01,1e-05,4,1.0,1000,300,17,True,0.0024073611927963867,-4.209561095930169,-4.207153734737372,0.02677865922451019,0.029266956572731335,2.7123360775149763e-06,0.012677182971692435,0.987018467480265,0.4975382617364327,8.7800869718194
lr1d,16,16,0.5,0.5,1.0,gibbs,custom,False,full,16,0.01,1e-05,5,1.0,1000,300,20,True,0.0026312590742971764,-4.209561095930169,-4.206929836855871,0.029039436765015126,0.03023529956738154,1.3491169380763779e-05,0.017990161874468228,0.9790303741763701,0.6047059913476308,9.070589870214462
lr1d,16,16,0.5,1.0,1.0,gibbs,custom,False,full,16,0.01,1e-05,1,1.0,1000,300,28,True,0.002373008154741729,-2.678901120352397,-2.6765281121976554,0.0282658152282238,0.02907940046240886,1.2133490749910436e-06,0.017364923744412772,0.970132984987119,0.814223212947448,8.723820138722658
lr1d,16,16,0.5,1.0,1.0,gibbs,custom,False,full,16,0.01,1e-05,2,1.0,1000,300,29,True,0.001891229319312071,-2.678901120352397,-2.677009891033085,0.029835842736065387,0.03003930521508058,1.6386882557561933e-06,0.02125192468909568,0.9701233851621461,0.8711398512373368,9.011791564524174
lr1d,16,16,0.5,1.0,1.0,gibbs,custom,False,full,16,0.01,1e-05,3,1.0,1000,300,27,True,0.0016587317266321122,-2.678901120352397,-2.677242388625765,0.026569364219903947,0.029411071526507536,7.685270174473402e-06,0.042882002651013176,0.9531885598268651,0.7940989312157035,8.823321457952261
lr1d,16,16,0.5,1.0,1.0,gibbs,custom,False,full,16,0.01,1e-05,4,1.0,1000,300,30,True,0.0018507059372518953,-2.678901120352397,-2.6770504144151452,0.028912145271897317,0.029699403817454974,2.730969585140741e-06,0.02428705881145918,0.9641566511505666,0.8909821145236493,8.909821145236492
lr1d,16,16,0.5,1.0,1.0,gibbs,custom,False,full,16,0.01,1e-05,5,1.0,1000,300,30,True,0.002118411814192811,-2.678901120352397,-2.6767827085382043,0.028523554652929307,0.029831304053465527,2.262872254021886e-06,0.018433016057705812,0.9711042387383668,0.8949391216039658,8.949391216039658
lr1d,16,16,0.5,2.0,1.0,gibbs,custom,False,full,16,0.01,1e-05,1,1.0,1000,300,61,True,0.0015089385303443947,-1.5608349807254425,-1.559326042195098,0.030575923807919025,0.029188636814554532,2.9809846928463557e-05,0.042516495906827684,0.896315797400012,1.7805068456878264,8.75659104436636
lr1d,16,16,0.5,2.0,1.0,gibbs,custom,False,full,16,0.01,1e-05,2,1.0,1000,300,62,True,0.002050499886190771,-1.5608349807254425,-1.5587844808392517,0.024608937092125416,0.027717555624743304,1.672610978609157e-07,0.02747450494166239,0.9249600815090434,1.7184884487340848,8.31526668742299
lr1d,16,16,0.5,2.0,1.0,gibbs,custom,False,full,16,0.01,1e-05,3,1.0,1000,300,52,True,0.002059601617868445,-1.5608349807254425,-1.558775379107574,0.027615262381732463,0.029428306855261325,9.961501190147715e-06,0.0669301975260909,0.8953451352129257,1.530271956473589,8.828492056578398
lr1d,16,16,0.5,2.0,1.0,gibbs,custom,False,full,16,0.01,1e-05,4,1.0,1000,300,62,True,0.0026209089253186324,-1.5608349807254425,-1.5582140718001238,0.027120576426386832,0.029356604156394798,3.310880678952799e-05,0.07136711864256945,0.8992635631523942,1.8201094576964774,8.80698124691844
lr1d,16,16,0.5,2.0,1.0,gibbs,custom,False,full,16,0.01,1e-05,5,1.0,1000,300,62,True,0.002249344026267641,-1.5608349807254425,-1.5585856366991748,0.029960860125720502,0.028709997696181138,1.678699942653239e-05,0.03343014302402183,0.8993313293381485,1.7800198571632306,8.612999308854342
lr1d,16,16,0.5,3.0,1.0,gibbs,custom,False,full,16,0.01,1e-05,1,1.0,1000,300,94,True,0.0022412257938708713,-1.2468818463482458,-1.244640620554375,0.027859202213585378,0.028966988027095793,0.00010305450182790388,0.07650793331776459,0.8265145212834114,2.7228968745470046,8.690096408128738
lr1d,16,16,0.5,3.0,1.0,gibbs,custom,False,full,16,0.01,1e-05,2,1.0,1000,300,102,True,0.0025200865171661757,-1.2468818463482458,-1.2443617598310797,0.027536033280193807,0.028577778252462546,0.00014248777688719017,0.058460408630807224,0.8726347928521805,2.9149333817511796,8.573333475738764
lr1d,16,16,0.5,3.0,1.0,gibbs,custom,False,full,16,0.01,1e-05,3,1.0,1000,300,84,True,0.0018947960288913102,-1.2468818463482458,-1.2449870503193545,0.02683223467320204,0.028676221432785195,9.57545188089437e-05,0.06833339249386117,0.8422573829768714,2.4088026003539564,8.602866429835558
lr1d,16,16,0.5,3.0,1.0,gibbs,custom,False,full,16,0.01,1e-05,4,1.0,1000,300,102,True,0.0025605566658095658,-1.2468818463482458,-1.2443212896824363,0.027846595086157323,0.029017301785449187,8.00508638105768e-05,0.10593721538459,0.8273080735069928,2.9597647821158173,8.705190535634756
lr1d,16,16,0.5,3.0,1.0,gibbs,custom,False,full,16,0.01,1e-05,5,1.0,1000,300,107,True,0.0022361461300668406,-1.2468818463482458,-1.244645700218179,0.025694321654736996,0.028468751485149067,8.55655005569389e-05,0.04960060577090547,0.8491603824148568,3.0461564089109503,8.54062544554472
lr1d,16,16,1.0,0.5,1.0,gibbs,custom,False,full,16,0.01,1e-05,1,1.0,1000,300,17,True,0.0021058116569099283,-4.2542773227757475,-4.252171511118838,0.026525310054421426,0.02873561851680279,1.0012414043636397e-05,0.015979341581841538,0.9433995326700994,0.4885055147856474,8.620685555040836
lr1d,16,16,1.0,0.5,1.0,gibbs,custom,False,full,16,0.01,1e-05,2,1.0,1000,300,15,True,0.0021291082603003275,-4.2542773227757475,-4.252148214515447,0.027605874836444853,0.028534424789249897,2.587414816179745e-05,0.032376245063755055,0.9453684402670464,0.42801637183874847,8.560327436774969
lr1d,16,16,1.0,0.5,1.0,gibbs,custom,False,full,16,0.01,1e-05,3,1.0,1000,300,16,True,0.005828289485157789,-4.2542773227757475,-4.24844903329059,0.025292141176760197,0.029380997469027836,0.0036130830339615727,0.046323559260826735,0.9284692162972975,0.4700959595044454,8.814299240708351
lr1d,16,16,1.0,0.5,1.0,gibbs,custom,False,full,16,0.01,1e-05,4,1.0,1000,300,16,True,0.0028262926123829857,-4.2542773227757475,-4.251451030163365,0.027010604925453662,0.029348392486572266,2.106086949282826e-06,0.03735423196215404,0.9463579333147577,0.46957427978515626,8.80451774597168
lr1d,16,16,1.0,0.5,1.0,gibbs,custom,False,full,16,0.01,1e-05,5,1.0,1000,300,18,True,0.0030797852459070185,-4.2542773227757475,-4.2511975375298405,0.02651713863015175,0.028637967966496945,5.745784348754057e-06,0.028433275030510297,0.9473547660249895,0.515483423396945,8.591390389949083
lr1d,16,16,1.0,1.0,1.0,gibbs,custom,False,full,16,0.01,1e-05,1,1.0,1000,300,27,True,0.0024369567468927045,-2.7496143069524903,-2.7471773502055976,0.03042155522853136,0.02919076431542635,1.8021211494190226e-05,0.04840728041551622,0.873143255813547,0.7881506365165114,8.757229294627905
lr1d,16,16,1.0,1.0,1.0,gibbs,custom,False,full,16,0.01,1e-05,2,1.0,1000,300,29,True,0.002322938860293444,-2.7496143069524903,-2.747291368092197,0.025569008477032185,0.028849173424144586,5.932723250445804e-07,0.05050717642829243,0.8691908300907752,0.836626029300193,8.654752027243376
lr1d,16,16,1.0,1.0,1.0,gibbs,custom,False,full,16,0.01,1e-05,3,1.0,1000,300,26,True,0.0022442349525575445,-2.7496143069524903,-2.7473700719999328,0.03027367517352104,0.02901674414674441,7.58466715389261e-06,0.06630249376431523,0.8583387625504242,0.7544353478153546,8.705023244023323
lr1d,16,16,1.0,1.0,1.0,gibbs,custom,False,full,16,0.01,1e-05,4,1.0,1000,300,29,True,0.0017812727409065587,-2.7496143069524903,-2.7478330342115838,0.02642248347401619,0.027990969282885393,3.06243454541999e-05,0.05573944023025475,0.8534412730774357,0.8117381092036764,8.397290784865618
lr1d,16,16,1.0,1.0,1.0,gibbs,custom,False,full,16,0.01,1e-05,5,1.0,1000,300,30,True,0.001602178491340922,-2.7496143069524903,-2.7480121284611494,0.02855671849101782,0.029128512094418208,5.270617359265373e-05,0.06795954481006042,0.8838729903058187,0.8738553628325463,8.738553628325462
lr1d,16,16,1.0,2.0,1.0,gibbs,custom,False,full,16,0.01,1e-05,1,1.0,1000,300,65,True,0.0023730666339782935,-1.6857414302414493,-1.683368363607471,0.02784874215722084,0.028640382376809916,3.839091839408226e-05,0.20128289042438174,0.6650167245050099,1.8616248544926446,8.592114713042974
lr1d,16,16,1.0,2.0,1.0,gibbs,custom,False,full,16,0.01,1e-05,2,1.0,1000,300,71,True,0.0028282462337265724,-1.6857414302414493,-1.6829131840077227,0.025944320484995842,0.02871527144064506,1.8140841157698873e-05,0.1886859406545959,0.6464359744162672,2.0387842722857994,8.614581432193518
lr1d,16,16,1.0,2.0,1.0,gibbs,custom,False,full,16,0.01,1e-05,3,1.0,1000,300,55,True,0.002131797019803372,-1.6857414302414493,-1.683609633221646,0.028428827039897443,0.028407982202867665,9.918591572510849e-06,0.203912179554109,0.6458643480275669,1.5624390211577217,8.5223946608603
lr1d,16,16,1.0,2.0,1.0,gibbs,custom,False,full,16,0.01,1e-05,4,1.0,1000,300,69,True,0.0029378839178628713,-1.6857414302414493,-1.6828035463235864,0.025108183920383453,0.02805595731983582,8.314157124100774e-06,0.17063883105458882,0.6613469941950716,1.9358610550686717,8.416787195950747
lr1d,16,16,1.0,2.0,1.0,gibbs,custom,False,full,16,0.01,1e-05,5,1.0,1000,300,67,True,0.002907964593940271,-1.6857414302414493,-1.682833465647509,0.02429911997169256,0.02879354018718004,3.37219994479554e-05,0.1862991854436101,0.6531573261573969,1.9291671925410627,8.638062056154013
lr1d,16,16,1.0,3.0,1.0,gibbs,custom,False,full,16,0.01,1e-05,1,1.0,1000,300,113,True,0.005514926119249308,-1.4101252532957098,-1.4046103271764605,0.02592902462929487,0.028420557081699372,0.00012358182341043467,0.4567560546421543,0.4495439002970497,3.211522950232029,8.526167124509811
lr1d,16,16,1.0,3.0,1.0,gibbs,custom,False,full,16,0.01,1e-05,2,1.0,1000,300,115,True,0.007518377616775984,-1.4101252532957098,-1.4026068756789338,0.026148024760186673,0.029067774365345637,0.0001700165666078668,0.49610861020261054,0.44695399728460194,3.342794052014748,8.720332309603691
lr1d,16,16,1.0,3.0,1.0,gibbs,custom,False,full,16,0.01,1e-05,3,1.0,1000,300,90,True,0.005896027736204124,-1.4101252532957098,-1.4042292255595057,0.027619164809584616,0.0288301020860672,7.809361033728202e-05,0.4633109028039321,0.4667482901278378,2.594709187746048,8.64903062582016
lr1d,16,16,1.0,3.0,1.0,gibbs,custom,False,full,16,0.01,1e-05,4,1.0,1000,300,117,True,0.0066378856706446054,-1.4101252532957098,-1.4034873676250652,0.02603914272040129,0.028925308684508006,0.00011441989773297578,0.5018170160767635,0.4924243056636975,3.3842611160874365,8.677592605352402
lr1d,16,16,1.0,3.0,1.0,gibbs,custom,False,full,16,0.01,1e-05,5,1.0,1000,300,123,True,0.0053653287025190455,-1.4101252532957098,-1.4047599245931908,0.025364070571959017,0.02865916833281517,0.00021071205155975825,0.4967727942069464,0.48431877473812807,3.525077704936266,8.597750499844551
lr1d,16,16,2.0,0.5,1.0,gibbs,custom,False,full,16,0.01,1e-05,1,1.0,1000,300,17,True,0.0014657776665840672,-4.43334809419963,-4.431882316533046,0.026542773842811583,0.02852619480341673,1.6366455502847543e-05,0.09192675338856822,0.8088154942153563,0.4849453116580844,8.557858441025019
lr1d,16,16,2.0,0.5,1.0,gibbs,custom,False,full,16,0.01,1e-05,2,1.0,1000,300,15,True,0.0017015792569257115,-4.43334809419963,-4.431646514942704,0.02549476958811283,0.02789708785712719,5.391434735280143e-05,0.0790996447377543,0.8264563236302785,0.41845631785690784,8.369126357138157
lr1d,16,16,2.0,0.5,1.0,gibbs,custom,False,full,16,0.01,1e-05,3,1.0,1000,300,14,True,0.018059289106944654,-4.43334809419963,-4.415288805092685,0.02657774370163679,0.02880059118072192,1.4462348458366137e-05,0.12086375559336571,0.7419919686946007,0.4032082765301069,8.640177354216576
lr1d,16,16,2.0,0.5,1.0,gibbs,custom,False,full,16,0.01,1e-05,4,1.0,1000,300,15,True,0.002345669468558853,-4.43334809419963,-4.431002424731071,0.025800681672990322,0.029052061848342418,4.0479512652957794e-05,0.09127163872135141,0.8011347746945573,0.43578092772513627,8.715618554502726
lr1d,16,16,2.0,0.5,1.0,gibbs,custom,False,full,16,0.01,1e-05,5,1.0,1000,300,17,True,0.0029908087598435884,-4.43334809419963,-4.430357285439786,0.02646707035601139,0.028583899674316248,2.2292608213625442e-05,0.09004041679623186,0.7845431548883343,0.4859262944633762,8.575169902294874
lr1d,16,16,2.0,1.0,1.0,gibbs,custom,False,full,16,0.01,1e-05,1,1.0,1000,300,26,True,0.0023107589068507295,-3.033788576658123,-3.0314778177512722,0.027677942253649234,0.028931622294088206,3.4083281947427935e-05,0.21065173804880874,0.6059918910287693,0.7522221796462933,8.679486688226461
lr1d,16,16,2.0,1.0,1.0,gibbs,custom,False,full,16,0.01,1e-05,2,1.0,1000,300,28,True,0.003102850071551533,-3.033788576658123,-3.0306857265865714,0.02648782227188349,0.02954361981401841,1.6564980385158634e-05,0.246829875377526,0.5962643028272631,0.8272213547925155,8.863085944205523
lr1d,16,16,2.0,1.0,1.0,gibbs,custom,False,full,16,0.01,1e-05,3,1.0,1000,300,24,True,0.0022235419495832964,-3.033788576658123,-3.0315650347085397,0.025583884865045547,0.028586262054741383,1.7705862312311638e-05,0.2468411945499681,0.5846392260367865,0.6860702893137932,8.575878616422415
lr1d,16,16,2.0,1.0,1.0,gibbs,custom,False,full,16,0.01,1e-05,4,1.0,1000,300,28,True,0.0026740631173614027,-3.033788576658123,-3.0311145135407616,0.027755619399249552,0.029079485721886157,5.969503861447123e-06,0.2725412301720618,0.5809952643893691,0.8142256002128124,8.723845716565847
lr1d,16,16,2.0,1.0,1.0,gibbs,custom,False,full,16,0.01,1e-05,5,1.0,1000,300,28,True,0.001939721653546389,-3.033788576658123,-3.0318488550045766,0.026755794882774353,0.028421307305494945,2.9049115534807157e-05,0.2404081776193407,0.5787798206389839,0.7957966045538585,8.526392191648483
lr1d,16,16,2.0,2.0,1.0,gibbs,custom,False,full,16,0.01,1e-05,1,1.0,1000,300,37,True,0.006032254158625516,-2.22035059958748,-2.2143183454288544,0.025008988939225672,0.027944970950484274,1.0851622274099526e-05,2.1879860208582333,0.1348949809204609,1.0339639251679182,8.383491285145283
lr1d,16,16,2.0,2.0,1.0,gibbs,custom,False,full,16,0.01,1e-05,2,1.0,1000,300,46,True,0.007130822458607522,-2.22035059958748,-2.2132197771288724,0.025044742971658707,0.028811141128341357,1.8525367997845876e-05,2.3164356876323904,0.1290431756134326,1.3253124919037025,8.643342338502407
lr1d,16,16,2.0,2.0,1.0,gibbs,custom,False,full,16,0.01,1e-05,3,1.0,1000,300,30,True,0.003934852891946505,-2.22035059958748,-2.2164157466955334,0.02791851982474327,0.02958857872833808,8.930866046696906e-06,2.1929297910170966,0.12808203040244398,0.8876573618501424,8.876573618501425
lr1d,16,16,2.0,2.0,1.0,gibbs,custom,False,full,16,0.01,1e-05,4,1.0,1000,300,44,True,0.007773935267655574,-2.22035059958748,-2.2125766643198244,0.026339111477136613,0.02904140457510948,2.1489586968126417e-05,2.234727578703331,0.14422738492779377,1.277821801304817,8.712421372532845
lr1d,16,16,2.0,2.0,1.0,gibbs,custom,False,full,16,0.01,1e-05,5,1.0,1000,300,45,True,0.004854263694159755,-2.22035059958748,-2.21549633589332,0.027879500202834605,0.02844602217276891,4.94260951522385e-05,2.195797405631552,0.133874713448634,1.280070997774601,8.533806651830673
lr1d,16,16,2.0,3.0,1.0,gibbs,custom,False,full,16,0.01,1e-05,1,1.0,1000,300,24,True,0.0025668499926378985,-2.147214551870726,-2.144647701878088,0.02486728224903345,0.02843986055503289,5.528640483642988e-06,3.447667120098959,0.12206535696653442,0.6825566533207893,8.531958166509867
lr1d,16,16,2.0,3.0,1.0,gibbs,custom,False,full,16,0.01,1e-05,2,1.0,1000,300,24,True,0.0032551166406200593,-2.147214551870726,-2.143959435230106,0.02969869375228882,0.028903098354736964,4.372018497456054e-06,3.3450644328201,0.10586711523889653,0.6936743605136871,8.67092950642109
lr1d,16,16,2.0,3.0,1.0,gibbs,custom,False,full,16,0.01,1e-05,3,1.0,1000,300,26,True,0.003440535576336501,-2.147214551870726,-2.1437740162943895,0.025481822527945043,0.028899863697588443,8.340320126976053e-06,3.4144441186611685,0.11224439123832972,0.7513964561372996,8.669959109276533
lr1d,16,16,2.0,3.0,1.0,gibbs,custom,False,full,16,0.01,1e-05,4,1.0,1000,300,25,True,0.0026699071041491607,-2.147214551870726,-2.144544644766577,0.026576855033636094,0.027942220941185952,1.181095023206069e-05,3.477058758055338,0.10956668395303461,0.6985555235296488,8.382666282355785
lr1d,16,16,2.0,3.0,1.0,gibbs,custom,False,full,16,0.01,1e-05,5,1.0,1000,300,29,True,0.00345710868802529,-2.147214551870726,-2.1437574431827007,0.026313383504748343,0.02910755980759859,3.5964014624134677e-06,3.436324364530984,0.08559941779562419,0.8441192344203591,8.732267942279577
lr1d,16,16,3.044,0.5,1.0,gibbs,custom,False,full,16,0.01,1e-05,1,1.0,1000,300,16,True,0.002057458258445166,-4.74854443578647,-4.746486977528025,0.02680513858795166,0.028409193605184554,5.950292545531255e-05,0.22493212057800754,0.6176337325231188,0.45454709768295287,8.522758081555367
lr1d,16,16,3.044,0.5,1.0,gibbs,custom,False,full,16,0.01,1e-05,2,1.0,1000,300,13,True,0.00223679064454263,-4.74854443578647,-4.746307645141927,0.027720126323401928,0.02851834862182538,5.2237708460189936e-05,0.23016113841996902,0.6178311697257084,0.3707385320837299,8.555504586547613
lr1d,16,16,3.044,0.5,1.0,gibbs,custom,False,full,16,0.01,1e-05,3,1.0,1000,300,14,True,0.03620720091976626,-4.74854443578647,-4.712337234866704,0.027240816317498685,0.028758901258309683,6.67414968864577e-05,0.24426190821770843,0.5864885755867808,0.40262461761633556,8.627670377492905
lr1d,16,16,3.044,0.5,1.0,gibbs,custom,False,full,16,0.01,1e-05,4,1.0,1000,300,15,True,0.0014243017922321854,-4.74854443578647,-4.747120133994238,0.02818481866270304,0.028140991156299908,1.0775403278984186e-05,0.22305423602460422,0.5957070099135675,0.4221148673444986,8.442297346889973
lr1d,16,16,3.044,0.5,1.0,gibbs,custom,False,full,16,0.01,1e-05,5,1.0,1000,300,17,True,0.0020407885114046564,-4.74854443578647,-4.746503647275065,0.026269169338047505,0.02950552790115277,3.5862151400500863e-05,0.21891021901645072,0.6161406224167322,0.5015939743195971,8.851658370345831
lr1d,16,16,3.044,1.0,1.0,gibbs,custom,False,full,16,0.01,1e-05,1,1.0,1000,300,21,True,0.004061678161690008,-3.5407856962742814,-3.5367240181125914,0.027669146284461023,0.028458427054186664,5.148325744253057e-05,0.9757409785270903,0.3058562893695072,0.5976269681379199,8.537528116255999
lr1d,16,16,3.044,1.0,1.0,gibbs,custom,False,full,16,0.01,1e-05,2,1.0,1000,300,29,True,0.00410599306526116,-3.5407856962742814,-3.5366797032090203,0.028238144516944886,0.028889011231561502,1.2755023083510508e-05,0.9583283115614543,0.26773204295522074,0.8377813257152835,8.66670336946845
lr1d,16,16,3.044,1.0,1.0,gibbs,custom,False,full,16,0.01,1e-05,3,1.0,1000,300,21,True,0.002367683343541316,-3.5407856962742814,-3.53841801293074,0.028227804601192473,0.028592755359907945,1.9791069703067876e-06,0.9674201180160775,0.29467543907426247,0.6004478625580668,8.577826607972383
lr1d,16,16,3.044,1.0,1.0,gibbs,custom,False,full,16,0.01,1e-05,4,1.0,1000,300,26,True,0.004303595787707337,-3.5407856962742814,-3.536482100486574,0.027864277735352515,0.028456667140126228,3.614649460637054e-05,0.9253202248505266,0.28071089651835135,0.7398733456432819,8.537000142037868
lr1d,16,16,3.044,1.0,1.0,gibbs,custom,False,full,16,0.01,1e-05,5,1.0,1000,300,23,True,0.002902399645142939,-3.5407856962742814,-3.5378832966291385,0.027421390824019908,0.028467946536839008,4.193472961322442e-06,0.9996009108442263,0.29089067981024175,0.6547627703472972,8.540383961051702
lr1d,16,16,3.044,2.0,1.0,gibbs,custom,False,full,16,0.01,1e-05,1,1.0,1000,300,16,True,0.0015213468946839726,-3.1545844252094057,-3.1530630783147218,0.027384581603109838,0.028591791118184724,4.245560015103678e-06,3.8457551602036393,0.11534927794606989,0.4574686578909556,8.577537335455418
lr1d,16,16,3.044,2.0,1.0,gibbs,custom,False,full,16,0.01,1e-05,2,1.0,1000,300,14,True,0.002744114827450961,-3.1545844252094057,-3.151840310381955,0.024823085591197013,0.028420482849081358,9.919572101502183e-07,3.7436179944443264,0.14925934577875083,0.397886759887139,8.526144854724407
lr1d,16,16,3.044,2.0,1.0,gibbs,custom,False,full,16,0.01,1e-05,3,1.0,1000,300,23,True,0.0037912729178777305,-3.1545844252094057,-3.150793152291528,0.025998304598033428,0.028857146464288233,1.4073932792513233e-06,3.812470342290478,0.1389297375130935,0.6637143686786293,8.65714393928647
lr1d,16,16,3.044,2.0,1.0,gibbs,custom,False,full,16,0.01,1e-05,4,1.0,1000,300,13,True,0.002842828688707222,-3.1545844252094057,-3.1517415965206985,0.02980437073856592,0.029029080383479594,4.483890845285998e-06,3.7638306554295466,0.10537996844721195,0.37737804498523475,8.708724115043879
lr1d,16,16,3.044,2.0,1.0,gibbs,custom,False,full,16,0.01,1e-05,5,1.0,1000,300,21,True,0.0031035498854521393,-3.1545844252094057,-3.1514808753239536,0.027270076610147954,0.02821180028220018,4.390790564468006e-06,3.758003395145402,0.12583543383144674,0.5924478059262037,8.463540084660053
lr1d,16,16,3.044,3.0,1.0,gibbs,custom,False,full,16,0.01,1e-05,1,1.0,1000,300,13,True,0.002251362272158275,-3.1347646846166404,-3.132513322344482,0.028132538869977,0.028802761112650236,2.2349318258285678e-06,3.9503324276246765,0.5224002430324108,0.3744358944644531,8.64082833379507
lr1d,16,16,3.044,3.0,1.0,gibbs,custom,False,full,16,0.01,1e-05,2,1.0,1000,300,14,True,0.002094839868200804,-3.1347646846166404,-3.1326698447484396,0.027792312391102313,0.028749147976438204,5.078476186248793e-07,3.880984002724322,0.49732026087762626,0.40248807167013484,8.624744392931461
lr1d,16,16,3.044,3.0,1.0,gibbs,custom,False,full,16,0.01,1e-05,3,1.0,1000,300,18,True,0.0029955599393591825,-3.1347646846166404,-3.131769124677281,0.027570843137800692,0.02914316854129235,2.986804350513239e-06,3.89901847110958,0.5098638722672564,0.5245770337432623,8.742950562387705
lr1d,16,16,3.044,3.0,1.0,gibbs,custom,False,full,16,0.01,1e-05,4,1.0,1000,300,12,True,0.0021883034605902907,-3.1347646846166404,-3.13257638115605,0.02540498673915863,0.02856440673271815,6.432259302968646e-08,3.922446441368143,0.47081756805062397,0.3427728807926178,8.569322019815445
lr1d,16,16,3.044,3.0,1.0,gibbs,custom,False,full,16,0.01,1e-05,5,1.0,1000,300,18,True,0.0027628611800158964,-3.1347646846166404,-3.1320018234366245,0.027635563164949417,0.028365926072001457,4.556349243678426e-06,3.9233581432865177,0.4967748761841264,0.5105866692960263,8.509777821600437
lr1d,16,16,0.5,0.5,1.0,lsb,custom,True,full,16,0.01,1e-05,1,1.0,1000,300,41,True,6.394618887739512e-06,-4.209561095930169,-4.209567490549056,0.014114869013428687,0.019957861614724,0.00014317412053355127,0.018724586894840356,0.9959185047733997,0.8182723262036841,5.9873584844172
lr1d,16,16,0.5,0.5,1.0,lsb,custom,True,full,16,0.01,1e-05,2,1.0,1000,300,39,True,0.0017564329339778695,-4.209561095930169,-4.2113175288641465,0.013719095475971698,0.014045840774973234,3.1165203733252156e-05,0.021701477414300632,0.985809024923926,0.5477877902239561,4.21375223249197
lr1d,16,16,0.5,0.5,1.0,lsb,custom,True,full,16,0.01,1e-05,3,1.0,1000,300,31,True,0.0009295011227843375,-4.209561095930169,-4.208631594807384,0.014409560337662696,0.015097863972187042,6.098073540261595e-05,0.036170893489898936,0.9485035584913305,0.4680337831377983,4.529359191656113
lr1d,16,16,0.5,0.5,1.0,lsb,custom,True,full,16,0.01,1e-05,4,1.0,1000,300,12,True,0.0030927187212075324,-4.209561095930169,-4.212653814651376,0.01389525793492794,0.014649242907762528,0.00014815600101591997,0.015012273550352114,0.9975511543501435,0.17579091489315035,4.394772872328758
lr1d,16,16,0.5,0.5,1.0,lsb,custom,True,full,16,0.01,1e-05,5,1.0,1000,300,72,True,0.0017318175689187143,-4.209561095930169,-4.20782927836125,0.01400568224489689,0.014984273724257946,1.515810085361835e-05,0.014513616442131266,0.9999909515739653,1.078867708146572,4.495282117277384
lr1d,16,16,0.5,1.0,1.0,lsb,custom,True,full,16,0.01,1e-05,1,1.0,1000,300,41,True,0.0059492599666088886,-2.678901120352397,-2.6729518603857882,0.013203446380794048,0.014051240496337413,0.0003184836677272429,0.035295668510795526,0.9949044275428987,0.576100860349834,4.215372148901224
lr1d,16,16,0.5,1.0,1.0,lsb,custom,True,full,16,0.01,1e-05,2,1.0,1000,300,88,True,0.0008664241401015182,-2.678901120352397,-2.6797675444924987,0.014011628367006779,0.014080022685229778,0.0007537392572305457,0.03289984056583528,0.9991685589997304,1.2390419963002206,4.2240068055689335
lr1d,16,16,0.5,1.0,1.0,lsb,custom,True,full,16,0.01,1e-05,3,1.0,1000,300,49,True,0.0015366763853297272,-2.678901120352397,-2.6773644439670674,0.014704669080674648,0.01484523901094993,0.002381708730347487,0.030089888690794854,0.9963014659582212,0.7274167115365465,4.453571703284979
lr1d,16,16,0.5,1.0,1.0,lsb,custom,True,full,16,0.01,1e-05,4,1.0,1000,300,56,True,0.008199401005433149,-2.678901120352397,-2.670701719346964,0.014936155825853347,0.014790939924617608,0.0006492489486298325,0.03996009137745919,0.9977396584875252,0.828292635778586,4.4372819773852825
lr1d,16,16,0.5,1.0,1.0,lsb,custom,True,full,16,0.01,1e-05,5,1.0,1000,300,42,True,0.007968188965792322,-2.678901120352397,-2.670932931386605,0.013916162401437759,0.014727524643143019,0.00019416101955727072,0.03976563403930734,0.9999929229630343,0.6185560350120067,4.418257392942905
lr1d,16,16,0.5,2.0,1.0,lsb,custom,True,full,16,0.01,1e-05,1,1.0,1000,300,152,True,0.009759648634233287,-1.5608349807254425,-1.5510753320912092,0.011880088411271573,0.01259158325692018,0.006958620687287809,0.2476177195728552,0.945451433208188,1.9139206550518673,3.777474977076054
lr1d,16,16,0.5,2.0,1.0,lsb,custom,True,full,16,0.01,1e-05,2,1.0,1000,300,162,True,0.011697612376857514,-1.5608349807254425,-1.549137368348585,0.012978754937648773,0.013552853253980477,0.006498581385074864,0.4359017237371385,0.9066577758649628,2.1955622271448374,4.065855976194143
lr1d,16,16,0.5,2.0,1.0,lsb,custom,True,full,16,0.01,1e-05,3,1.0,1000,300,140,True,0.00803784243605632,-1.5608349807254425,-1.5527971382893861,0.013147306628525257,0.01364543108890454,0.003482776900163742,0.19406191005630646,0.9574130344457686,1.9103603524466355,4.093629326671362
lr1d,16,16,0.5,2.0,1.0,lsb,custom,True,full,16,0.01,1e-05,4,1.0,1000,300,181,True,0.0022623027392310036,-1.5608349807254425,-1.5585726779862115,0.013719403930008412,0.013823460340499878,0.0017076771789776846,0.16306974581476955,0.9880249634015063,2.502046321630478,4.147038102149963
lr1d,16,16,0.5,2.0,1.0,lsb,custom,True,full,16,0.01,1e-05,5,1.0,1000,300,162,True,0.00725169463907438,-1.5608349807254425,-1.553583286086368,0.013357002288103104,0.013617843948304653,0.000930718129194652,0.17525514474313805,0.9869294725361348,2.2060907196253536,4.085353184491396
lr1d,16,16,0.5,3.0,1.0,lsb,custom,True,full,16,0.01,1e-05,1,1.0,1000,300,248,True,0.009447542993412661,-1.2468818463482458,-1.2374343033548332,0.012014962546527386,0.012425053839882214,0.004520407500884671,1.2607465580648765,0.7881550184798529,3.081413352290789,3.7275161519646645
lr1d,16,16,0.5,3.0,1.0,lsb,custom,True,full,16,0.01,1e-05,2,1.0,1000,300,273,True,0.005951561236265723,-1.2468818463482458,-1.2409302851119801,0.0135814867913723,0.013675338464478652,0.005000371889233524,1.3653373224549274,0.7784038048375528,3.733367400802672,4.1026015393435955
lr1d,16,16,0.5,3.0,1.0,lsb,custom,True,full,16,0.01,1e-05,3,1.0,1000,300,262,True,0.008554751626172585,-1.2468818463482458,-1.2383270947220733,0.013154789619147778,0.013511854074895382,0.006540680547096445,1.6512882736123413,0.6434465238860534,3.54010576762259,4.053556222468615
lr1d,16,16,0.5,3.0,1.0,lsb,custom,True,full,16,0.01,1e-05,4,1.0,1000,300,267,True,0.01083296217940899,-1.2468818463482458,-1.2360488841688368,0.013084325380623341,0.013465797193348408,0.008603071830198372,1.462836092096584,0.7325844372535644,3.595367850624025,4.039739158004522
lr1d,16,16,0.5,3.0,1.0,lsb,custom,True,full,16,0.01,1e-05,5,1.0,1000,300,280,False,0.00835454625856813,-1.2468818463482458,-1.2385273000896777,0.013670745491981506,0.013651717094083627,0.00835454625856813,1.3256484846533911,0.7708679263669057,3.8224807863434154,4.095515128225088
lr1d,16,16,1.0,0.5,1.0,lsb,custom,True,full,16,0.01,1e-05,1,1.0,1000,300,49,True,0.0015571125368403216,-4.2542773227757475,-4.255834435312588,0.01341481450945139,0.014255233543614547,0.0028046204874847547,0.07594968453989563,0.9902110996678138,0.6985064436371128,4.276570063084364
lr1d,16,16,1.0,0.5,1.0,lsb,custom,True,full,16,0.01,1e-05,2,1.0,1000,300,22,True,0.012629849699944629,-4.2542773227757475,-4.241647473075803,0.013819136843085288,0.014098283884425957,0.016857373464322478,0.0637103520183236,0.9967161036694129,0.3101622454573711,4.229485165327787
lr1d,16,16,1.0,0.5,1.0,lsb,custom,True,full,16,0.01,1e-05,3,1.0,1000,300,20,True,0.0063527526313285065,-4.2542773227757475,-4.247924570144419,0.014972778595983982,0.014631387591362,0.15442610323856965,0.10033424825862075,0.9538836386580801,0.29262775182724,4.3894162774086
lr1d,16,16,1.0,0.5,1.0,lsb,custom,True,full,16,0.01,1e-05,4,1.0,1000,300,46,True,0.0002841584314765555,-4.2542773227757475,-4.254561481207224,0.0144809078425169,0.015003031057616075,0.000271540249000779,0.0585341128294992,0.9937931772192647,0.6901394286503395,4.5009093172848225
lr1d,16,16,1.0,0.5,1.0,lsb,custom,True,full,16,0.01,1e-05,5,1.0,1000,300,23,True,0.008388598044809292,-4.2542773227757475,-4.245888724730938,0.013976985588669777,0.01483303399135669,0.0006702875577557776,0.05286711185028545,0.9977279335755718,0.3411597818012039,4.449910197407007
lr1d,16,16,1.0,1.0,1.0,lsb,custom,True,full,16,0.01,1e-05,1,1.0,1000,300,41,True,0.013725102050401894,-2.7496143069524903,-2.7358892049020884,0.013811106234788895,0.01397171785434087,0.004072787314062243,4.256225851326898,0.234673981602875,0.5728404320279756,4.191515356302261
lr1d,16,16,1.0,1.0,1.0,lsb,custom,True,full,16,0.01,1e-05,2,1.0,1000,300,42,True,0.019951996837930697,-2.7496143069524903,-2.7296623101145596,0.012265470251441002,0.013504774284859498,0.021743479166717705,0.1059943010808938,0.9957376529548181,0.5672005199640989,4.0514322854578495
lr1d,16,16,1.0,1.0,1.0,lsb,custom,True,full,16,0.01,1e-05,3,1.0,1000,300,45,True,0.022589120606765434,-2.7496143069524903,-2.727025186345725,0.013969430327415466,0.014304714538156986,0.0034583779601700115,3.7269875764881877,0.23560132733462041,0.6437121542170644,4.291414361447096
lr1d,16,16,1.0,1.0,1.0,lsb,custom,True,full,16,0.01,1e-05,4,1.0,1000,300,45,True,0.011919723618490252,-2.7496143069524903,-2.737694583334,0.01503178123384714,0.014515473768115043,0.009094166150293681,0.17553729636683602,0.9910562445629574,0.653196319565177,4.354642130434513
lr1d,16,16,1.0,1.0,1.0,lsb,custom,True,full,16,0.01,1e-05,5,1.0,1000,300,51,True,0.0010367994998259356,-2.7496143069524903,-2.7485775074526644,0.014882667362689972,0.014648987911641598,0.0010186725224516913,0.1484398523497389,0.9998935992907846,0.7470983834937215,4.394696373492479
lr1d,16,16,1.0,2.0,1.0,lsb,custom,True,full,16,0.01,1e-05,1,1.0,1000,300,130,True,0.013103311189036626,-1.6857414302414493,-1.6726381190524127,0.012341358326375484,0.012490802245835464,0.004422404464676344,0.6428716110873272,0.8040179841622022,1.6238042919586102,3.747240673750639
lr1d,16,16,1.0,2.0,1.0,lsb,custom,True,full,16,0.01,1e-05,2,1.0,1000,300,139,True,0.01030694668602794,-1.6857414302414493,-1.6754344835554213,0.013002603314816952,0.01363594318429629,0.003745870081177438,0.749560906421658,0.8447818257150732,1.8953961026171842,4.090782955288887
lr1d,16,16,1.0,2.0,1.0,lsb,custom,True,full,16,0.01,1e-05,3,1.0,1000,300,120,True,0.015807968781706316,-1.6857414302414493,-1.669933461459743,0.013628347031772136,0.013618957201639812,0.003800326187201719,0.6523344931867492,0.8186119084521909,1.6342748641967775,4.085687160491943
lr1d,16,16,1.0,2.0,1.0,lsb,custom,True,full,16,0.01,1e-05,4,1.0,1000,300,152,True,0.012294220253784571,-1.6857414302414493,-1.6734472099876647,0.013477563299238682,0.013502133414149284,0.003747640538687591,0.855601616921409,0.7684779089460996,2.052324278950691,4.050640024244785
lr1d,16,16,1.0,2.0,1.0,lsb,custom,True,full,16,0.01,1e-05,5,1.0,1000,300,143,True,0.017323745023612558,-1.6857414302414493,-1.6684176852178367,0.013287123665213585,0.013395328981180985,0.006182556978167053,0.8268083627682539,0.7463835527296604,1.9155320443088808,4.018598694354296
lr1d,16,16,1.0,3.0,1.0,lsb,custom,True,full,16,0.01,1e-05,1,1.0,1000,300,146,True,0.034609277944026795,-1.4101252532957098,-1.375515975351683,0.012367366440594196,0.01255372470865647,0.0192429996443495,2.3721538876575603,0.26222982400811357,1.8328438074638447,3.7661174125969414
lr1d,16,16,1.0,3.0,1.0,lsb,custom,True,full,16,0.01,1e-05,2,1.0,1000,300,162,True,0.02977164589912995,-1.4101252532957098,-1.3803536073965799,0.01354382112622261,0.013558304756879807,0.007210508693805684,2.0665282929582456,0.3591336120364416,2.1964453706145286,4.067491427063942
lr1d,16,16,1.0,3.0,1.0,lsb,custom,True,full,16,0.01,1e-05,3,1.0,1000,300,179,True,0.019162009475291786,-1.4101252532957098,-1.390963243820418,0.013443076238036155,0.013597406608362993,0.017218393206344773,2.450062034723202,0.18528723458326807,2.4339357828969757,4.079221982508898
lr1d,16,16,1.0,3.0,1.0,lsb,custom,True,full,16,0.01,1e-05,4,1.0,1000,300,152,True,0.027891347879730022,-1.4101252532957098,-1.3822339054159798,0.013523868843913078,0.013622979608674844,0.02172255574216564,2.3748531232735086,0.2554657166132193,2.0706929005185764,4.086893882602453
lr1d,16,16,1.0,3.0,1.0,lsb,custom,True,full,16,0.01,1e-05,5,1.0,1000,300,179,True,0.020078643108046412,-1.4101252532957098,-1.3900466101876634,0.013577878661453723,0.013637484771509965,0.009433580492389293,2.324909471662904,0.23770656213375446,2.441109774100284,4.09124543145299
lr1d,16,16,2.0,0.5,1.0,lsb,custom,True,full,16,0.01,1e-05,1,1.0,1000,300,22,True,0.03166535656837777,-4.43334809419963,-4.401682737631252,0.013596417009830475,0.014110564899941285,0.01600674880612818,0.1981176383355882,0.9940767254223661,0.3104324277987083,4.233169469982386
lr1d,16,16,2.0,0.5,1.0,lsb,custom,True,full,16,0.01,1e-05,2,1.0,1000,300,24,True,0.03558410997195871,-4.43334809419963,-4.397763984227671,0.013667787052690982,0.014297064666946729,0.020675693951664798,0.2242952460889661,0.9937935884636324,0.34312955200672146,4.289119400084019
lr1d,16,16,2.0,0.5,1.0,lsb,custom,True,full,16,0.01,1e-05,3,1.0,1000,300,15,True,0.036385433821280344,-4.43334809419963,-4.39696266037835,0.013983674347400665,0.01440717718253533,0.018158391041671607,0.20087263207708028,0.9805201499185354,0.21610765773802995,4.322153154760599
lr1d,16,16,2.0,0.5,1.0,lsb,custom,True,full,16,0.01,1e-05,4,1.0,1000,300,30,True,0.0015961593794378004,-4.43334809419963,-4.434944253579068,0.014152980595827102,0.014437956946591536,0.0001442768163153474,0.24533441567746053,0.9945343486256502,0.4331387083977461,4.331387083977461
lr1d,16,16,2.0,0.5,1.0,lsb,custom,True,full,16,0.01,1e-05,5,1.0,1000,300,34,True,0.0010576642460913277,-4.43334809419963,-4.434405758445721,0.01402604691684246,0.014909705681105456,0.01562057258282934,4.941087989388967,0.14379384818612262,0.5069299931575855,4.472911704331636
lr1d,16,16,2.0,1.0,1.0,lsb,custom,True,full,16,0.01,1e-05,1,1.0,1000,300,37,True,0.004439737622710549,-3.033788576658123,-3.0293488390354124,0.012419537641108036,0.01297122127066056,0.004727418763670332,0.5787718934397479,0.9802679670301361,0.4799351870144407,3.891366381198168
lr1d,16,16,2.0,1.0,1.0,lsb,custom,True,full,16,0.01,1e-05,2,1.0,1000,300,52,True,0.0294105524588395,-3.033788576658123,-3.0043780241992835,0.0124690817669034,0.013152189080913862,0.009919932127986364,0.5464933621216999,0.9484826273437394,0.6839138322075209,3.9456567242741585
lr1d,16,16,2.0,1.0,1.0,lsb,custom,True,full,16,0.01,1e-05,3,1.0,1000,300,16,True,0.004792203783444915,-3.033788576658123,-3.028996372874678,0.013491256721317768,0.013870109108587107,0.005904092187183352,0.5369350801802757,0.9759453566928143,0.2219217457373937,4.161032732576132
lr1d,16,16,2.0,1.0,1.0,lsb,custom,True,full,16,0.01,1e-05,4,1.0,1000,300,24,True,0.0026692503063094897,-3.033788576658123,-3.0364578269644324,0.013666959293186665,0.01413708367695411,0.0013751013801632794,0.5359693029915662,0.9693487509770855,0.33929000824689864,4.241125103086233
lr1d,16,16,2.0,1.0,1.0,lsb,custom,True,full,16,0.01,1e-05,5,1.0,1000,300,23,True,0.0048440894649108834,-3.033788576658123,-3.028944487193212,0.014212164469063282,0.013975306414067745,0.003692565541382198,0.5964134019053247,0.982299785965554,0.32143204752355814,4.192591924220324
lr1d,16,16,2.0,2.0,1.0,lsb,custom,True,full,16,0.01,1e-05,1,1.0,1000,300,38,True,0.0014669764355117465,-2.22035059958748,-2.218883623151968,0.013728789798915387,0.012739209905266762,0.006384523637753325,2.2199902795665807,0.14762011724867435,0.48408997640013696,3.8217629715800285
lr1d,16,16,2.0,2.0,1.0,lsb,custom,True,full,16,0.01,1e-05,2,1.0,1000,300,40,True,0.003112770292410083,-2.22035059958748,-2.21723782929507,0.01355777122080326,0.013474426902830601,0.005373546833093545,2.164712916125154,0.17029927755685612,0.5389770761132241,4.04232807084918
lr1d,16,16,2.0,2.0,1.0,lsb,custom,True,full,16,0.01,1e-05,3,1.0,1000,300,29,True,0.0036623091438885425,-2.22035059958748,-2.2166882904435914,0.014121174812316895,0.013413361087441445,0.006319398399575071,2.146949549208096,0.1898130421214197,0.38898747153580193,4.024008326232433
lr1d,16,16,2.0,2.0,1.0,lsb,custom,True,full,16,0.01,1e-05,4,1.0,1000,300,41,True,0.004075474562085013,-2.22035059958748,-2.216275125025395,0.01292074155062437,0.013772545369962851,0.005546197299867828,2.276922488576547,0.13910377004602675,0.5646743601684769,4.131763610988855
lr1d,16,16,2.0,2.0,1.0,lsb,custom,True,full,16,0.01,1e-05,5,1.0,1000,300,29,True,0.011244324619799961,-2.22035059958748,-2.20910627496768,0.013708062283694745,0.013496680508057276,0.006139069146065879,2.2752530746226545,0.15614598309434158,0.39140373473366097,4.049004152417183
lr1d,16,16,2.0,3.0,1.0,lsb,custom,True,full,16,0.01,1e-05,1,1.0,1000,300,41,True,0.004962067557999106,-2.147214551870726,-2.152176619428725,0.012499027326703072,0.012616272618373236,0.0007625584372248362,2.6218999369867824,0.17924468747625627,0.5172671773533026,3.784881785511971
lr1d,16,16,2.0,3.0,1.0,lsb,custom,True,full,16,0.01,1e-05,2,1.0,1000,300,43,True,0.005223297519464598,-2.147214551870726,-2.1524378493901906,0.014083768799901008,0.01372260386745135,0.000571277328705655,2.6160787300500683,0.17328356267257433,0.590071966300408,4.116781160235405
lr1d,16,16,2.0,3.0,1.0,lsb,custom,True,full,16,0.01,1e-05,3,1.0,1000,300,17,True,0.00872376559289556,-2.147214551870726,-2.1559383174636215,0.01348748579621315,0.013630197023351987,0.0006142793588281847,2.6139745126931766,0.17857286485573265,0.2317133493969838,4.089059107005596
lr1d,16,16,2.0,3.0,1.0,lsb,custom,True,full,16,0.01,1e-05,4,1.0,1000,300,41,True,0.006053819142602723,-2.147214551870726,-2.1532683710133287,0.01332478951662779,0.013373336344957352,0.0003494500098812914,2.705381406730731,0.16459840260270014,0.5483067901432515,4.0120009034872055
lr1d,16,16,2.0,3.0,1.0,lsb,custom,True,full,16,0.01,1e-05,5,1.0,1000,300,26,True,0.003016060788354036,-2.147214551870726,-2.15023061265908,0.013217657059431075,0.013600291535258293,0.00045103643840560537,2.7058292805001245,0.17084688527223194,0.3536075799167156,4.080087460577488
lr1d,16,16,3.044,0.5,1.0,lsb,custom,True,full,16,0.01,1e-05,1,1.0,1000,300,28,True,0.0408795107200044,-4.74854443578647,-4.7076649250664655,0.013301648758351802,0.013736701036492983,0.013496121821752638,0.540984562456633,0.9754399626330245,0.38462762902180353,4.121010310947895
lr1d,16,16,3.044,0.5,1.0,lsb,custom,True,full,16,0.01,1e-05,2,1.0,1000,300,18,True,0.019316579323526817,-4.74854443578647,-4.729227856462943,0.013984897546470166,0.014174778945744038,0.020374924583534515,0.5562023866935327,0.9748190346581258,0.2551460210233927,4.252433683723211
lr1d,16,16,3.044,0.5,1.0,lsb,custom,True,full,16,0.01,1e-05,3,1.0,1000,300,46,True,0.04642711358348173,-4.74854443578647,-4.702117322202988,0.014015088230371476,0.013821313753724099,0.0030156668944103515,1.4592183747232164,0.6694470729575341,0.6357804326713086,4.1463941261172295
lr1d,16,16,3.044,0.5,1.0,lsb,custom,True,full,16,0.01,1e-05,4,1.0,1000,300,23,True,0.042119969255066,-4.74854443578647,-4.706424466531404,0.014212266728281974,0.014172423953811327,0.009360803921108385,0.5463014583151982,0.9831432606375227,0.3259657509376605,4.251727186143398
lr1d,16,16,3.044,0.5,1.0,lsb,custom,True,full,16,0.01,1e-05,5,1.0,1000,300,11,True,0.06380358471953063,-4.74854443578647,-4.684740851066939,0.014377140626311301,0.014335804221530756,0.008943966047916696,0.5628210089848869,0.9540041133374568,0.15769384643683831,4.300741266459227
lr1d,16,16,3.044,1.0,1.0,lsb,custom,True,full,16,0.01,1e-05,1,1.0,1000,300,28,True,0.006841571045508754,-3.5407856962742814,-3.5339441252287727,0.01314855795353651,0.01246569278339545,0.008219234688777277,1.3611170865552535,0.8802220774762812,0.3490393979350726,3.739707835018635
lr1d,16,16,3.044,1.0,1.0,lsb,custom,True,full,16,0.01,1e-05,2,1.0,1000,300,37,True,0.00158219739405574,-3.5407856962742814,-3.5392034988802257,0.01245722994208336,0.01319502132634322,0.008311752317028187,1.2083181066896969,0.8360222371372581,0.4882157890746991,3.958506397902966
lr1d,16,16,3.044,1.0,1.0,lsb,custom,True,full,16,0.01,1e-05,3,1.0,1000,300,22,True,0.018570870123027827,-3.5407856962742814,-3.5222148261512536,0.013419724814593793,0.013611368921895822,0.009305405844956205,1.3672094856997994,0.893046935533871,0.2994501162817081,4.083410676568747
lr1d,16,16,3.044,1.0,1.0,lsb,custom,True,full,16,0.01,1e-05,4,1.0,1000,300,37,True,0.004971200869127834,-3.5407856962742814,-3.5457568971434092,0.01315115373581648,0.01345624353736639,0.005239090991583595,1.3252785795539226,0.8806799823255582,0.49788101088255643,4.036873061209917
lr1d,16,16,3.044,1.0,1.0,lsb,custom,True,full,16,0.01,1e-05,5,1.0,1000,300,20,True,0.009704531472427114,-3.5407856962742814,-3.5310811648018543,0.013933253288269044,0.013558965859313805,0.008455145830915,1.3206065208361413,0.8968562312918547,0.2711793171862761,4.067689757794142
lr1d,16,16,3.044,2.0,1.0,lsb,custom,True,full,16,0.01,1e-05,1,1.0,1000,300,22,True,0.004108692058494068,-3.1545844252094057,-3.1586931172679,0.012726828828454018,0.012647857094804446,0.0003938632806885778,3.0641332691273626,0.20599616238804505,0.27825285608569783,3.7943571284413338
lr1d,16,16,3.044,2.0,1.0,lsb,custom,True,full,16,0.01,1e-05,2,1.0,1000,300,30,True,0.005387554816901119,-3.1545844252094057,-3.159971980026307,0.013256332464516163,0.013568750768899917,0.0003730097378089603,3.041508829578528,0.20689576998753775,0.40706252306699753,4.070625230669975
lr1d,16,16,3.044,2.0,1.0,lsb,custom,True,full,16,0.01,1e-05,3,1.0,1000,300,37,True,0.008546874331947674,-3.1545844252094057,-3.146037550877458,0.013782129809260368,0.013657777942717076,0.0006569865561978361,3.017181227825659,0.20581977265124038,0.5053377838805319,4.097333382815123
lr1d,16,16,3.044,2.0,1.0,lsb,custom,True,full,16,0.01,1e-05,4,1.0,1000,300,28,True,0.005329121863376862,-3.1545844252094057,-3.1599135470727826,0.01361872274428606,0.013526799281438191,0.0006065018066876426,3.040210164639144,0.19550318076541678,0.3787503798802694,4.0580397844314575
lr1d,16,16,3.044,2.0,1.0,lsb,custom,True,full,16,0.01,1e-05,5,1.0,1000,300,30,True,0.005714646032570325,-3.1545844252094057,-3.1488697791768354,0.013910625129938126,0.013626931694646677,0.00022896636965930028,3.0031546692686817,0.20184182520568494,0.4088079508394003,4.088079508394003
lr1d,16,16,3.044,3.0,1.0,lsb,custom,True,full,16,0.01,1e-05,1,1.0,1000,300,24,True,0.004405410357144479,-3.1347646846166404,-3.139170094973785,0.012122099101543427,0.01255155511200428,4.402923737023556e-05,3.2310193489684282,0.5109561481232079,0.3012373226881027,3.765466533601284
lr1d,16,16,3.044,3.0,1.0,lsb,custom,True,full,16,0.01,1e-05,2,1.0,1000,300,27,True,0.004524079979973283,-3.1347646846166404,-3.1392887645966137,0.01302897185087204,0.013480402119457722,7.974683131850568e-05,3.209300528371805,0.541895307098009,0.3639708572253585,4.0441206358373165
lr1d,16,16,3.044,3.0,1.0,lsb,custom,True,full,16,0.01,1e-05,3,1.0,1000,300,23,True,0.004606371523400821,-3.1347646846166404,-3.1301583130932396,0.013637536764144897,0.013555730395019054,0.00020909714966910187,3.2610042827043046,0.51383025357435,0.31178179908543824,4.066719118505716
lr1d,16,16,3.044,3.0,1.0,lsb,custom,True,full,16,0.01,1e-05,4,1.0,1000,300,26,True,0.004222778465933885,-3.1347646846166404,-3.1389874630825743,0.01344504188746214,0.013364683017134666,9.590374286450043e-05,3.2187269184439824,0.5483311641475807,0.34748175844550133,4.0094049051404
lr1d,16,16,3.044,3.0,1.0,lsb,custom,True,full,16,0.01,1e-05,5,1.0,1000,300,22,True,0.004152482672055591,-3.1347646846166404,-3.130612201944585,0.013690210692584515,0.013511205526689688,0.00012514505862393221,3.269994486691596,0.5745655720145736,0.29724652158717313,4.0533616580069065
lr1d,16,16,0.5,0.5,1.0,metropolis,custom,False,full,16,0.01,1e-05,1,1.0,1000,300,19,True,0.0016320585048843483,-4.209561095930169,-4.207929037425284,0.07422808818519115,0.07773413640757401,4.982491351945839e-06,0.015675286867358872,0.9890192409977344,1.4769485917439062,23.320240922272202
lr1d,16,16,0.5,0.5,1.0,metropolis,custom,False,full,16,0.01,1e-05,2,1.0,1000,300,15,True,0.0020501951575448984,-4.209561095930169,-4.207510900772624,0.0754476547241211,0.07562195307264725,8.355631357481741e-06,0.0144330657525839,0.9938942856786732,1.134329296089709,22.686585921794176
lr1d,16,16,0.5,0.5,1.0,metropolis,custom,False,full,16,0.01,1e-05,3,1.0,1000,300,17,True,0.0030719357435780026,-4.209561095930169,-4.206489160186591,0.08077660389244556,0.07974728974203268,0.0008896327160670126,0.017354438541849974,0.9910090597058683,1.3557039256145555,23.924186922609806
lr1d,16,16,0.5,0.5,1.0,metropolis,custom,False,full,16,0.01,1e-05,4,1.0,1000,300,17,True,0.00204450972713488,-4.209561095930169,-4.207516586203034,0.07529255952686072,0.0756754024202625,3.1758243181911894e-06,0.02265267416833779,0.9850211468647587,1.2864818411444623,22.70262072607875
lr1d,16,16,0.5,0.5,1.0,metropolis,custom,False,full,16,0.01,1e-05,5,1.0,1000,300,19,True,0.002412548782613655,-4.209561095930169,-4.207148547147555,0.07524912152439356,0.07571095855285724,5.439989278599455e-06,0.013444137494611895,0.98600506049235,1.4385082125042876,22.713287565857172
lr1d,16,16,0.5,1.0,1.0,metropolis,custom,False,full,16,0.01,1e-05,1,1.0,1000,300,29,True,0.002068159420289817,-2.678901120352397,-2.6768329609321073,0.07578663695603609,0.07569683069984118,2.6377072379624167e-06,0.01832780553093198,0.973106239824616,2.1952080902953943,22.709049209952354
lr1d,16,16,0.5,1.0,1.0,metropolis,custom,False,full,16,0.01,1e-05,2,1.0,1000,300,30,True,0.0016931820103689432,-2.678901120352397,-2.677207938342028,0.0762128982692957,0.07657623725632827,3.3433393715753823e-06,0.019955529504884613,0.965922971528396,2.297287117689848,22.97287117689848
lr1d,16,16,0.5,1.0,1.0,metropolis,custom,False,full,16,0.01,1e-05,3,1.0,1000,300,25,True,0.002197530684358462,-2.678901120352397,-2.6767035896680387,0.07645251210778951,0.07581122133880853,1.846173974939802e-05,0.02153003989824879,0.9691312531756913,1.8952805334702134,22.74336640164256
lr1d,16,16,0.5,1.0,1.0,metropolis,custom,False,full,16,0.01,1e-05,4,1.0,1000,300,29,True,0.0020743898727677568,-2.678901120352397,-2.6768267304796294,0.07645994238555431,0.07642142279694478,3.3166840434084577e-06,0.025270933390372112,0.9701064863940467,2.2162212611113987,22.926426839083433
lr1d,16,16,0.5,1.0,1.0,metropolis,custom,False,full,16,0.01,1e-05,5,1.0,1000,300,29,True,0.002212276931267798,-2.678901120352397,-2.6766888434211293,0.07643899582326412,0.07619604917864005,1.6929914133712032e-05,0.01450093319854133,0.9651540527045559,2.2096854261805614,22.858814753592014
lr1d,16,16,0.5,2.0,1.0,metropolis,custom,False,full,16,0.01,1e-05,1,1.0,1000,300,58,True,0.001862796968483238,-1.5608349807254425,-1.5589721837569592,0.08083000164479018,0.08213153378417094,8.083014079396378e-06,0.0314390467602011,0.91213782299808,4.763628959481915,24.639460135251284
lr1d,16,16,0.5,2.0,1.0,metropolis,custom,False,full,16,0.01,1e-05,1,1.0,1000,5,-15,False,0.944930425328097,-1.5608349807254425,-0.6159045553973455,0.4323392497997702,0.4323392497997702,0.944930425328097,3.18469722282277,0.16552048345948298,-6.485088746996553,2.161696248998851
lr1d,16,16,0.5,2.0,1.0,metropolis,custom,False,full,16,0.01,1e-05,2,1.0,1000,300,60,True,0.002562898719488782,-1.5608349807254425,-1.5582720820059537,0.08904955368489027,0.08941101239373286,2.820732235742085e-05,0.04533327982650356,0.9012508961443466,5.364660743623972,26.82330371811986
lr1d,16,16,0.5,2.0,1.0,metropolis,custom,False,full,16,0.01,1e-05,3,1.0,1000,300,52,True,0.0017640609585474198,-1.5608349807254425,-1.559070919766895,0.07867059204727411,0.08614835675805807,3.0123841333606904e-05,0.03284045928366734,0.9072246849412493,4.479714551419019,25.84450702741742
lr1d,16,16,0.5,2.0,1.0,metropolis,custom,False,full,16,0.01,1e-05,4,1.0,1000,300,62,True,0.0022855076163206256,-1.5608349807254425,-1.5585494731091218,0.07887949030846357,0.07944594903538625,3.0706929443846676e-05,0.02461379614624706,0.8963838279960065,4.925648840193948,23.833784710615877
lr1d,16,16,0.5,2.0,1.0,metropolis,custom,False,full,16,0.01,1e-05,5,1.0,1000,300,65,True,0.0016866784566420545,-1.5608349807254425,-1.5591483022688004,0.07812685947865247,0.08176788079241912,1.3456596632321904e-05,0.06353148764132185,0.8902786700425256,5.314912251507242,24.530364237725735
lr1d,16,16,0.5,3.0,1.0,metropolis,custom,False,full,16,0.01,1e-05,1,1.0,1000,300,90,True,0.002986974848485202,-1.2468818463482458,-1.2438948714997606,0.08926082663238048,0.08949607204645872,1.4514799528742017e-05,0.04734567575939566,0.8550033057304298,8.054646484181285,26.848821613937616
lr1d,16,16,0.5,3.0,1.0,metropolis,custom,False,full,16,0.01,1e-05,2,1.0,1000,300,105,True,0.0020174035329187934,-1.2468818463482458,-1.244864442815327,0.08435425516217947,0.08595828248808782,4.4746720573973775e-05,0.06624227040694332,0.8402659080643459,9.025619661249221,25.787484746426344
lr1d,16,16,0.5,3.0,1.0,metropolis,custom,False,full,16,0.01,1e-05,3,1.0,1000,300,85,True,0.0018457037515826613,-1.2468818463482458,-1.2450361425966632,0.08207579925656319,0.0831428467358152,5.179536293953291e-05,0.05379193915714332,0.8383032741578371,7.0671419725442925,24.942854020744562
lr1d,16,16,0.5,3.0,1.0,metropolis,custom,False,full,16,0.01,1e-05,4,1.0,1000,300,99,True,0.0027915347249005684,-1.2468818463482458,-1.2440903116233453,0.08872130885720253,0.08917815732459228,0.00013798970775580344,0.059414380958135254,0.8403910639690326,8.828637575134636,26.75344719737768
lr1d,16,16,0.5,3.0,1.0,metropolis,custom,False,full,16,0.01,1e-05,5,1.0,1000,300,103,True,0.0022597859419040134,-1.2468818463482458,-1.2446220604063418,0.08801525086164474,0.08901037618517876,4.349933758818203e-05,0.08868226555941051,0.8342439089572348,9.168068747073413,26.70311285555363
lr1d,16,16,1.0,0.5,1.0,metropolis,custom,False,full,16,0.01,1e-05,1,1.0,1000,300,18,True,0.0019302124477986737,-4.2542773227757475,-4.252347110327949,0.07465213052928447,0.07494184335072836,7.467256203597117e-06,0.018962203348872067,0.9563124041457074,1.3489531803131105,22.482553005218506
lr1d,16,16,1.0,0.5,1.0,metropolis,custom,False,full,16,0.01,1e-05,2,1.0,1000,300,14,True,0.002007016981395715,-4.2542773227757475,-4.252270305794352,0.0753034807741642,0.07523823574185372,7.275547954321837e-06,0.020569281263280524,0.9503347798301909,1.053335300385952,22.571470722556114
lr1d,16,16,1.0,0.5,1.0,metropolis,custom,False,full,16,0.01,1e-05,3,1.0,1000,300,16,True,0.005882708000930492,-4.2542773227757475,-4.248394614774817,0.0770420104265213,0.0756464069460829,0.0036475612242741207,0.021376771386967384,0.9513160046364412,1.2103425111373265,22.693922083824873
lr1d,16,16,1.0,0.5,1.0,metropolis,custom,False,full,16,0.01,1e-05,4,1.0,1000,300,15,True,0.0026455346223466236,-4.2542773227757475,-4.251631788153401,0.07541567049920558,0.07524207963297765,8.200082078246851e-06,0.026824008287976455,0.9503464003450864,1.1286311944946648,22.572623889893293
lr1d,16,16,1.0,0.5,1.0,metropolis,custom,False,full,16,0.01,1e-05,5,1.0,1000,300,18,True,0.0025135658848993714,-4.2542773227757475,-4.251763756890848,0.07554799318313599,0.07524384966741006,1.0822383877062691e-05,0.03130319703636198,0.9443636612570663,1.354389294013381,22.573154900223017
lr1d,16,16,1.0,1.0,1.0,metropolis,custom,False,full,16,0.01,1e-05,1,1.0,1000,300,28,True,0.0023723428054549522,-2.7496143069524903,-2.7472419641470354,0.07770996950566769,0.07782309394329787,4.18229995191588e-05,0.03104965791557174,0.8879485958608061,2.17904663041234,23.34692818298936
lr1d,16,16,1.0,1.0,1.0,metropolis,custom,False,full,16,0.01,1e-05,2,1.0,1000,300,29,True,0.0021270847618364286,-2.7496143069524903,-2.747487222190654,0.07879570126533508,0.07938280077030262,1.1148489980072895e-06,0.048661252430236994,0.8701229574867371,2.302101222338776,23.814840231090784
lr1d,16,16,1.0,1.0,1.0,metropolis,custom,False,full,16,0.01,1e-05,3,1.0,1000,300,25,True,0.001790310646234694,-2.7496143069524903,-2.7478239963062556,0.07880226187407971,0.08107437118887902,1.8610952609687814e-05,0.043511566601835264,0.8820131951913557,2.0268592797219753,24.322311356663704
lr1d,16,16,1.0,1.0,1.0,metropolis,custom,False,full,16,0.01,1e-05,4,1.0,1000,300,29,True,0.002369283113268672,-2.7496143069524903,-2.7472450238392216,0.07834638692438603,0.07992298101385434,2.3581369499314775e-05,0.046165934301651314,0.8672688746089736,2.317766449401776,23.9768943041563
lr1d,16,16,1.0,1.0,1.0,metropolis,custom,False,full,16,0.01,1e-05,5,1.0,1000,300,29,True,0.0018557988944314374,-2.7496143069524903,-2.747758508058059,0.07786487620323897,0.0780274902159969,1.6759184816805828e-05,0.07260467423646189,0.8651455963139308,2.2627972162639103,23.40824706479907
lr1d,16,16,1.0,2.0,1.0,metropolis,custom,False,full,16,0.01,1e-05,1,1.0,1000,300,62,True,0.002972972157981202,-1.6857414302414493,-1.682768458083468,0.08634082973003387,0.08729776877909899,3.0107575497151373e-06,0.17546895851310512,0.6588167220234883,5.412461664304137,26.189330633729696
lr1d,16,16,1.0,2.0,1.0,metropolis,custom,False,full,16,0.01,1e-05,2,1.0,1000,300,71,True,0.0030576565912034948,-1.6857414302414493,-1.6826837736502458,0.08783793319016694,0.08954777777194976,6.260830181958887e-05,0.19588813453126427,0.6546677724356691,6.3578922218084335,26.86433333158493
lr1d,16,16,1.0,2.0,1.0,metropolis,custom,False,full,16,0.01,1e-05,3,1.0,1000,300,55,True,0.002336756506719606,-1.6857414302414493,-1.6834046737347297,0.08750896025449037,0.08777388736605644,5.605358113203174e-05,0.18909704412563813,0.6352029144076363,4.827563805133105,26.332166209816933
lr1d,16,16,1.0,2.0,1.0,metropolis,custom,False,full,16,0.01,1e-05,4,1.0,1000,300,71,True,0.0025505130029879197,-1.6857414302414493,-1.6831909172384614,0.08581463638693095,0.08702524717897177,3.7265263097552292e-06,0.17282670324080082,0.6632804036969104,6.178792549706995,26.10757415369153
lr1d,16,16,1.0,2.0,1.0,metropolis,custom,False,full,16,0.01,1e-05,5,1.0,1000,300,69,True,0.0026519751044598028,-1.6857414302414493,-1.6830894551369895,0.08253510780632496,0.08566298504670461,0.00018605488902023737,0.2198147427206095,0.6477294563314205,5.910745968222618,25.698895514011383
lr1d,16,16,1.0,3.0,1.0,metropolis,custom,False,full,16,0.01,1e-05,1,1.0,1000,300,113,True,0.005548737462542475,-1.4101252532957098,-1.4045765158331673,0.09010190106928348,0.08993301097303628,0.00017755684066278477,0.5141677973768216,0.47680844457324395,10.1624302399531,26.979903291910887
lr1d,16,16,1.0,3.0,1.0,metropolis,custom,False,full,16,0.01,1e-05,2,1.0,1000,300,124,True,0.005545027536288272,-1.4101252532957098,-1.4045802257594215,0.08987842667847872,0.0899985649685065,8.821826895122342e-05,0.43956625619264916,0.4623909656920936,11.159822056094805,26.99956949055195
lr1d,16,16,1.0,3.0,1.0,metropolis,custom,False,full,16,0.01,1e-05,3,1.0,1000,300,94,True,0.004468292875591251,-1.4101252532957098,-1.4056569604201186,0.08964075278490782,0.0892686474447449,0.00012885451455391106,0.44421099632499345,0.43889804803203286,8.39125285980602,26.78059423342347
lr1d,16,16,1.0,3.0,1.0,metropolis,custom,False,full,16,0.01,1e-05,4,1.0,1000,300,122,True,0.0058705936541654236,-1.4101252532957098,-1.4042546596415444,0.0900923291221261,0.08985799686362346,0.00013486351759595117,0.4757850922126956,0.4769641415656882,10.962675617362063,26.957399059087038
lr1d,16,16,1.0,3.0,1.0,metropolis,custom,False,full,16,0.01,1e-05,5,1.0,1000,300,114,True,0.006899005496298294,-1.4101252532957098,-1.4032262477994115,0.08635757844895124,0.08798086011161407,0.00017156343707713795,0.46610621897875193,0.4615288995484983,10.029818052724004,26.39425803348422
lr1d,16,16,2.0,0.5,1.0,metropolis,custom,False,full,16,0.01,1e-05,1,1.0,1000,300,18,True,0.0019663100402471656,-4.43334809419963,-4.431381784159383,0.0776667281985283,0.07745686278988918,8.038385394648628e-06,0.07941809358091424,0.8206832553841784,1.3942235302180053,23.237058836966757
lr1d,16,16,2.0,0.5,1.0,metropolis,custom,False,full,16,0.01,1e-05,2,1.0,1000,300,13,True,0.0024498267015093944,-4.43334809419963,-4.4308982674981205,0.07780082281678916,0.07776944242417812,6.85719069553059e-05,0.07447563068162759,0.8021044185330457,1.0110027515143156,23.330832727253433
lr1d,16,16,2.0,0.5,1.0,metropolis,custom,False,full,16,0.01,1e-05,3,1.0,1000,300,15,True,0.01692788885873675,-4.43334809419963,-4.416420205340893,0.07721035592257977,0.07722260627895594,0.014895099600581219,0.05578899541669969,0.8148525064717671,1.1583390941843392,23.16678188368678
lr1d,16,16,2.0,0.5,1.0,metropolis,custom,False,full,16,0.01,1e-05,4,1.0,1000,300,14,True,0.0024775412581039546,-4.43334809419963,-4.430870552941526,0.07807220816612244,0.07784608545402685,2.0604539731294835e-05,0.07264179672430679,0.8022731261358624,1.089845196356376,23.353825636208057
lr1d,16,16,2.0,0.5,1.0,metropolis,custom,False,full,16,0.01,1e-05,5,1.0,1000,300,18,True,0.002132542210650179,-4.43334809419963,-4.43121555198898,0.07680104672908783,0.07728539189944665,3.1455076017650185e-05,0.09898085573847046,0.7874371330588701,1.3911370541900396,23.185617569833994
lr1d,16,16,2.0,1.0,1.0,metropolis,custom,False,full,16,0.01,1e-05,1,1.0,1000,300,26,True,0.0025399375627928045,-3.033788576658123,-3.03124863909533,0.08327811993658543,0.08330951516826947,1.0449754391128607e-05,0.23962880701764086,0.5921364007114541,2.1660473943750063,24.99285455048084
lr1d,16,16,2.0,1.0,1.0,metropolis,custom,False,full,16,0.01,1e-05,2,1.0,1000,300,29,True,0.0023832393128926377,-3.033788576658123,-3.0314053373452303,0.08475338388234377,0.08605758763849736,5.968273837275717e-05,0.25961307994629534,0.581651622241153,2.4956700415164232,25.817276291549206
lr1d,16,16,2.0,1.0,1.0,metropolis,custom,False,full,16,0.01,1e-05,3,1.0,1000,300,23,True,0.0016166371092705134,-3.033788576658123,-3.0321719395488524,0.0843068415299058,0.08341476868838071,1.4194681045687219e-05,0.2598189510398887,0.5554664606876494,1.9185396798327563,25.024430606514215
lr1d,16,16,2.0,1.0,1.0,metropolis,custom,False,full,16,0.01,1e-05,4,1.0,1000,300,30,True,0.002108360934194309,-3.033788576658123,-3.0316802157239287,0.08313298802822829,0.08396831907331943,1.1724936079815507e-06,0.23642616374593112,0.5964828427388125,2.519049572199583,25.19049572199583
lr1d,16,16,2.0,1.0,1.0,metropolis,custom,False,full,16,0.01,1e-05,5,1.0,1000,300,27,True,0.002613439501923054,-3.033788576658123,-3.0311751371562,0.0825117725878954,0.08322908808787664,3.958470649756407e-05,0.23620975864495328,0.5866921432082329,2.247185378372669,24.96872642636299
lr1d,16,16,2.0,2.0,1.0,metropolis,custom,False,full,16,0.01,1e-05,1,1.0,1000,300,32,True,0.007713356951340344,-2.22035059958748,-2.2126372426361396,0.08963930755853652,0.08964979366709788,3.505392913139005e-05,2.2650466195750916,0.12996959950432685,2.8687933973471322,26.894938100129366
lr1d,16,16,2.0,2.0,1.0,metropolis,custom,False,full,16,0.01,1e-05,2,1.0,1000,300,47,True,0.006672738759176067,-2.22035059958748,-2.213677860828304,0.08971981052309275,0.08959815472364425,1.3648912000618907e-07,2.1359470685468276,0.1412318514759165,4.21111327201128,26.879446417093277
lr1d,16,16,2.0,2.0,1.0,metropolis,custom,False,full,16,0.01,1e-05,3,1.0,1000,300,32,True,0.0031907784936966443,-2.22035059958748,-2.2171598210937833,0.08975488729774952,0.08955567322671414,2.321132059890374e-07,2.1984558580457483,0.12650747895674297,2.8657815432548523,26.86670196801424
lr1d,16,16,2.0,2.0,1.0,metropolis,custom,False,full,16,0.01,1e-05,4,1.0,1000,300,42,True,0.008797060448965333,-2.22035059958748,-2.2115535391385146,0.08904541172087192,0.08895695292701324,1.6877567433404295e-05,2.1954744286253405,0.12866459921983556,3.736192022934556,26.68708587810397
lr1d,16,16,2.0,2.0,1.0,metropolis,custom,False,full,16,0.01,1e-05,5,1.0,1000,300,47,True,0.0048828760944408245,-2.22035059958748,-2.215467723493039,0.08996796142309904,0.08974996951719125,4.4087466976261425e-05,2.188224197014491,0.1406335721535216,4.218248567307989,26.924990855157375
lr1d,16,16,2.0,3.0,1.0,metropolis,custom,False,full,16,0.01,1e-05,1,1.0,1000,300,23,True,0.0024233880981952005,-2.147214551870726,-2.1447911637725308,0.0897601094096899,0.08957110761354367,5.536103699466111e-06,3.4436089749163643,0.1052119810711234,2.0601354751115046,26.8713322840631
lr1d,16,16,2.0,3.0,1.0,metropolis,custom,False,full,16,0.01,1e-05,2,1.0,1000,300,26,True,0.002796539328332681,-2.147214551870726,-2.1444180125423933,0.08946340214461088,0.08955365993082523,8.498756671748708e-07,3.4396753167780143,0.09616449833779851,2.328395158201456,26.86609797924757
lr1d,16,16,2.0,3.0,1.0,metropolis,custom,False,full,16,0.01,1e-05,3,1.0,1000,300,26,True,0.0033431865855364507,-2.147214551870726,-2.1438713652851895,0.08963840343058109,0.08961184594780207,6.529405761401819e-06,3.5099402390275927,0.12421701893284398,2.329907994642854,26.88355378434062
lr1d,16,16,2.0,3.0,1.0,metropolis,custom,False,full,16,0.01,1e-05,4,1.0,1000,300,25,True,0.0027054644362407565,-2.147214551870726,-2.144509087434485,0.08953226506710052,0.08963526275008916,2.599933413005573e-06,3.4835911640780215,0.0894678699049232,2.240881568752229,26.89057882502675
lr1d,16,16,2.0,3.0,1.0,metropolis,custom,False,full,16,0.01,1e-05,5,1.0,1000,300,28,True,0.003886442534858592,-2.147214551870726,-2.1433281093358674,0.08974653258919715,0.08969667486846447,8.966769681428843e-06,3.394391844538017,0.1064779042916324,2.5115068963170053,26.90900246053934
lr1d,16,16,3.044,0.5,1.0,metropolis,custom,False,full,16,0.01,1e-05,1,1.0,1000,300,17,True,0.0021623085613748927,-4.74854443578647,-4.746382127225095,0.08199959173798561,0.08320287581533194,3.37985856342371e-05,0.22398697505058604,0.624043501674269,1.414448888860643,24.96086274459958
lr1d,16,16,3.044,0.5,1.0,metropolis,custom,False,full,16,0.01,1e-05,2,1.0,1000,300,12,True,0.002726792890197949,-4.74854443578647,-4.745817642896272,0.08267467245459556,0.08432243208090465,2.5339743075392107e-05,0.23812190958209925,0.6040371689766315,1.0118691849708559,25.296729624271393
lr1d,16,16,3.044,0.5,1.0,metropolis,custom,False,full,16,0.01,1e-05,3,1.0,1000,300,14,True,0.037439118689071904,-4.74854443578647,-4.711105317097398,0.07992008421570063,0.08372593622654677,8.919475141500044e-05,0.31536821894008593,0.4788494886706115,1.1721631071716547,25.11778086796403
lr1d,16,16,3.044,0.5,1.0,metropolis,custom,False,full,16,0.01,1e-05,4,1.0,1000,300,13,True,0.002398608801475355,-4.74854443578647,-4.7461458269849945,0.08322538435459137,0.08372257944196462,1.3201544331487014e-05,0.21120214192930467,0.6146354619611307,1.08839353274554,25.116773832589388
lr1d,16,16,3.044,0.5,1.0,metropolis,custom,False,full,16,0.01,1e-05,5,1.0,1000,300,17,True,0.0025554379851495668,-4.74854443578647,-4.74598899780132,0.08047407325357199,0.08292859241366386,5.7350354301100026e-05,0.22079855024478778,0.6093806415646039,1.4097860710322856,24.87857772409916
lr1d,16,16,3.044,1.0,1.0,metropolis,custom,False,full,16,0.01,1e-05,1,1.0,1000,300,22,True,0.002560540058594629,-3.5407856962742814,-3.538225156215687,0.08819361701607704,0.0891985356559356,3.994087156566906e-06,0.9247570520122479,0.28723522005686075,1.9623677844305834,26.75956069678068
lr1d,16,16,3.044,1.0,1.0,metropolis,custom,False,full,16,0.01,1e-05,2,1.0,1000,300,27,True,0.004918035160688561,-3.5407856962742814,-3.535867661113593,0.08939761407673359,0.0897039412955443,3.588742649185406e-05,0.8857614763503024,0.29237567222120225,2.4220064149796965,26.911182388663292
lr1d,16,16,3.044,1.0,1.0,metropolis,custom,False,full,16,0.01,1e-05,3,1.0,1000,300,20,True,0.002942912845343759,-3.5407856962742814,-3.5378427834289377,0.08899166472256184,0.08972990963608027,1.023055197180156e-05,0.9382535402388416,0.27329610000702664,1.7945981927216055,26.91897289082408
lr1d,16,16,3.044,1.0,1.0,metropolis,custom,False,full,16,0.01,1e-05,4,1.0,1000,300,27,True,0.004045420099048513,-3.5407856962742814,-3.536740276175233,0.08875741139054298,0.08901784556607405,8.82371763166745e-06,0.9005478912934699,0.2820764184627453,2.403481830283999,26.705353669822212
lr1d,16,16,3.044,1.0,1.0,metropolis,custom,False,full,16,0.01,1e-05,5,1.0,1000,300,23,True,0.003484854945881022,-3.5407856962742814,-3.5373008413284004,0.08808397259563208,0.08950748437394698,2.0215073311735665e-05,0.9974243139054548,0.293946241038347,2.0586721406007804,26.852245312184095
lr1d,16,16,3.044,2.0,1.0,metropolis,custom,False,full,16,0.01,1e-05,1,1.0,1000,300,17,True,0.0024666701666258284,-3.1545844252094057,-3.15211775504278,0.08987516090273857,0.08987273655831814,4.236275003677292e-06,3.7843207807680788,0.16363999740100754,1.5278365214914083,26.96182096749544
lr1d,16,16,3.044,2.0,1.0,metropolis,custom,False,full,16,0.01,1e-05,2,1.0,1000,300,15,True,0.0021411806271447453,-3.1545844252094057,-3.152443244582261,0.0901604587212205,0.08996339883655309,1.4295773778094656e-06,3.8127422812363205,0.1595365982556586,1.3494509825482963,26.989019650965925
lr1d,16,16,3.044,2.0,1.0,metropolis,custom,False,full,16,0.01,1e-05,3,1.0,1000,300,24,True,0.003995141665734447,-3.1545844252094057,-3.1505892835436713,0.0903317604213953,0.08995465341955423,1.5903524794858015e-06,3.7620594423902745,0.17306549278736272,2.1589116820693017,26.98639602586627
lr1d,16,16,3.044,2.0,1.0,metropolis,custom,False,full,16,0.01,1e-05,4,1.0,1000,300,13,True,0.0023034564603050534,-3.1545844252094057,-3.1522809687491007,0.0895385468378663,0.08933407594760259,2.5030073107501494e-06,3.820559657569611,0.11763964914951089,1.1613429873188337,26.800222784280777
lr1d,16,16,3.044,2.0,1.0,metropolis,custom,False,full,16,0.01,1e-05,5,1.0,1000,300,23,True,0.0029384124485720697,-3.1545844252094057,-3.1516460127608337,0.08992130253463984,0.08988739854345719,6.349733291610704e-06,3.712972924446944,0.15492890282557015,2.0674101664995153,26.966219563037157
lr1d,16,16,3.044,3.0,1.0,metropolis,custom,False,full,16,0.01,1e-05,1,1.0,1000,300,12,True,0.002705839884447947,-3.1347646846166404,-3.1320588447321924,0.08987707458436489,0.09001999178280433,1.9972247229382845e-06,3.920554033659906,0.5289826597085341,1.080239901393652,27.0059975348413
lr1d,16,16,3.044,3.0,1.0,metropolis,custom,False,full,16,0.01,1e-05,2,1.0,1000,300,14,True,0.001783092762183358,-3.1347646846166404,-3.132981591854457,0.08993654232472181,0.08990345228463412,1.2819354702209296e-06,3.9240152999471345,0.43867090973674194,1.2586483319848776,26.971035685390234
lr1d,16,16,3.044,3.0,1.0,metropolis,custom,False,full,16,0.01,1e-05,3,1.0,1000,300,18,True,0.002704381231067199,-3.1347646846166404,-3.132060303385573,0.0898811349645257,0.0899228522926569,2.7014784294010497e-06,3.928289573306631,0.5299343762867397,1.6186113412678242,26.97685568779707
lr1d,16,16,3.044,3.0,1.0,metropolis,custom,False,full,16,0.01,1e-05,4,1.0,1000,300,13,True,0.0019623950221046016,-3.1347646846166404,-3.1328022895945358,0.09005147404968739,0.08993099554131428,3.58791422794269e-07,3.9391840905082507,0.43539374496836597,1.1691029420370858,26.979298662394285
lr1d,16,16,3.044,3.0,1.0,metropolis,custom,False,full,16,0.01,1e-05,5,1.0,1000,300,17,True,0.0035706877030090567,-3.1347646846166404,-3.1311939969136313,0.09020283799618482,0.09003868024796248,1.1683653933225457e-06,3.9238940337427346,0.40306688967164916,1.5306575642153621,27.011604074388742
lr1d,25,25,0.5,0.5,1.0,gibbs,custom,False,full,25,0.01,1e-05,1,1.0,1000,300,13,True,,,-5.620432011870229,0.03491941932588816,0.040206150896847245,,,0.9878987526641096,0.5226799616590142,12.061845269054174
lr1d,25,25,0.5,0.5,1.0,gibbs,custom,False,full,25,0.01,1e-05,2,1.0,1000,300,13,True,,,-5.61968157513147,0.03369563575834036,0.03498091244449218,,,0.9910067906776127,0.4547518617783984,10.494273733347654
lr1d,25,25,0.5,0.5,1.0,gibbs,custom,False,full,25,0.01,1e-05,3,1.0,1000,300,14,True,,,-5.620137603034543,0.032438430935144424,0.0354108705619971,,,0.9859617287942364,0.4957521878679594,10.623261168599129
lr1d,25,25,0.5,0.5,1.0,gibbs,custom,False,full,25,0.01,1e-05,4,1.0,1000,300,13,True,,,-5.620052315695861,0.032427065819501874,0.035092944875359536,,,0.9860070414595021,0.45620828337967395,10.52788346260786
lr1d,25,25,0.5,0.5,1.0,gibbs,custom,False,full,25,0.01,1e-05,5,1.0,1000,300,17,True,,,-5.6188084844534645,0.030567793920636178,0.034450724037985006,,,0.9900086522878094,0.5856623086457451,10.335217211395502
lr1d,25,25,0.5,1.0,1.0,gibbs,custom,False,full,25,0.01,1e-05,1,1.0,1000,300,27,True,,,-3.1216737781541664,0.03175281006842852,0.03417221841712793,,,0.9681004500463956,0.922649897262454,10.251665525138378
lr1d,25,25,0.5,1.0,1.0,gibbs,custom,False,full,25,0.01,1e-05,2,1.0,1000,300,25,True,,,-3.1208615029211613,0.033099787309765816,0.03538807873924573,,,0.9541324109191709,0.8847019684811432,10.61642362177372
lr1d,25,25,0.5,1.0,1.0,gibbs,custom,False,full,25,0.01,1e-05,3,1.0,1000,300,26,True,,,-3.1213208991792047,0.032331756129860875,0.03426505826413631,,,0.9650714217962908,0.890891514867544,10.279517479240893
lr1d,25,25,0.5,1.0,1.0,gibbs,custom,False,full,25,0.01,1e-05,4,1.0,1000,300,26,True,,,-3.121783238569737,0.03197491243481636,0.034272681524356204,,,0.9567515047937336,0.8910897196332613,10.281804457306862
lr1d,25,25,0.5,1.0,1.0,gibbs,custom,False,full,25,0.01,1e-05,5,1.0,1000,300,24,True,,,-3.1208134056336077,0.031526573747396466,0.03455340607712666,,,0.961004736154105,0.8292817458510399,10.366021823137999
lr1d,25,25,0.5,2.0,1.0,gibbs,custom,False,full,25,0.01,1e-05,1,1.0,1000,300,66,True,,,-1.6029474801529893,0.0369018767029047,0.03586442799617847,,,0.8564083614259992,2.367052247747779,10.75932839885354
lr1d,25,25,0.5,2.0,1.0,gibbs,custom,False,full,25,0.01,1e-05,2,1.0,1000,300,64,True,,,-1.6029826449523932,0.033217267133295536,0.035169048060973485,,,0.8518019678226398,2.250819075902303,10.550714418292046
lr1d,25,25,0.5,2.0,1.0,gibbs,custom,False,full,25,0.01,1e-05,3,1.0,1000,300,61,True,,,-1.6030489617704895,0.03636513091623783,0.035810681221385796,,,0.8461068200063824,2.1844515545045335,10.743204366415739
lr1d,25,25,0.5,2.0,1.0,gibbs,custom,False,full,25,0.01,1e-05,4,1.0,1000,300,64,True,,,-1.603057616440563,0.030466578714549542,0.03523201112945874,,,0.8428529493158795,2.2548487122853595,10.569603338837624
lr1d,25,25,0.5,2.0,1.0,gibbs,custom,False,full,25,0.01,1e-05,5,1.0,1000,300,52,True,,,-1.6029162949424847,0.03427391275763512,0.036140765634675824,,,0.8486336985228097,1.8793198130031428,10.842229690402748
lr1d,25,25,0.5,3.0,1.0,gibbs,custom,False,full,25,0.01,1e-05,1,1.0,1000,300,126,True,,,-1.2494580418588583,0.034537761472165585,0.0351760949815313,,,0.7488316100589603,4.432187967672943,10.552828494459389
lr1d,25,25,0.5,3.0,1.0,gibbs,custom,False,full,25,0.01,1e-05,2,1.0,1000,300,119,True,,,-1.2489486515021693,0.030467073805630206,0.036049388162791726,,,0.7808767357398843,4.289877191372216,10.814816448837519
lr1d,25,25,0.5,3.0,1.0,gibbs,custom,False,full,25,0.01,1e-05,3,1.0,1000,300,109,True,,,-1.2491975487073745,0.033732639625668526,0.03567151765028636,,,0.7368814201363996,3.8881954238812133,10.701455295085907
lr1d,25,25,0.5,3.0,1.0,gibbs,custom,False,full,25,0.01,1e-05,4,1.0,1000,300,110,True,,,-1.248835123410658,0.037150679156184196,0.03567763193200032,,,0.7447575659764124,3.924539512520035,10.703289579600096
lr1d,25,25,0.5,3.0,1.0,gibbs,custom,False,full,25,0.01,1e-05,5,1.0,1000,300,85,True,,,-1.2487718883594994,0.03241984657943249,0.03520604982972145,,,0.7603922373204197,2.9925142355263232,10.561814948916433
lr1d,25,25,1.0,0.5,1.0,gibbs,custom,False,full,25,0.01,1e-05,1,1.0,1000,300,12,True,,,-5.653349978251911,0.03397820256650448,0.03426518694808086,,,0.9571681211090866,0.4111822433769703,10.279556084424257
lr1d,25,25,1.0,0.5,1.0,gibbs,custom,False,full,25,0.01,1e-05,2,1.0,1000,300,12,True,,,-5.652966935410669,0.03583060782402754,0.034808320589363576,,,0.9471332381619045,0.4176998470723629,10.442496176809072
lr1d,25,25,1.0,0.5,1.0,gibbs,custom,False,full,25,0.01,1e-05,3,1.0,1000,300,14,True,,,-5.653962748591,0.03633727859705686,0.03486666172742844,,,0.9501371214568424,0.4881332641839981,10.45999851822853
lr1d,25,25,1.0,0.5,1.0,gibbs,custom,False,full,25,0.01,1e-05,4,1.0,1000,300,13,True,,,-5.653856259304591,0.03415734954178333,0.03503509978453318,,,0.9531819604803098,0.4554562971989314,10.510529935359955
lr1d,25,25,1.0,0.5,1.0,gibbs,custom,False,full,25,0.01,1e-05,5,1.0,1000,300,16,True,,,-5.648114928057728,0.032142597064375875,0.03377416993180911,,,0.9495678287472588,0.5403867189089457,10.132250979542732
lr1d,25,25,1.0,1.0,1.0,gibbs,custom,False,full,25,0.01,1e-05,1,1.0,1000,300,26,True,,,-3.181745225561209,0.033293713629245755,0.03534354760001103,,,0.8596411433714243,0.9189322376002867,10.60306428000331
lr1d,25,25,1.0,1.0,1.0,gibbs,custom,False,full,25,0.01,1e-05,2,1.0,1000,300,25,True,,,-3.181388293807796,0.03510741032660007,0.035816121933360895,,,0.8545593979937796,0.8954030483340224,10.744836580008268
lr1d,25,25,1.0,1.0,1.0,gibbs,custom,False,full,25,0.01,1e-05,3,1.0,1000,300,26,True,,,-3.1819311678011966,0.031919695623219016,0.03590738276640574,,,0.8448112222290396,0.9335919519265492,10.772214829921722
lr1d,25,25,1.0,1.0,1.0,gibbs,custom,False,full,25,0.01,1e-05,4,1.0,1000,300,24,True,,,-3.1814533004982275,0.0336845064535737,0.03535746182004611,,,0.8487140281213555,0.8485790836811066,10.607238546013832
lr1d,25,25,1.0,1.0,1.0,gibbs,custom,False,full,25,0.01,1e-05,5,1.0,1000,300,24,True,,,-3.181956780177582,0.03526586703956127,0.035798278960088886,,,0.8486598874375604,0.8591586950421333,10.739483688026667
lr1d,25,25,1.0,2.0,1.0,gibbs,custom,False,full,25,0.01,1e-05,1,1.0,1000,300,74,True,,,-1.7239236543217509,0.035250026546418664,0.036757255817453066,,,0.5333702467381757,2.720036930491527,11.02717674523592
lr1d,25,25,1.0,2.0,1.0,gibbs,custom,False,full,25,0.01,1e-05,2,1.0,1000,300,71,True,,,-1.7236134303980553,0.035198790952563286,0.03571256663650274,,,0.5253286331601432,2.5355922311916945,10.713769990950823
lr1d,25,25,1.0,2.0,1.0,gibbs,custom,False,full,25,0.01,1e-05,3,1.0,1000,300,67,True,,,-1.7232614573399914,0.03564454540610314,0.03572414824118217,,,0.5265990706813417,2.3935179321592055,10.71724447235465
lr1d,25,25,1.0,2.0,1.0,gibbs,custom,False,full,25,0.01,1e-05,4,1.0,1000,300,69,True,,,-1.7235347217698247,0.03435804527252913,0.03565890412777662,,,0.475908552289072,2.460464384816587,10.697671238332987
lr1d,25,25,1.0,2.0,1.0,gibbs,custom,False,full,25,0.01,1e-05,5,1.0,1000,300,54,True,,,-1.7231085438399159,0.033676454611122605,0.03543081175535917,,,0.5252398044500628,1.913263834789395,10.629243526607752
lr1d,25,25,1.0,3.0,1.0,gibbs,custom,False,full,25,0.01,1e-05,1,1.0,1000,300,140,True,,,-1.405721556896656,0.034181130863726136,0.03543784613410632,,,0.3071548904048281,4.961298458774885,10.631353840231895
lr1d,25,25,1.0,3.0,1.0,gibbs,custom,False,full,25,0.01,1e-05,2,1.0,1000,300,135,True,,,-1.4066496275944993,0.03478138949722052,0.03518978640437126,,,0.32349493092670456,4.75062116459012,10.556935921311378
lr1d,25,25,1.0,3.0,1.0,gibbs,custom,False,full,25,0.01,1e-05,3,1.0,1000,300,135,True,,,-1.4078500650110273,0.034431935846805574,0.03540501213322083,,,0.3035364422164676,4.779676637984812,10.62150363996625
lr1d,25,25,1.0,3.0,1.0,gibbs,custom,False,full,25,0.01,1e-05,4,1.0,1000,300,146,True,,,-1.4080551033775919,0.0318201020359993,0.03513900944342216,,,0.27817095302432404,5.1302953787396355,10.541702833026648
lr1d,25,25,1.0,3.0,1.0,gibbs,custom,False,full,25,0.01,1e-05,5,1.0,1000,300,107,True,,,-1.4071131630452896,0.03387456238269806,0.03647326635817687,,,0.30783136366074537,3.902639500324925,10.94197990745306
lr1d,25,25,2.0,0.5,1.0,gibbs,custom,False,full,25,0.01,1e-05,1,1.0,1000,300,11,True,,,-5.786710049587169,0.03161200471222401,0.03624747338394324,,,0.8303959182819803,0.39872220722337565,10.874242015182972
lr1d,25,25,2.0,0.5,1.0,gibbs,custom,False,full,25,0.01,1e-05,2,1.0,1000,300,12,True,,,-5.787252961466779,0.03233999721705914,0.036776169401903945,,,0.8255541895004733,0.4413140328228473,11.032850820571184
lr1d,25,25,2.0,0.5,1.0,gibbs,custom,False,full,25,0.01,1e-05,3,1.0,1000,300,13,True,,,-5.786908089000271,0.03129485137760639,0.035894808433949946,,,0.8304670749499966,0.4666325096413493,10.768442530184984
lr1d,25,25,2.0,0.5,1.0,gibbs,custom,False,full,25,0.01,1e-05,4,1.0,1000,300,12,True,,,-5.787028442034805,0.03210762143135071,0.03642563489576181,,,0.8196735606230108,0.4371076187491417,10.927690468728542
lr1d,25,25,2.0,0.5,1.0,gibbs,custom,False,full,25,0.01,1e-05,5,1.0,1000,300,24,True,,,-5.778282737506891,0.038762534782290456,0.03552447604636351,,,0.7614161079957602,0.8525874251127242,10.657342813909052
lr1d,25,25,2.0,1.0,1.0,gibbs,custom,False,full,25,0.01,1e-05,1,1.0,1000,300,25,True,,,-3.423439417143279,0.03382212594151497,0.035522808134555814,,,0.5366608257508847,0.8880702033638953,10.656842440366745
lr1d,25,25,2.0,1.0,1.0,gibbs,custom,False,full,25,0.01,1e-05,2,1.0,1000,300,25,True,,,-3.423608810710333,0.03668411299586296,0.03555316132803758,,,0.5105870399998576,0.8888290332009395,10.665948398411276
lr1d,25,25,2.0,1.0,1.0,gibbs,custom,False,full,25,0.01,1e-05,3,1.0,1000,300,24,True,,,-3.4234684526125547,0.03375908937305212,0.035018989394108455,,,0.5328421363671039,0.8404557454586029,10.505696818232536
lr1d,25,25,2.0,1.0,1.0,gibbs,custom,False,full,25,0.01,1e-05,4,1.0,1000,300,24,True,,,-3.42371800509497,0.032744371145963666,0.035823687985539435,,,0.5159729818943366,0.8597685116529464,10.747106395661831
lr1d,25,25,2.0,1.0,1.0,gibbs,custom,False,full,25,0.01,1e-05,5,1.0,1000,300,22,True,,,-3.4236775335351757,0.03487863279879093,0.03578386574983597,,,0.5358361160387772,0.7872450464963914,10.73515972495079
lr1d,25,25,2.0,2.0,1.0,gibbs,custom,False,full,25,0.01,1e-05,1,1.0,1000,300,63,True,,,-2.222756535058088,0.03582010008394718,0.03533569909632206,,,0.06250310987023353,2.2261490430682898,10.600709728896618
lr1d,25,25,2.0,2.0,1.0,gibbs,custom,False,full,25,0.01,1e-05,2,1.0,1000,300,61,True,,,-2.223246510225338,0.03194985967129469,0.03596218425780535,,,0.07041734685190695,2.193693239726126,10.788655277341604
lr1d,25,25,2.0,2.0,1.0,gibbs,custom,False,full,25,0.01,1e-05,3,1.0,1000,300,52,True,,,-2.2220537433825696,0.03287391234189272,0.03521797810991605,,,0.06080531763108472,1.8313348617156346,10.565393432974815
lr1d,25,25,2.0,2.0,1.0,gibbs,custom,False,full,25,0.01,1e-05,4,1.0,1000,300,60,True,,,-2.2234235070317845,0.034285432659089565,0.035010275517900785,,,0.05989790211434776,2.100616531074047,10.503082655370235
lr1d,25,25,2.0,2.0,1.0,gibbs,custom,False,full,25,0.01,1e-05,5,1.0,1000,300,34,True,,,-2.225704464797573,0.03170215990394354,0.03571146176507076,,,0.0649321973568798,1.2141897000124058,10.713438529521227
lr1d,25,25,2.0,3.0,1.0,gibbs,custom,False,full,25,0.01,1e-05,1,1.0,1000,300,21,True,,,-2.1436954953403973,0.033273969776928425,0.03520739406347275,,,0.015129360792655892,0.7393552753329278,10.562218219041826
lr1d,25,25,2.0,3.0,1.0,gibbs,custom,False,full,25,0.01,1e-05,2,1.0,1000,300,24,True,,,-2.1438840909754133,0.034943048283457755,0.03577023391922315,,,0.0631058223473047,0.8584856140613555,10.731070175766945
lr1d,25,25,2.0,3.0,1.0,gibbs,custom,False,full,25,0.01,1e-05,3,1.0,1000,300,25,True,,,-2.1445594696014902,0.03651278130710125,0.0358151779572169,,,0.014612537648917694,0.8953794489304225,10.74455338716507
lr1d,25,25,2.0,3.0,1.0,gibbs,custom,False,full,25,0.01,1e-05,4,1.0,1000,300,21,True,,,-2.1433320528715005,0.037018691375851634,0.03559741765260696,,,0.11541687239602717,0.7475457707047461,10.679225295782087
lr1d,25,25,2.0,3.0,1.0,gibbs,custom,False,full,25,0.01,1e-05,5,1.0,1000,300,22,True,,,-2.1436927473323193,0.03478071261197328,0.03717911028613647,,,0.04915237622725948,0.8179404262950023,11.15373308584094
lr1d,25,25,3.044,0.5,1.0,gibbs,custom,False,full,25,0.01,1e-05,1,1.0,1000,300,10,True,,,-6.021379336723902,0.034897116385400294,0.035988994414607685,,,0.6314989944627232,0.35988994414607683,10.796698324382305
lr1d,25,25,3.044,0.5,1.0,gibbs,custom,False,full,25,0.01,1e-05,2,1.0,1000,300,12,True,,,-6.022196947945867,0.030922291427850725,0.03461260316272577,,,0.6444343913277215,0.41535123795270923,10.38378094881773
lr1d,25,25,3.044,0.5,1.0,gibbs,custom,False,full,25,0.01,1e-05,3,1.0,1000,300,12,True,,,-6.021708299880358,0.0346286254003644,0.03536962170153856,,,0.6446815663613791,0.4244354604184627,10.610886510461569
lr1d,25,25,3.044,0.5,1.0,gibbs,custom,False,full,25,0.01,1e-05,4,1.0,1000,300,11,True,,,-6.021315085327219,0.03485530633479357,0.035119487531483175,,,0.6336869604142722,0.38631436284631493,10.535846259444952
lr1d,25,25,3.044,0.5,1.0,gibbs,custom,False,full,25,0.01,1e-05,5,1.0,1000,300,35,True,,,-6.005129452469982,0.032987873628735544,0.03599478626002868,,,0.3696012893906534,1.2598175191010037,10.798435878008604
lr1d,25,25,3.044,1.0,1.0,gibbs,custom,False,full,25,0.01,1e-05,1,1.0,1000,300,27,True,,,-3.8517016224080853,0.031214037351310252,0.03431510652105014,,,0.2567813307715935,0.9265078760683537,10.294531956315042
lr1d,25,25,3.044,1.0,1.0,gibbs,custom,False,full,25,0.01,1e-05,2,1.0,1000,300,26,True,,,-3.85150055820158,0.03329928070306778,0.03645342569798231,,,0.2428215209287024,0.94778906814754,10.936027709394693
lr1d,25,25,3.044,1.0,1.0,gibbs,custom,False,full,25,0.01,1e-05,3,1.0,1000,300,23,True,,,-3.8513981661334875,0.03131953496485949,0.0351400796448191,,,0.2226932755655422,0.8082218318308393,10.54202389344573
lr1d,25,25,3.044,1.0,1.0,gibbs,custom,False,full,25,0.01,1e-05,4,1.0,1000,300,22,True,,,-3.8507720387766966,0.038804934546351436,0.03556436282893022,,,0.24016944467609358,0.7824159822364648,10.669308848679066
lr1d,25,25,3.044,1.0,1.0,gibbs,custom,False,full,25,0.01,1e-05,5,1.0,1000,300,20,True,,,-3.8517564187399183,0.034675602056086066,0.03476253104706605,,,0.246267817761247,0.6952506209413211,10.428759314119816
lr1d,25,25,3.044,2.0,1.0,gibbs,custom,False,full,25,0.01,1e-05,1,1.0,1000,300,14,True,,,-3.1517236957328225,0.034230627305805686,0.03516388269762198,,,0.10823467051331999,0.4922943577667077,10.549164809286594
lr1d,25,25,3.044,2.0,1.0,gibbs,custom,False,full,25,0.01,1e-05,2,1.0,1000,300,15,True,,,-3.1524311955002813,0.030510099977254866,0.03455700459579627,,,0.05883903457518728,0.518355068936944,10.36710137873888
lr1d,25,25,3.044,2.0,1.0,gibbs,custom,False,full,25,0.01,1e-05,3,1.0,1000,300,14,True,,,-3.1518820628211506,0.03449809662997723,0.036152027597030005,,,0.012500901044206194,0.5061283863584201,10.845608279109001
lr1d,25,25,3.044,2.0,1.0,gibbs,custom,False,full,25,0.01,1e-05,4,1.0,1000,300,11,True,,,-3.151865507001707,0.03286758065223694,0.035136831440031525,,,0.011740346723172273,0.3865051458403468,10.541049432009457
lr1d,25,25,3.044,2.0,1.0,gibbs,custom,False,full,25,0.01,1e-05,5,1.0,1000,300,19,True,,,-3.1518166910486474,0.03690572287887335,0.03673162980626027,,,0.046023080897357634,0.697900966318945,11.01948894187808
lr1d,25,25,3.044,3.0,1.0,gibbs,custom,False,full,25,0.01,1e-05,1,1.0,1000,300,10,True,,,-3.132082107436008,0.02997121326625347,0.035709568100670976,,,0.3429007669059514,0.35709568100670974,10.712870430201292
lr1d,25,25,3.044,3.0,1.0,gibbs,custom,False,full,25,0.01,1e-05,2,1.0,1000,300,12,True,,,-3.1322403366392577,0.03607355486601591,0.03496328093111515,,,0.4054735661958517,0.4195593711733818,10.488984279334545
lr1d,25,25,3.044,3.0,1.0,gibbs,custom,False,full,25,0.01,1e-05,3,1.0,1000,300,13,True,,,-3.1324985129633323,0.03384838346391916,0.035634816996753214,,,0.39590461478651295,0.4632526209577918,10.690445099025965
lr1d,25,25,3.044,3.0,1.0,gibbs,custom,False,full,25,0.01,1e-05,4,1.0,1000,300,10,True,,,-3.1322335597254645,0.03591198418289423,0.03556380854298671,,,0.28294037738002736,0.35563808542986713,10.669142562896013
lr1d,25,25,3.044,3.0,1.0,gibbs,custom,False,full,25,0.01,1e-05,5,1.0,1000,300,13,True,,,-3.132194502044502,0.03303190022706985,0.03599594547102849,,,0.28349485954576853,0.46794729112337036,10.798783641308546
lr1d,25,25,0.5,0.5,1.0,lsb,custom,True,full,25,0.01,1e-05,1,1.0,1000,300,24,True,,,-5.618973147960839,0.021411674842238427,0.027458544224500656,,,0.6899763155403852,0.6590050613880157,8.237563267350197
lr1d,25,25,0.5,0.5,1.0,lsb,custom,True,full,25,0.01,1e-05,2,1.0,1000,300,41,True,,,-5.623016826458861,0.021195620857179166,0.02113980380197366,,,0.9824489323148028,0.86673195588092,6.341941140592098
lr1d,25,25,0.5,0.5,1.0,lsb,custom,True,full,25,0.01,1e-05,3,1.0,1000,300,33,True,,,-5.62252490657539,0.020255926996469498,0.021057968338330586,,,0.9960781356895443,0.6949129551649094,6.317390501499176
lr1d,25,25,0.5,0.5,1.0,lsb,custom,True,full,25,0.01,1e-05,4,1.0,1000,300,47,True,,,-5.620115868324524,0.01925882138311863,0.020886319080988567,,,0.9960504678492731,0.9816569968064627,6.26589572429657
lr1d,25,25,0.5,0.5,1.0,lsb,custom,True,full,25,0.01,1e-05,5,1.0,1000,300,10,True,,,-5.623148712834475,0.02057231329381466,0.021269774635632833,,,0.9989052600909594,0.21269774635632832,6.38093239068985
lr1d,25,25,0.5,1.0,1.0,lsb,custom,True,full,25,0.01,1e-05,1,1.0,1000,300,64,True,,,-3.1151537695249507,0.019714713282883167,0.020399980023503305,,,0.9999906542824262,1.3055987215042115,6.119994007050992
lr1d,25,25,0.5,1.0,1.0,lsb,custom,True,full,25,0.01,1e-05,2,1.0,1000,300,63,True,,,-3.115236198057389,0.020901249162852763,0.020575171162684758,,,0.9977117682723037,1.2962357832491398,6.1725513488054276
lr1d,25,25,0.5,1.0,1.0,lsb,custom,True,full,25,0.01,1e-05,3,1.0,1000,300,54,True,,,-3.11425344487916,0.020343715138733388,0.020571913619836173,,,0.8730537026811138,1.1108833354711534,6.171574085950851
lr1d,25,25,0.5,1.0,1.0,lsb,custom,True,full,25,0.01,1e-05,4,1.0,1000,300,96,True,,,-3.1243980516602683,0.01994036715477705,0.02057519799719254,,,0.9823060895210621,1.9752190077304839,6.1725593991577625
lr1d,25,25,0.5,1.0,1.0,lsb,custom,True,full,25,0.01,1e-05,5,1.0,1000,300,21,True,,,-3.119782804772941,0.019275162369012833,0.02099954854696989,,,0.9965281374258534,0.4409905194863677,6.299864564090967
lr1d,25,25,0.5,2.0,1.0,lsb,custom,True,full,25,0.01,1e-05,1,1.0,1000,300,212,True,,,-1.596136092808876,0.01897941082715988,0.019386066123843193,,,0.9661985557313663,4.109846018254757,5.815819837152958
lr1d,25,25,0.5,2.0,1.0,lsb,custom,True,full,25,0.01,1e-05,2,1.0,1000,300,209,True,,,-1.5925633706694966,0.018956552259624004,0.01934302181005478,,,0.8620973535667154,4.042691558301449,5.802906543016434
lr1d,25,25,0.5,2.0,1.0,lsb,custom,True,full,25,0.01,1e-05,3,1.0,1000,300,205,True,,,-1.5933128051874281,0.019398188032209874,0.019394063452879588,,,0.8641256956934011,3.9757830078403154,5.818219035863876
lr1d,25,25,0.5,2.0,1.0,lsb,custom,True,full,25,0.01,1e-05,4,1.0,1000,300,204,True,,,-1.5942945505227697,0.019404127076268197,0.019249112804730732,,,0.8114908991611329,3.9268190121650695,5.77473384141922
lr1d,25,25,0.5,2.0,1.0,lsb,custom,True,full,25,0.01,1e-05,5,1.0,1000,300,170,True,,,-1.59556004122557,0.019015534594655038,0.01935436942925056,,,0.8906112208384344,3.2902428029725947,5.8063108287751675
lr1d,25,25,0.5,3.0,1.0,lsb,custom,True,full,25,0.01,1e-05,1,1.0,1000,300,280,False,,,-1.206193458909501,0.019119169004261492,0.01934044297784567,,,0.4204996610892253,5.415324033796787,5.802132893353701
lr1d,25,25,0.5,3.0,1.0,lsb,custom,True,full,25,0.01,1e-05,2,1.0,1000,300,280,False,,,-1.217380351834592,0.019499397464096548,0.019534342885017396,,,0.5119786378963328,5.469616007804871,5.8603028655052185
lr1d,25,25,0.5,3.0,1.0,lsb,custom,True,full,25,0.01,1e-05,3,1.0,1000,300,280,False,,,-1.217583716540568,0.01897900365293026,0.01931396618485451,,,0.5116681950581736,5.407910531759263,5.794189855456352
lr1d,25,25,0.5,3.0,1.0,lsb,custom,True,full,25,0.01,1e-05,4,1.0,1000,300,280,False,,,-1.2146629023228526,0.01956998258829117,0.01934265541533629,,,0.4094762976348566,5.415943516294162,5.802796624600887
lr1d,25,25,0.5,3.0,1.0,lsb,custom,True,full,25,0.01,1e-05,5,1.0,1000,300,280,False,,,-1.227978580765736,0.019530016742646695,0.019297084013621013,,,0.4728348374279209,5.403183523813883,5.789125204086304
lr1d,25,25,1.0,0.5,1.0,lsb,custom,True,full,25,0.01,1e-05,1,1.0,1000,300,17,True,,,-5.650002479934305,0.02108357325196266,0.021120277581115565,,,0.7004997211815881,0.3590447188789646,6.336083274334669
lr1d,25,25,1.0,0.5,1.0,lsb,custom,True,full,25,0.01,1e-05,2,1.0,1000,300,11,True,,,-5.653268517235056,0.020290050841867923,0.01923960807422797,,,,0.21163568881650766,5.771882422268391
lr1d,25,25,1.0,0.5,1.0,lsb,custom,True,full,25,0.01,1e-05,3,1.0,1000,300,11,True,,,-5.6466525864328245,0.02093915604054928,0.018878050508598487,,,,0.20765855559458335,5.663415152579546
lr1d,25,25,1.0,0.5,1.0,lsb,custom,True,full,25,0.01,1e-05,4,1.0,1000,300,16,True,,,-5.663152909227972,0.02120992708951235,0.01987943585962057,,,,0.3180709737539291,5.963830757886171
lr1d,25,25,1.0,0.5,1.0,lsb,custom,True,full,25,0.01,1e-05,5,1.0,1000,300,12,True,,,-5.651805364981639,0.02025124877691269,0.02087280325591564,,,0.9875853320696926,0.2504736390709877,6.2618409767746925
lr1d,25,25,1.0,1.0,1.0,lsb,custom,True,full,25,0.01,1e-05,1,1.0,1000,300,50,True,,,-3.1656878534506,0.01933071222156286,0.020390936397016047,,,0.9914001161874026,1.0195468198508024,6.117280919104814
lr1d,25,25,1.0,1.0,1.0,lsb,custom,True,full,25,0.01,1e-05,2,1.0,1000,300,47,True,,,-3.1654026425203705,0.019814503937959672,0.020418468390901882,,,0.9957783688157948,0.9596680143723885,6.125540517270565
lr1d,25,25,1.0,1.0,1.0,lsb,custom,True,full,25,0.01,1e-05,3,1.0,1000,300,43,True,,,-3.168770677611885,0.01920094173401594,0.02073994668821494,,,0.9949063599720914,0.8918177075932423,6.221984006464481
lr1d,25,25,1.0,1.0,1.0,lsb,custom,True,full,25,0.01,1e-05,4,1.0,1000,300,44,True,,,-3.16768026014925,0.01993830259889364,0.020652706027030943,,,0.9980138303178292,0.9087190651893615,6.195811808109283
lr1d,25,25,1.0,1.0,1.0,lsb,custom,True,full,25,0.01,1e-05,5,1.0,1000,300,37,True,,,-3.1689276875810015,0.020456707663834096,0.020904364498953023,,,0.9963111167661228,0.7734614864612619,6.2713093496859065
lr1d,25,25,1.0,2.0,1.0,lsb,custom,True,full,25,0.01,1e-05,1,1.0,1000,300,185,True,,,-1.7149942969291405,0.019421484135091305,0.019358295363684497,,,0.7659592418857294,3.581284642281632,5.807488609105349
lr1d,25,25,1.0,2.0,1.0,lsb,custom,True,full,25,0.01,1e-05,2,1.0,1000,300,179,True,,,-1.710761341795715,0.01966946367174387,0.019366787957648436,,,0.6906498551151308,3.46665504441907,5.810036387294531
lr1d,25,25,1.0,2.0,1.0,lsb,custom,True,full,25,0.01,1e-05,3,1.0,1000,300,186,True,,,-1.7080496496981052,0.018858357332646847,0.019073863277832667,,,0.6800097934652066,3.547738569676876,5.7221589833498
lr1d,25,25,1.0,2.0,1.0,lsb,custom,True,full,25,0.01,1e-05,4,1.0,1000,300,184,True,,,-1.7071045560020726,0.01948632076382637,0.0193184224391977,,,0.6818296881940957,3.554589728812377,5.795526731759311
lr1d,25,25,1.0,2.0,1.0,lsb,custom,True,full,25,0.01,1e-05,5,1.0,1000,300,157,True,,,-1.7158099992773863,0.019252527691423892,0.019277420118451117,,,0.7712388632104059,3.0265549585968254,5.783226035535335
lr1d,25,25,1.0,3.0,1.0,lsb,custom,True,full,25,0.01,1e-05,1,1.0,1000,300,122,True,,,-1.3596697839901255,0.019426634162664415,0.01926571648567915,,,0.0783946790223151,2.350417411252856,5.779714945703745
lr1d,25,25,1.0,3.0,1.0,lsb,custom,True,full,25,0.01,1e-05,2,1.0,1000,300,113,True,,,-1.3637945326448144,0.01927761472761631,0.019236469939351082,,,0.1151369121746857,2.173721103146672,5.7709409818053246
lr1d,25,25,1.0,3.0,1.0,lsb,custom,True,full,25,0.01,1e-05,3,1.0,1000,300,133,True,,,-1.3637945319371854,0.01980378646403551,0.019349900521337986,,,0.09743474180194958,2.5735367693379523,5.804970156401396
lr1d,25,25,1.0,3.0,1.0,lsb,custom,True,full,25,0.01,1e-05,4,1.0,1000,300,165,True,,,-1.3775409469474245,0.0187427282333374,0.01929189114520947,,,0.11261263558142273,3.183162038959563,5.787567343562841
lr1d,25,25,1.0,3.0,1.0,lsb,custom,True,full,25,0.01,1e-05,5,1.0,1000,300,45,True,,,-1.3450950691261996,0.01913102250546217,0.019376531404753525,,,0.06626017093809558,0.8719439132139086,5.812959421426058
lr1d,25,25,2.0,0.5,1.0,lsb,custom,True,full,25,0.01,1e-05,1,1.0,1000,300,41,True,,,-5.792216302169315,0.019695905968546867,0.02121640412757794,,,0.9257902395208277,0.8698725692306954,6.364921238273381
lr1d,25,25,2.0,0.5,1.0,lsb,custom,True,full,25,0.01,1e-05,2,1.0,1000,300,28,True,,,-5.7472982279918,0.02120665069669485,0.020872094134489694,,,0.9979020145266128,0.5844186357657114,6.261628240346909
lr1d,25,25,2.0,0.5,1.0,lsb,custom,True,full,25,0.01,1e-05,3,1.0,1000,300,27,True,,,-5.736917714742825,0.021141957491636276,0.02063602107266585,,,0.9942336547539192,0.557172568961978,6.190806321799755
lr1d,25,25,2.0,0.5,1.0,lsb,custom,True,full,25,0.01,1e-05,4,1.0,1000,300,26,True,,,-5.745288094972156,0.020924524031579496,0.021204917629559835,,,0.9999298283393068,0.5513278583685557,6.36147528886795
lr1d,25,25,2.0,0.5,1.0,lsb,custom,True,full,25,0.01,1e-05,5,1.0,1000,300,17,True,,,-5.743148626506002,0.0201592231169343,0.020505284965038298,,,0.9385037731362845,0.34858984440565105,6.151585489511489
lr1d,25,25,2.0,1.0,1.0,lsb,custom,True,full,25,0.01,1e-05,1,1.0,1000,300,40,True,,,-3.4133214883276892,0.0191889613866806,0.019923178715010485,,,0.9879406190799731,0.7969271486004194,5.976953614503145
lr1d,25,25,2.0,1.0,1.0,lsb,custom,True,full,25,0.01,1e-05,2,1.0,1000,300,36,True,,,-3.414346161295198,0.019656284525990487,0.01969208275278409,,,0.9862041511128461,0.7089149791002273,5.907624825835227
lr1d,25,25,2.0,1.0,1.0,lsb,custom,True,full,25,0.01,1e-05,3,1.0,1000,300,30,True,,,-3.413726141817633,0.01923887636512518,0.019756004363298416,,,0.9681190931085496,0.5926801308989524,5.926801308989525
lr1d,25,25,2.0,1.0,1.0,lsb,custom,True,full,25,0.01,1e-05,4,1.0,1000,300,29,True,,,-3.408770299619082,0.019299056194722653,0.01975363343954086,,,0.981107209420064,0.5728553697466849,5.926090031862259
lr1d,25,25,2.0,1.0,1.0,lsb,custom,True,full,25,0.01,1e-05,5,1.0,1000,300,37,True,,,-3.3898895485004723,0.02011649254709482,0.020084484343727428,,,0.9848712804524735,0.7431259207179148,6.025345303118228
lr1d,25,25,2.0,2.0,1.0,lsb,custom,True,full,25,0.01,1e-05,1,1.0,1000,300,36,True,,,-2.215519955986261,0.01969345919787884,0.01942325446754694,,,0.05369498637439712,0.6992371608316899,5.826976340264082
lr1d,25,25,2.0,2.0,1.0,lsb,custom,True,full,25,0.01,1e-05,2,1.0,1000,300,36,True,,,-2.216048538468183,0.0196754552423954,0.019376396425068377,,,0.056302783985279846,0.6975502713024616,5.812918927520513
lr1d,25,25,2.0,2.0,1.0,lsb,custom,True,full,25,0.01,1e-05,3,1.0,1000,300,37,True,,,-2.2172430381670134,0.01946857329457998,0.019351319521665574,,,0.06983701052791057,0.7159988223016263,5.805395856499672
lr1d,25,25,2.0,2.0,1.0,lsb,custom,True,full,25,0.01,1e-05,4,1.0,1000,300,40,True,,,-2.216877414867273,0.018428933434188367,0.019298942064245542,,,0.07045992334221973,0.7719576825698217,5.789682619273663
lr1d,25,25,2.0,2.0,1.0,lsb,custom,True,full,25,0.01,1e-05,5,1.0,1000,300,44,True,,,-2.223985788968829,0.019902888871729373,0.0193550098563234,,,0.06365202336960775,0.8516204336782296,5.80650295689702
lr1d,25,25,2.0,3.0,1.0,lsb,custom,True,full,25,0.01,1e-05,1,1.0,1000,300,41,True,,,-2.1525511306224496,0.01886159088462591,0.01933448965350787,,,0.08725949369283767,0.7927140757938227,5.8003468960523605
lr1d,25,25,2.0,3.0,1.0,lsb,custom,True,full,25,0.01,1e-05,2,1.0,1000,300,39,True,,,-2.152168498740679,0.019075498916208744,0.019437225932876268,,,0.07317266953220998,0.7580518113821745,5.831167779862881
lr1d,25,25,2.0,3.0,1.0,lsb,custom,True,full,25,0.01,1e-05,3,1.0,1000,300,42,True,,,-2.1523630489357664,0.019364892318844796,0.01906603090465069,,,0.0758722502965252,0.8007732979953289,5.7198092713952065
lr1d,25,25,2.0,3.0,1.0,lsb,custom,True,full,25,0.01,1e-05,4,1.0,1000,300,42,True,,,-2.1529500539223223,0.019548079743981362,0.019345319755375387,,,0.06463668284683416,0.8125034297257663,5.8035959266126165
lr1d,25,25,2.0,3.0,1.0,lsb,custom,True,full,25,0.01,1e-05,5,1.0,1000,300,43,True,,,-2.152170667513686,0.018675895780324935,0.019430270704130333,,,0.08601598015257969,0.8355016402776043,5.8290812112391
lr1d,25,25,3.044,0.5,1.0,lsb,custom,True,full,25,0.01,1e-05,1,1.0,1000,300,34,True,,,-5.930369523731519,0.02071730401366949,0.020668808942039808,,,0.9957186798404573,0.7027395040293535,6.200642682611942
lr1d,25,25,3.044,0.5,1.0,lsb,custom,True,full,25,0.01,1e-05,2,1.0,1000,300,25,True,,,-5.936151832315697,0.02135593947023153,0.02060980231811603,,,0.9783514534795131,0.5152450579529008,6.182940695434809
lr1d,25,25,3.044,0.5,1.0,lsb,custom,True,full,25,0.01,1e-05,3,1.0,1000,300,20,True,,,-5.934246715863802,0.020266865752637385,0.02052493327607711,,,0.9617359966387512,0.41049866552154224,6.1574799828231335
lr1d,25,25,3.044,0.5,1.0,lsb,custom,True,full,25,0.01,1e-05,4,1.0,1000,300,36,True,,,-5.942712320802185,0.02158899176865816,0.021048382309575876,,,0.9973894854683645,0.7577417631447315,6.314514692872763
lr1d,25,25,3.044,0.5,1.0,lsb,custom,True,full,25,0.01,1e-05,5,1.0,1000,300,17,True,,,-5.918105895290715,0.01977763343602419,0.02003308097521464,,,0.741381479863111,0.34056237657864885,6.009924292564392
lr1d,25,25,3.044,1.0,1.0,lsb,custom,True,full,25,0.01,1e-05,1,1.0,1000,300,31,True,,,-3.839977554431475,0.019774530827999116,0.019309419964750607,,,0.9448562455926113,0.5985920189072689,5.792825989425182
lr1d,25,25,3.044,1.0,1.0,lsb,custom,True,full,25,0.01,1e-05,2,1.0,1000,300,25,True,,,-3.8447298445222033,0.018861320428550245,0.019351159892976283,,,0.9436368170252836,0.4837789973244071,5.805347967892885
lr1d,25,25,3.044,1.0,1.0,lsb,custom,True,full,25,0.01,1e-05,3,1.0,1000,300,19,True,,,-3.8504966108336505,0.019544892013072968,0.019475175328552724,,,0.9346944012224215,0.3700283312425018,5.842552598565817
lr1d,25,25,3.044,1.0,1.0,lsb,custom,True,full,25,0.01,1e-05,4,1.0,1000,300,23,True,,,-3.8465016043964075,0.01927736569195986,0.019448924027383328,,,0.9364610226673146,0.44732525262981654,5.834677208214998
lr1d,25,25,3.044,1.0,1.0,lsb,custom,True,full,25,0.01,1e-05,5,1.0,1000,300,13,True,,,-3.8351560946197383,0.019669384136795996,0.019381844165424506,,,0.9373724382375465,0.2519639741505186,5.814553249627352
lr1d,25,25,3.044,2.0,1.0,lsb,custom,True,full,25,0.01,1e-05,1,1.0,1000,300,25,True,,,-3.159025233788236,0.01987800784409046,0.019298700193564097,,,0.06467974909280136,0.48246750483910245,5.789610058069229
lr1d,25,25,3.044,2.0,1.0,lsb,custom,True,full,25,0.01,1e-05,2,1.0,1000,300,22,True,,,-3.159586123430641,0.0190545242279768,0.019194469427069028,,,0.06722798801777563,0.4222783273955186,5.7583408281207085
lr1d,25,25,3.044,2.0,1.0,lsb,custom,True,full,25,0.01,1e-05,3,1.0,1000,300,26,True,,,-3.1582778518818717,0.0201696140691638,0.0196141454949975,,,0.05758064611726322,0.509967782869935,5.88424364849925
lr1d,25,25,3.044,2.0,1.0,lsb,custom,True,full,25,0.01,1e-05,4,1.0,1000,300,28,True,,,-3.1599723322421984,0.01888558976352215,0.01931659207989772,,,0.058300370341129365,0.5408645782371362,5.7949776239693165
lr1d,25,25,3.044,2.0,1.0,lsb,custom,True,full,25,0.01,1e-05,5,1.0,1000,300,13,True,,,-3.1548488605051195,0.019817844592034818,0.019327768422663212,,,0.055515310074593927,0.2512609894946218,5.7983305267989635
lr1d,25,25,3.044,3.0,1.0,lsb,custom,True,full,25,0.01,1e-05,1,1.0,1000,300,24,True,,,-3.1388347700966017,0.019022941961884497,0.01923204182336728,,,0.38767865496535375,0.46156900376081467,5.769612547010183
lr1d,25,25,3.044,3.0,1.0,lsb,custom,True,full,25,0.01,1e-05,2,1.0,1000,300,20,True,,,-3.138436518915875,0.01914799548685551,0.01940467810879151,,,0.40336808683480274,0.3880935621758302,5.821403432637452
lr1d,25,25,3.044,3.0,1.0,lsb,custom,True,full,25,0.01,1e-05,3,1.0,1000,300,24,True,,,-3.1396147000713612,0.019191224500536917,0.019227836951613425,,,0.43612301687519783,0.4614680868387222,5.768351085484028
lr1d,25,25,3.044,3.0,1.0,lsb,custom,True,full,25,0.01,1e-05,4,1.0,1000,300,24,True,,,-3.139517089875791,0.019499116577208042,0.01933178129295508,,,0.41641222961248475,0.4639627510309219,5.799534387886524
lr1d,25,25,3.044,3.0,1.0,lsb,custom,True,full,25,0.01,1e-05,5,1.0,1000,300,23,True,,,-3.139080424326971,0.019169208966195582,0.019337425207098326,,,0.42240317870299093,0.4447607797632615,5.8012275621294975
lr1d,25,25,0.5,0.5,1.0,metropolis,custom,False,full,25,0.01,1e-05,1,1.0,1000,300,12,True,,,-5.618821604160983,0.14831515848636628,0.15428992910931508,,,0.9918038738215224,1.851479149311781,46.28697873279452
lr1d,25,25,0.5,0.5,1.0,metropolis,custom,False,full,25,0.01,1e-05,2,1.0,1000,300,13,True,,,-5.620067025550004,0.14994013216346502,0.15095582615584135,,,0.9869491158249172,1.9624257400259375,45.286747846752405
lr1d,25,25,0.5,0.5,1.0,metropolis,custom,False,full,25,0.01,1e-05,3,1.0,1000,300,14,True,,,-5.619736220818309,0.15027649141848087,0.15109063337246578,,,0.9920067612050298,2.115268867214521,45.32719001173974
lr1d,25,25,0.5,0.5,1.0,metropolis,custom,False,full,25,0.01,1e-05,4,1.0,1000,300,13,True,,,-5.619693794088782,0.15001168381422758,0.15072329399486384,,,0.9888570891050946,1.9594028219332298,45.21698819845915
lr1d,25,25,0.5,0.5,1.0,metropolis,custom,False,full,25,0.01,1e-05,5,1.0,1000,300,18,True,,,-5.619442091470469,0.15038288868963717,0.1522609363744656,,,0.9909399123746857,2.740696854740381,45.67828091233968
lr1d,25,25,0.5,1.0,1.0,metropolis,custom,False,full,25,0.01,1e-05,1,1.0,1000,300,26,True,,,-3.12123294173714,0.1511683812364936,0.1521591391041875,,,0.9611262616086763,3.9561376167088746,45.64774173125625
lr1d,25,25,0.5,1.0,1.0,metropolis,custom,False,full,25,0.01,1e-05,2,1.0,1000,300,26,True,,,-3.121158019705276,0.1510675188153982,0.15199755455056826,,,0.9491574302447194,3.9519364183147747,45.59926636517048
lr1d,25,25,0.5,1.0,1.0,metropolis,custom,False,full,25,0.01,1e-05,3,1.0,1000,300,26,True,,,-3.1213264322559793,0.15127297956496477,0.1520202861353755,,,0.9659719055817718,3.9525274395197627,45.60608584061265
lr1d,25,25,0.5,1.0,1.0,metropolis,custom,False,full,25,0.01,1e-05,4,1.0,1000,300,24,True,,,-3.1209058806923133,0.1513480981811881,0.15169942966351907,,,0.9656110644447151,3.6407863119244577,45.50982889905572
lr1d,25,25,0.5,1.0,1.0,metropolis,custom,False,full,25,0.01,1e-05,5,1.0,1000,300,25,True,,,-3.121427163242665,0.1513314651325345,0.15179985174288352,,,0.9610304754244072,3.794996293572088,45.53995552286506
lr1d,25,25,0.5,2.0,1.0,metropolis,custom,False,full,25,0.01,1e-05,1,1.0,1000,300,63,True,,,-1.602526088235372,0.16340353935956956,0.17922789187481006,,,0.8575486935858679,11.291357188113034,53.76836756244302
lr1d,25,25,0.5,2.0,1.0,metropolis,custom,False,full,25,0.01,1e-05,2,1.0,1000,300,64,True,,,-1.6027606830156411,0.15902165602892637,0.16886120789994796,,,0.8477418085523034,10.80711730559667,50.65836236998439
lr1d,25,25,0.5,2.0,1.0,metropolis,custom,False,full,25,0.01,1e-05,3,1.0,1000,300,60,True,,,-1.6027263799876414,0.18473936934024096,0.18442352047810953,,,0.8574420573525614,11.065411228686571,55.32705614343286
lr1d,25,25,0.5,2.0,1.0,metropolis,custom,False,full,25,0.01,1e-05,4,1.0,1000,300,62,True,,,-1.603109427449644,0.156060092151165,0.16567399743944405,,,0.8614819936116633,10.271787841245532,49.70219923183322
lr1d,25,25,0.5,2.0,1.0,metropolis,custom,False,full,25,0.01,1e-05,5,1.0,1000,300,52,True,,,-1.6029449745454099,0.16248705759644508,0.1742746359234055,,,0.8616029349816346,9.062281068017086,52.282390777021654
lr1d,25,25,0.5,3.0,1.0,metropolis,custom,False,full,25,0.01,1e-05,1,1.0,1000,300,111,True,,,-1.2483406055455533,0.1828738959506154,0.18281629531333843,,,0.7603445559717682,20.292608779780565,54.84488859400153
lr1d,25,25,0.5,3.0,1.0,metropolis,custom,False,full,25,0.01,1e-05,2,1.0,1000,300,113,True,,,-1.2489937617805613,0.17693416271358728,0.17504172023385764,,,0.7601282399795998,19.779714386425912,52.51251607015729
lr1d,25,25,0.5,3.0,1.0,metropolis,custom,False,full,25,0.01,1e-05,3,1.0,1000,300,108,True,,,-1.2491350396269034,0.18443550411611795,0.18441411634286245,,,0.7809257697223443,19.916724565029146,55.324234902858734
lr1d,25,25,0.5,3.0,1.0,metropolis,custom,False,full,25,0.01,1e-05,4,1.0,1000,300,107,True,,,-1.2490148462120536,0.18486378900706768,0.18443058324356873,,,0.7770511597862647,19.734072407061856,55.32917497307062
lr1d,25,25,0.5,3.0,1.0,metropolis,custom,False,full,25,0.01,1e-05,5,1.0,1000,300,83,True,,,-1.2483399216617108,0.16907993759959936,0.17986167843143144,,,0.7801087888698309,14.92851930980881,53.958503529429436
lr1d,25,25,1.0,0.5,1.0,metropolis,custom,False,full,25,0.01,1e-05,1,1.0,1000,300,12,True,,,-5.65313378600809,0.1489818910136819,0.14942414497335751,,,0.9591016902532069,1.79308973968029,44.827243492007256
lr1d,25,25,1.0,0.5,1.0,metropolis,custom,False,full,25,0.01,1e-05,2,1.0,1000,300,13,True,,,-5.653982750082731,0.15017764028161765,0.1507742806772391,,,0.9362522781134752,1.9600656488041084,45.23228420317173
lr1d,25,25,1.0,0.5,1.0,metropolis,custom,False,full,25,0.01,1e-05,3,1.0,1000,300,13,True,,,-5.652691497228567,0.1506938312202692,0.1509970486164093,,,0.9581576360408656,1.962961632013321,45.29911458492279
lr1d,25,25,1.0,0.5,1.0,metropolis,custom,False,full,25,0.01,1e-05,4,1.0,1000,300,12,True,,,-5.6533222633870714,0.14979360084980725,0.15046930441011985,,,0.957044997533845,1.8056316529214382,45.140791323035955
lr1d,25,25,1.0,0.5,1.0,metropolis,custom,False,full,25,0.01,1e-05,5,1.0,1000,300,18,True,,,-5.649468897012217,0.15836486779153347,0.179571283608675,,,0.9165808705228645,3.23228310495615,53.8713850826025
lr1d,25,25,1.0,1.0,1.0,metropolis,custom,False,full,25,0.01,1e-05,1,1.0,1000,300,26,True,,,-3.181950598436129,0.15369166005402804,0.15322494177768628,,,0.8566013721763852,3.983848486219843,45.96748253330588
lr1d,25,25,1.0,1.0,1.0,metropolis,custom,False,full,25,0.01,1e-05,2,1.0,1000,300,26,True,,,-3.181706408155061,0.15327765215188266,0.15301990660528342,,,0.8467905515825371,3.9785175717373686,45.905971981585026
lr1d,25,25,1.0,1.0,1.0,metropolis,custom,False,full,25,0.01,1e-05,3,1.0,1000,300,26,True,,,-3.181913754455854,0.1533155059441924,0.15356081251055,,,0.8556949899972093,3.9925811252743,46.068243753165
lr1d,25,25,1.0,1.0,1.0,metropolis,custom,False,full,25,0.01,1e-05,4,1.0,1000,300,24,True,,,-3.181501615077632,0.15357653591781856,0.15307822067290544,,,0.8564883875785715,3.6738772961497306,45.92346620187163
lr1d,25,25,1.0,1.0,1.0,metropolis,custom,False,full,25,0.01,1e-05,5,1.0,1000,300,25,True,,,-3.182311893880425,0.1539002273231745,0.15387487601488828,,,0.8616129572650881,3.846871900372207,46.162462804466486
lr1d,25,25,1.0,2.0,1.0,metropolis,custom,False,full,25,0.01,1e-05,1,1.0,1000,300,74,True,,,-1.7236010498018597,0.18429726548492908,0.18419522133966287,,,0.5311489718799759,13.630446379135053,55.25856640189886
lr1d,25,25,1.0,2.0,1.0,metropolis,custom,False,full,25,0.01,1e-05,2,1.0,1000,300,70,True,,,-1.7232275687708776,0.16380566768348218,0.17677112235377232,,,0.5233583222050345,12.373978564764062,53.0313367061317
lr1d,25,25,1.0,2.0,1.0,metropolis,custom,False,full,25,0.01,1e-05,3,1.0,1000,300,68,True,,,-1.7232488995776354,0.18405646681785584,0.18424428414553404,,,0.5594139945833386,12.528611321896314,55.27328524366021
lr1d,25,25,1.0,2.0,1.0,metropolis,custom,False,full,25,0.01,1e-05,4,1.0,1000,300,70,True,,,-1.7237766532467955,0.18363672103732825,0.18409109401206175,,,0.531249808828355,12.886376580844322,55.22732820361853
lr1d,25,25,1.0,2.0,1.0,metropolis,custom,False,full,25,0.01,1e-05,5,1.0,1000,300,53,True,,,-1.723248047151293,0.1788887871429324,0.17830995174745717,,,0.5409519369442284,9.450427442615231,53.49298552423715
lr1d,25,25,1.0,3.0,1.0,metropolis,custom,False,full,25,0.01,1e-05,1,1.0,1000,300,145,True,,,-1.406932849889356,0.1845038102939725,0.18474368589619797,,,0.2952131418906831,26.787834454948705,55.42310576885939
lr1d,25,25,1.0,3.0,1.0,metropolis,custom,False,full,25,0.01,1e-05,2,1.0,1000,300,138,True,,,-1.406776601332584,0.18455318864434958,0.18460242687414088,,,0.2923624033679671,25.475134908631443,55.38072806224226
lr1d,25,25,1.0,3.0,1.0,metropolis,custom,False,full,25,0.01,1e-05,3,1.0,1000,300,127,True,,,-1.4057814498982528,0.18503019250929356,0.18470583065102497,,,0.33574716389515125,23.45764049268017,55.41174919530749
lr1d,25,25,1.0,3.0,1.0,metropolis,custom,False,full,25,0.01,1e-05,4,1.0,1000,300,138,True,,,-1.4073483254055628,0.18463591523468495,0.1845130730047822,,,0.31034700957260963,25.462804074659942,55.35392190143466
lr1d,25,25,1.0,3.0,1.0,metropolis,custom,False,full,25,0.01,1e-05,5,1.0,1000,300,109,True,,,-1.4079153907883708,0.18480199184268714,0.18469256948679685,,,0.3183506450096643,20.131490074060856,55.40777084603906
lr1d,25,25,2.0,0.5,1.0,metropolis,custom,False,full,25,0.01,1e-05,1,1.0,1000,300,11,True,,,-5.7867195134798095,0.14889261946082116,0.15024664882570504,,,0.8204202177405177,1.6527131370827555,45.073994647711515
lr1d,25,25,2.0,0.5,1.0,metropolis,custom,False,full,25,0.01,1e-05,2,1.0,1000,300,12,True,,,-5.787267097506485,0.15104644354432822,0.15095787927508353,,,0.8126480083567758,1.8114945513010023,45.287363782525055
lr1d,25,25,2.0,0.5,1.0,metropolis,custom,False,full,25,0.01,1e-05,3,1.0,1000,300,13,True,,,-5.787347046025159,0.15142936781048774,0.1513417316476504,,,0.8334328940512388,1.9674425114194554,45.40251949429512
lr1d,25,25,2.0,0.5,1.0,metropolis,custom,False,full,25,0.01,1e-05,4,1.0,1000,300,12,True,,,-5.7880407293798495,0.15048482678830624,0.15068854667246342,,,0.8333543573303575,1.808262560069561,45.206564001739025
lr1d,25,25,2.0,0.5,1.0,metropolis,custom,False,full,25,0.01,1e-05,5,1.0,1000,300,73,True,,,-5.78541863770897,0.1807963939383626,0.17373597733676432,,,0.6296891397674104,12.682726345583795,52.1207932010293
lr1d,25,25,2.0,1.0,1.0,metropolis,custom,False,full,25,0.01,1e-05,1,1.0,1000,300,26,True,,,-3.4239113573187607,0.16114594396203757,0.16231259324898323,,,0.5335384063068421,4.220127424473564,48.69377797469497
lr1d,25,25,2.0,1.0,1.0,metropolis,custom,False,full,25,0.01,1e-05,2,1.0,1000,300,25,True,,,-3.423643749335156,0.1600017547607422,0.16137739988664787,,,0.5297127894495663,4.034434997166197,48.41321996599436
lr1d,25,25,2.0,1.0,1.0,metropolis,custom,False,full,25,0.01,1e-05,3,1.0,1000,300,26,True,,,-3.424057860861601,0.1596390575170517,0.161392925431331,,,0.5627441782141733,4.1962160612146056,48.4178776293993
lr1d,25,25,2.0,1.0,1.0,metropolis,custom,False,full,25,0.01,1e-05,4,1.0,1000,300,22,True,,,-3.4232201661577486,0.16068062391132115,0.16166491164515415,,,0.5318491886085231,3.556628056193391,48.49947349354625
lr1d,25,25,2.0,1.0,1.0,metropolis,custom,False,full,25,0.01,1e-05,5,1.0,1000,300,22,True,,,-3.4238604115164852,0.16302101816982031,0.16306209860990445,,,0.5469846971044999,3.5873661694178978,48.918629582971334
lr1d,25,25,2.0,2.0,1.0,metropolis,custom,False,full,25,0.01,1e-05,1,1.0,1000,300,59,True,,,-2.221475903161319,0.1841579433530569,0.1841091640293598,,,0.05480885928325588,10.862440677732229,55.232749208807945
lr1d,25,25,2.0,2.0,1.0,metropolis,custom,False,full,25,0.01,1e-05,2,1.0,1000,300,58,True,,,-2.2221362345617885,0.18453848361968994,0.18403756228586038,,,0.06365651647462435,10.674178612579903,55.211268685758114
lr1d,25,25,2.0,2.0,1.0,metropolis,custom,False,full,25,0.01,1e-05,3,1.0,1000,300,51,True,,,-2.221447866255811,0.18430613800883294,0.18407407287508248,,,0.07010301036022426,9.387777716629207,55.22222186252475
lr1d,25,25,2.0,2.0,1.0,metropolis,custom,False,full,25,0.01,1e-05,4,1.0,1000,300,63,True,,,-2.22434150994588,0.18421823773533105,0.18406124132374924,,,0.07171275887723462,11.595858203396201,55.21837239712477
lr1d,25,25,2.0,2.0,1.0,metropolis,custom,False,full,25,0.01,1e-05,5,1.0,1000,300,36,True,,,-2.2265787367925265,0.1842261141166091,0.18400593029956022,,,0.06906105352539998,6.624213490784168,55.20177908986807
lr1d,25,25,2.0,3.0,1.0,metropolis,custom,False,full,25,0.01,1e-05,1,1.0,1000,300,22,True,,,-2.143656194727232,0.18389331065118314,0.18350670780986547,,,0.05389943892470312,4.03714757181704,55.05201234295964
lr1d,25,25,2.0,3.0,1.0,metropolis,custom,False,full,25,0.01,1e-05,2,1.0,1000,300,23,True,,,-2.143620310901795,0.18382684458047152,0.18363608981172244,,,0.015253745134697513,4.223630065669616,55.09082694351673
lr1d,25,25,2.0,3.0,1.0,metropolis,custom,False,full,25,0.01,1e-05,3,1.0,1000,300,23,True,,,-2.1438173457649565,0.18384113423526288,0.18362216658890249,,,0.07368393022828076,4.223309831544757,55.08664997667075
lr1d,25,25,2.0,3.0,1.0,metropolis,custom,False,full,25,0.01,1e-05,4,1.0,1000,300,22,True,,,-2.1439487603061,0.18359370715916157,0.18355822851260503,,,0.06926799529271035,4.038281027277311,55.06746855378151
lr1d,25,25,2.0,3.0,1.0,metropolis,custom,False,full,25,0.01,1e-05,5,1.0,1000,300,24,True,,,-2.1442472214930755,0.18376995250582695,0.18358089016129572,,,0.05783483151530011,4.405941363871097,55.07426704838872
lr1d,25,25,3.044,0.5,1.0,metropolis,custom,False,full,25,0.01,1e-05,1,1.0,1000,300,10,True,,,-6.02174833753066,0.15135876424610614,0.15194189897427957,,,0.6437810039253918,1.5194189897427957,45.58256969228387
lr1d,25,25,3.044,0.5,1.0,metropolis,custom,False,full,25,0.01,1e-05,2,1.0,1000,300,12,True,,,-6.0228029927531805,0.15135288946330547,0.15228903256356716,,,0.6469542438337196,1.8274683907628058,45.68670976907015
lr1d,25,25,3.044,0.5,1.0,metropolis,custom,False,full,25,0.01,1e-05,3,1.0,1000,300,12,True,,,-6.021735815632551,0.15506823863834143,0.15481681807587544,,,0.6786453135695423,1.8578018169105053,46.44504542276263
lr1d,25,25,3.044,0.5,1.0,metropolis,custom,False,full,25,0.01,1e-05,4,1.0,1000,300,11,True,,,-6.022379062270721,0.15105334501713513,0.1518123471736908,,,0.6557311720618758,1.6699358189105988,45.54370415210724
lr1d,25,25,3.044,0.5,1.0,metropolis,custom,False,full,25,0.01,1e-05,5,1.0,1000,300,39,True,,,-6.021438543301936,0.16243768148124219,0.159736065864563,,,0.4400372675281388,6.2297065687179565,47.9208197593689
lr1d,25,25,3.044,1.0,1.0,metropolis,custom,False,full,25,0.01,1e-05,1,1.0,1000,300,28,True,,,-3.851707643131305,0.171400922909379,0.17598268563548725,,,0.2249267384674838,4.927515197793642,52.79480569064617
lr1d,25,25,3.044,1.0,1.0,metropolis,custom,False,full,25,0.01,1e-05,2,1.0,1000,300,25,True,,,-3.8509905966155342,0.17195174396038054,0.17738319193323454,,,0.24017346669054082,4.434579798330864,53.21495757997036
lr1d,25,25,3.044,1.0,1.0,metropolis,custom,False,full,25,0.01,1e-05,3,1.0,1000,300,23,True,,,-3.850970686200651,0.17222015298902987,0.1770875974992911,,,0.25812988718887026,4.0730147424836955,53.12627924978733
lr1d,25,25,3.044,1.0,1.0,metropolis,custom,False,full,25,0.01,1e-05,4,1.0,1000,300,22,True,,,-3.8510330150061187,0.17278050258755684,0.1762394679089387,,,0.23592956067804377,3.877268293996652,52.87184037268161
lr1d,25,25,3.044,1.0,1.0,metropolis,custom,False,full,25,0.01,1e-05,5,1.0,1000,300,21,True,,,-3.852234785102506,0.17288443334400655,0.17662713242073855,,,0.25790107302313425,3.7091697808355093,52.98813972622156
lr1d,25,25,3.044,2.0,1.0,metropolis,custom,False,full,25,0.01,1e-05,1,1.0,1000,300,14,True,,,-3.152232674033487,0.18406279105693102,0.18418935880064966,,,0.05276848112049118,2.5786510232090953,55.2568076401949
lr1d,25,25,3.044,2.0,1.0,metropolis,custom,False,full,25,0.01,1e-05,2,1.0,1000,300,14,True,,,-3.151697624476477,0.18411091081798076,0.18424521720657747,,,0.05500360642754871,2.5794330408920847,55.27356516197324
lr1d,25,25,3.044,2.0,1.0,metropolis,custom,False,full,25,0.01,1e-05,3,1.0,1000,300,13,True,,,-3.1512349236759873,0.18410482220351695,0.1839958540474375,,,0.0518546847012203,2.3919461026166875,55.19875621423125
lr1d,25,25,3.044,2.0,1.0,metropolis,custom,False,full,25,0.01,1e-05,4,1.0,1000,300,10,True,,,-3.1514379439735087,0.18378907181322574,0.1840064620723327,,,0.09292276252626801,1.840064620723327,55.20193862169981
lr1d,25,25,3.044,2.0,1.0,metropolis,custom,False,full,25,0.01,1e-05,5,1.0,1000,300,19,True,,,-3.151312688275243,0.1841489238664508,0.1840961810449759,,,0.10672801304653619,3.497827439854542,55.228854313492775
lr1d,25,25,3.044,3.0,1.0,metropolis,custom,False,full,25,0.01,1e-05,1,1.0,1000,300,11,True,,,-3.1324686615914894,0.1841819467023015,0.18423000937948625,,,0.38701616644977904,2.026530103174349,55.26900281384587
lr1d,25,25,3.044,3.0,1.0,metropolis,custom,False,full,25,0.01,1e-05,2,1.0,1000,300,12,True,,,-3.132253136650117,0.18416645005345345,0.1841929962982734,,,0.12209423448154191,2.210315955579281,55.25789888948202
lr1d,25,25,3.044,3.0,1.0,metropolis,custom,False,full,25,0.01,1e-05,3,1.0,1000,300,14,True,,,-3.1328149688329447,0.18409131448715926,0.18425718431671462,,,0.12400612297803335,2.5796005804340045,55.27715529501439
lr1d,25,25,3.044,3.0,1.0,metropolis,custom,False,full,25,0.01,1e-05,4,1.0,1000,300,11,True,,,-3.1326956413488563,0.18422119747847318,0.18420363675802945,,,0.30960359505453044,2.026240004338324,55.26109102740883
lr1d,25,25,3.044,3.0,1.0,metropolis,custom,False,full,25,0.01,1e-05,5,1.0,1000,300,14,True,,,-3.1328566736694308,0.18413104228675364,0.1842395922789971,,,0.4252486625822347,2.5793542919059593,55.27187768369913
lr1d,36,36,0.5,0.5,1.0,gibbs,custom,False,full,36,0.01,1e-05,1,1.0,1000,300,10,True,,,-7.030928790358447,0.03159485682845116,0.03914961972584327,,,0.9908913573672953,0.3914961972584327,11.744885917752981
lr1d,36,36,0.5,0.5,1.0,gibbs,custom,False,full,36,0.01,1e-05,2,1.0,1000,300,9,True,,,-7.030636758032915,0.036620095185935495,0.03552143047253291,,,0.9889545302711462,0.3196928742527962,10.656429141759872
lr1d,36,36,0.5,0.5,1.0,gibbs,custom,False,full,36,0.01,1e-05,3,1.0,1000,300,9,True,,,-7.029733699030224,0.03096189070492983,0.03583992796639601,,,0.9890050194995456,0.3225593516975641,10.751978389918804
lr1d,36,36,0.5,0.5,1.0,gibbs,custom,False,full,36,0.01,1e-05,4,1.0,1000,300,11,True,,,-7.030489574611771,0.032337641902267934,0.033890102095901965,,,0.9869477099312166,0.3727911230549216,10.16703062877059
lr1d,36,36,0.5,0.5,1.0,gibbs,custom,False,full,36,0.01,1e-05,5,1.0,1000,300,8,True,,,-7.0293468740453235,0.03480183053761721,0.03659574318677187,,,0.9940035048497856,0.29276594549417495,10.978722956031561
lr1d,36,36,0.5,1.0,1.0,gibbs,custom,False,full,36,0.01,1e-05,1,1.0,1000,300,20,True,,,-3.482649465366479,0.03705066274851561,0.03645651747783025,,,0.9580611329030588,0.7291303495566049,10.936955243349075
lr1d,36,36,0.5,1.0,1.0,gibbs,custom,False,full,36,0.01,1e-05,2,1.0,1000,300,21,True,,,-3.4834576644444786,0.03709366712719202,0.03680721949785948,,,0.9490036685830059,0.772951609455049,11.042165849357843
lr1d,36,36,0.5,1.0,1.0,gibbs,custom,False,full,36,0.01,1e-05,3,1.0,1000,300,21,True,,,-3.4837856201605177,0.03688981756567955,0.03604658053567012,,,0.9471320863976698,0.7569781912490725,10.813974160701036
lr1d,36,36,0.5,1.0,1.0,gibbs,custom,False,full,36,0.01,1e-05,4,1.0,1000,300,21,True,,,-3.4828934300644265,0.037642253749072555,0.037014601503809294,,,0.9581039647767098,0.7773066315799951,11.104380451142788
lr1d,36,36,0.5,1.0,1.0,gibbs,custom,False,full,36,0.01,1e-05,5,1.0,1000,300,20,True,,,-3.4830610824917967,0.03220960833132267,0.03601186965902647,,,0.9630961574758192,0.7202373931805294,10.803560897707941
lr1d,36,36,0.5,2.0,1.0,gibbs,custom,False,full,36,0.01,1e-05,1,1.0,1000,300,61,True,,,-1.6268283864242925,0.03678830936551094,0.04149839380135139,,,0.7892701748211078,2.531402021882435,12.449518140405416
lr1d,36,36,0.5,2.0,1.0,gibbs,custom,False,full,36,0.01,1e-05,2,1.0,1000,300,60,True,,,-1.626738912892619,0.038160981610417366,0.04110856798787912,,,0.7994557822840819,2.466514079272747,12.332570396363735
lr1d,36,36,0.5,2.0,1.0,gibbs,custom,False,full,36,0.01,1e-05,3,1.0,1000,300,59,True,,,-1.6265656766604344,0.03756794314831495,0.040455172893901666,,,0.7911197921153257,2.3868552007401984,12.1365518681705
lr1d,36,36,0.5,2.0,1.0,gibbs,custom,False,full,36,0.01,1e-05,4,1.0,1000,300,58,True,,,-1.626454479489987,0.03511441014707088,0.03970776554197073,,,0.7818856645656906,2.3030504014343025,11.912329662591219
lr1d,36,36,0.5,2.0,1.0,gibbs,custom,False,full,36,0.01,1e-05,5,1.0,1000,300,57,True,,,-1.6266302427810824,0.04100764989852905,0.04089385660986106,,,0.7873441554028442,2.33094982676208,12.268156982958317
lr1d,36,36,0.5,3.0,1.0,gibbs,custom,False,full,36,0.01,1e-05,1,1.0,1000,300,122,True,,,-1.2506341715980402,0.03808233123272657,0.04123934672524532,,,0.6971728556002954,5.031200300479929,12.371804017573595
lr1d,36,36,0.5,3.0,1.0,gibbs,custom,False,full,36,0.01,1e-05,2,1.0,1000,300,125,True,,,-1.2504627656078748,0.035866995342075825,0.03980211202055216,,,0.6583299392047824,4.97526400256902,11.940633606165648
lr1d,36,36,0.5,3.0,1.0,gibbs,custom,False,full,36,0.01,1e-05,3,1.0,1000,300,118,True,,,-1.2511003497109008,0.041750498861074445,0.040756465805073576,,,0.6654776695246654,4.809262964998682,12.226939741522072
lr1d,36,36,0.5,3.0,1.0,gibbs,custom,False,full,36,0.01,1e-05,4,1.0,1000,300,112,True,,,-1.2504131341504607,0.036339026689529416,0.040979164205491546,,,0.6565437762265555,4.5896663910150535,12.293749261647465
lr1d,36,36,0.5,3.0,1.0,gibbs,custom,False,full,36,0.01,1e-05,5,1.0,1000,300,109,True,,,-1.2505863470713088,0.0326037734746933,0.04051715893050035,,,0.6620046012316281,4.4163703234245375,12.155147679150105
lr1d,36,36,1.0,0.5,1.0,gibbs,custom,False,full,36,0.01,1e-05,1,1.0,1000,300,9,True,,,-7.056996783545662,0.032768468372523785,0.03618604818979899,,,0.9549802317834705,0.3256744337081909,10.855814456939695
lr1d,36,36,1.0,0.5,1.0,gibbs,custom,False,full,36,0.01,1e-05,2,1.0,1000,300,9,True,,,-7.0577754004721385,0.03595147971063852,0.035466213896870616,,,0.9450622972139843,0.31919592507183553,10.639864169061184
lr1d,36,36,1.0,0.5,1.0,gibbs,custom,False,full,36,0.01,1e-05,3,1.0,1000,300,9,True,,,-7.056395105771588,0.03208170309662819,0.03520543020218611,,,0.9461242581852026,0.316848871819675,10.561629060655834
lr1d,36,36,1.0,0.5,1.0,gibbs,custom,False,full,36,0.01,1e-05,4,1.0,1000,300,10,True,,,-7.055628355145798,0.03452180624008179,0.03614567137012879,,,0.9581039004368057,0.36145671370128796,10.843701411038637
lr1d,36,36,1.0,0.5,1.0,gibbs,custom,False,full,36,0.01,1e-05,5,1.0,1000,300,8,True,,,-7.056197115689076,0.03531886525452137,0.03640239870796601,,,0.9620878572399283,0.29121918966372806,10.920719612389803
lr1d,36,36,1.0,1.0,1.0,gibbs,custom,False,full,36,0.01,1e-05,1,1.0,1000,300,20,True,,,-3.5375341413111583,0.035616718046367166,0.04082339561233918,,,0.8354938499793539,0.8164679122467835,12.247018683701754
lr1d,36,36,1.0,1.0,1.0,gibbs,custom,False,full,36,0.01,1e-05,2,1.0,1000,300,20,True,,,-3.5372198820964287,0.03658542986959219,0.04017499135186275,,,0.8473457064249706,0.803499827037255,12.052497405558825
lr1d,36,36,1.0,1.0,1.0,gibbs,custom,False,full,36,0.01,1e-05,3,1.0,1000,300,20,True,,,-3.5373952052382727,0.04101211503148079,0.041076600501934686,,,0.8306122896207793,0.8215320100386937,12.322980150580406
lr1d,36,36,1.0,1.0,1.0,gibbs,custom,False,full,36,0.01,1e-05,4,1.0,1000,300,20,True,,,-3.537026841241675,0.04303790368139744,0.0415003098299106,,,0.8463471450041883,0.830006196598212,12.450092948973179
lr1d,36,36,1.0,1.0,1.0,gibbs,custom,False,full,36,0.01,1e-05,5,1.0,1000,300,20,True,,,-3.537376154740874,0.04014762658625841,0.04081673601021369,,,0.8247044579687834,0.8163347202042738,12.245020803064108
lr1d,36,36,1.0,2.0,1.0,gibbs,custom,False,full,36,0.01,1e-05,1,1.0,1000,300,68,True,,,-1.7454934233132922,0.03878804892301559,0.041591559449831644,,,0.4160073886108403,2.8282260425885517,12.477467834949493
lr1d,36,36,1.0,2.0,1.0,gibbs,custom,False,full,36,0.01,1e-05,2,1.0,1000,300,64,True,,,-1.7448995514602648,0.041972135007381436,0.04029667548835278,,,0.4334081496864094,2.578987231254578,12.089002646505834
lr1d,36,36,1.0,2.0,1.0,gibbs,custom,False,full,36,0.01,1e-05,3,1.0,1000,300,63,True,,,-1.7451462298798663,0.04125806987285614,0.04087917091945807,,,0.4164158461453654,2.5753877679258586,12.263751275837421
lr1d,36,36,1.0,2.0,1.0,gibbs,custom,False,full,36,0.01,1e-05,4,1.0,1000,300,63,True,,,-1.7450286333367622,0.044318532571196556,0.04129713519165913,,,0.3990420856767345,2.601719517074525,12.38914055749774
lr1d,36,36,1.0,2.0,1.0,gibbs,custom,False,full,36,0.01,1e-05,5,1.0,1000,300,65,True,,,-1.7455676858332967,0.03872674442827702,0.04090999081730842,,,0.40789492354417833,2.6591494031250473,12.272997245192526
lr1d,36,36,1.0,3.0,1.0,gibbs,custom,False,full,36,0.01,1e-05,1,1.0,1000,300,146,True,,,-1.408172860105327,0.036045757681131364,0.040628286426266036,,,0.18381744920381732,5.9317298182348415,12.18848592787981
lr1d,36,36,1.0,3.0,1.0,gibbs,custom,False,full,36,0.01,1e-05,2,1.0,1000,300,146,True,,,-1.4081692652872047,0.03611916899681091,0.04110765737791856,,,0.18320369695204589,6.00171797717611,12.332297213375568
lr1d,36,36,1.0,3.0,1.0,gibbs,custom,False,full,36,0.01,1e-05,3,1.0,1000,300,131,True,,,-1.4060423662210764,0.04143416304141283,0.04038278039544821,,,0.1954094286081573,5.2901442318037155,12.114834118634462
lr1d,36,36,1.0,3.0,1.0,gibbs,custom,False,full,36,0.01,1e-05,4,1.0,1000,300,141,True,,,-1.4088602765758003,0.036703328043222426,0.04049914758652449,,,0.18361239098764784,5.710379809699953,12.149744275957346
lr1d,36,36,1.0,3.0,1.0,gibbs,custom,False,full,36,0.01,1e-05,5,1.0,1000,300,146,True,,,-1.409066673150607,0.03788086883723736,0.0415656744937102,,,0.20571027227063468,6.06858847608169,12.46970234811306
lr1d,36,36,2.0,0.5,1.0,gibbs,custom,False,full,36,0.01,1e-05,1,1.0,1000,300,8,True,,,-7.163323630262065,0.039795389585196975,0.0410099100942413,,,0.8404088545504501,0.3280792807539304,12.30297302827239
lr1d,36,36,2.0,0.5,1.0,gibbs,custom,False,full,36,0.01,1e-05,2,1.0,1000,300,9,True,,,-7.165095356979366,0.03551640957593918,0.04008504377057155,,,0.8381716851621801,0.36076539393514395,12.025513131171465
lr1d,36,36,2.0,0.5,1.0,gibbs,custom,False,full,36,0.01,1e-05,3,1.0,1000,300,9,True,,,-7.160883272359866,0.03910186123102903,0.04035607521732648,,,0.8315580730914935,0.36320467695593833,12.106822565197945
lr1d,36,36,2.0,0.5,1.0,gibbs,custom,False,full,36,0.01,1e-05,4,1.0,1000,300,10,True,,,-7.1577991220758195,0.03586470726877451,0.04116289769609769,,,0.8430983933677415,0.4116289769609769,12.348869308829308
lr1d,36,36,2.0,0.5,1.0,gibbs,custom,False,full,36,0.01,1e-05,5,1.0,1000,300,8,True,,,-7.160658840410171,0.03851267639547586,0.039206800423562525,,,0.8384322512464311,0.3136544033885002,11.762040127068758
lr1d,36,36,2.0,1.0,1.0,gibbs,custom,False,full,36,0.01,1e-05,1,1.0,1000,300,20,True,,,-3.754160790403874,0.03442732226103544,0.04029206324368715,,,0.4779828207944663,0.805841264873743,12.087618973106144
lr1d,36,36,2.0,1.0,1.0,gibbs,custom,False,full,36,0.01,1e-05,2,1.0,1000,300,19,True,,,-3.753528343813322,0.041418658755719664,0.041094584154586,,,0.48045134737703726,0.780797098937134,12.3283752463758
lr1d,36,36,2.0,1.0,1.0,gibbs,custom,False,full,36,0.01,1e-05,3,1.0,1000,300,19,True,,,-3.7540298178620746,0.038159145042300224,0.0406726448237896,,,0.4659163896952753,0.7727802516520024,12.20179344713688
lr1d,36,36,2.0,1.0,1.0,gibbs,custom,False,full,36,0.01,1e-05,4,1.0,1000,300,19,True,,,-3.753558214643083,0.03327798321843147,0.03980904576679071,,,0.4837928031359077,0.7563718695690235,11.942713730037212
lr1d,36,36,2.0,1.0,1.0,gibbs,custom,False,full,36,0.01,1e-05,5,1.0,1000,300,19,True,,,-3.7537812270957156,0.04309160839766264,0.04060761683930953,,,0.49147860788506925,0.7715447199468811,12.18228505179286
lr1d,36,36,2.0,2.0,1.0,gibbs,custom,False,full,36,0.01,1e-05,1,1.0,1000,300,68,True,,,-2.230222909685703,0.038048163428902625,0.04111729734887679,,,0.02404510465690218,2.795976219723622,12.335189204663038
lr1d,36,36,2.0,2.0,1.0,gibbs,custom,False,full,36,0.01,1e-05,2,1.0,1000,300,71,True,,,-2.2317151404995714,0.0372415117919445,0.040422354179124036,,,0.028919384977338838,2.8699871467178064,12.126706253737211
lr1d,36,36,2.0,2.0,1.0,gibbs,custom,False,full,36,0.01,1e-05,3,1.0,1000,300,64,True,,,-2.231808219758253,0.043636609613895413,0.04065335463732481,,,0.022783799052239158,2.6018146967887876,12.196006391197441
lr1d,36,36,2.0,2.0,1.0,gibbs,custom,False,full,36,0.01,1e-05,4,1.0,1000,300,69,True,,,-2.233105424284738,0.038374677672982214,0.04151532427718242,,,0.023037137685822728,2.864557375125587,12.454597283154726
lr1d,36,36,2.0,2.0,1.0,gibbs,custom,False,full,36,0.01,1e-05,5,1.0,1000,300,70,True,,,-2.232505202416145,0.0401812955737114,0.04185882252951463,,,0.022892625920794548,2.930117577066024,12.55764675885439
lr1d,36,36,2.0,3.0,1.0,gibbs,custom,False,full,36,0.01,1e-05,1,1.0,1000,300,25,True,,,-2.1422581923782844,0.03724360782653093,0.04180353080232938,,,0.045963575362653046,1.0450882700582345,12.541059240698814
lr1d,36,36,2.0,3.0,1.0,gibbs,custom,False,full,36,0.01,1e-05,2,1.0,1000,300,26,True,,,-2.141100360493045,0.03763047251850367,0.0405236304178834,,,0.018443668867070072,1.0536143908649684,12.15708912536502
lr1d,36,36,2.0,3.0,1.0,gibbs,custom,False,full,36,0.01,1e-05,3,1.0,1000,300,28,True,,,-2.143544942395205,0.04299976583570242,0.04114157669246197,,,0.016795492792544275,1.151964147388935,12.34247300773859
lr1d,36,36,2.0,3.0,1.0,gibbs,custom,False,full,36,0.01,1e-05,4,1.0,1000,300,25,True,,,-2.142516216817282,0.039393287524580954,0.04114303013930718,,,0.051027323076347005,1.0285757534826796,12.342909041792154
lr1d,36,36,2.0,3.0,1.0,gibbs,custom,False,full,36,0.01,1e-05,5,1.0,1000,300,25,True,,,-2.1424752224062784,0.04083347730338573,0.040854342977205915,,,0.015676811607002406,1.0213585744301479,12.256302893161774
lr1d,36,36,3.044,0.5,1.0,gibbs,custom,False,full,36,0.01,1e-05,1,1.0,1000,300,8,True,,,-7.351786001085577,0.039134424179792404,0.04011346376190583,,,0.6692720441909876,0.32090771009524666,12.034039128571749
lr1d,36,36,3.044,0.5,1.0,gibbs,custom,False,full,36,0.01,1e-05,2,1.0,1000,300,8,True,,,-7.3517291197220285,0.042959536984562875,0.04117448107649883,,,0.6721947578973773,0.3293958486119906,12.352344322949648
lr1d,36,36,3.044,0.5,1.0,gibbs,custom,False,full,36,0.01,1e-05,3,1.0,1000,300,9,True,,,-7.343225853700974,0.037812113761901855,0.03986457404990991,,,0.6254654519667945,0.35878116644918917,11.959372214972973
lr1d,36,36,3.044,0.5,1.0,gibbs,custom,False,full,36,0.01,1e-05,4,1.0,1000,300,11,True,,,-7.345193178406324,0.03958771750330925,0.042229415165881315,,,0.659116213787076,0.4645235668246945,12.668824549764395
lr1d,36,36,3.044,0.5,1.0,gibbs,custom,False,full,36,0.01,1e-05,5,1.0,1000,300,8,True,,,-7.342846812589883,0.04074788261204958,0.041404982755581535,,,0.6439888024058603,0.3312398620446523,12.42149482667446
lr1d,36,36,3.044,1.0,1.0,gibbs,custom,False,full,36,0.01,1e-05,1,1.0,1000,300,19,True,,,-4.135458393434882,0.03843467589467764,0.04067780014127493,,,0.20899501944948315,0.7728782026842237,12.203340042382479
lr1d,36,36,3.044,1.0,1.0,gibbs,custom,False,full,36,0.01,1e-05,2,1.0,1000,300,18,True,,,-4.1353342648705125,0.04159831292927265,0.0404955530911684,,,0.19411660311863832,0.7289199556410313,12.148665927350521
lr1d,36,36,3.044,1.0,1.0,gibbs,custom,False,full,36,0.01,1e-05,3,1.0,1000,300,17,True,,,-4.134888131725482,0.03592824246734381,0.040629660164316496,,,0.19580027081253065,0.6907042227933804,12.188898049294949
lr1d,36,36,3.044,1.0,1.0,gibbs,custom,False,full,36,0.01,1e-05,4,1.0,1000,300,17,True,,,-4.134487260410509,0.043083088286221025,0.04234066349764665,,,0.20258117626756988,0.719791279459993,12.702199049293995
lr1d,36,36,3.044,1.0,1.0,gibbs,custom,False,full,36,0.01,1e-05,5,1.0,1000,300,17,True,,,-4.134915907455733,0.03585309814661741,0.041337525385121504,,,0.1974952291628551,0.7027379315470655,12.401257615536451
lr1d,36,36,3.044,2.0,1.0,gibbs,custom,False,full,36,0.01,1e-05,1,1.0,1000,300,13,True,,,-3.151355231671026,0.04312201477587223,0.04175977611293395,,,0.025982735996227788,0.5428770894681414,12.527932833880186
lr1d,36,36,3.044,2.0,1.0,gibbs,custom,False,full,36,0.01,1e-05,2,1.0,1000,300,13,True,,,-3.150129873799886,0.040809561125934125,0.040396727360785006,,,0.05503662032037028,0.5251574556902051,12.119018208235502
lr1d,36,36,3.044,2.0,1.0,gibbs,custom,False,full,36,0.01,1e-05,3,1.0,1000,300,14,True,,,-3.151992221689839,0.04056292232125998,0.041422436150411766,,,0.03252470967027694,0.5799141061057648,12.42673084512353
lr1d,36,36,3.044,2.0,1.0,gibbs,custom,False,full,36,0.01,1e-05,4,1.0,1000,300,12,True,,,-3.1513104922874873,0.03742589894682169,0.04148112119485935,,,0.03692419737119155,0.49777345433831216,12.444336358457804
lr1d,36,36,3.044,2.0,1.0,gibbs,custom,False,full,36,0.01,1e-05,5,1.0,1000,300,12,True,,,-3.1512228317546667,0.0447243569418788,0.04246325552463531,,,0.020367470308744903,0.5095590662956238,12.738976657390594
lr1d,36,36,3.044,3.0,1.0,gibbs,custom,False,full,36,0.01,1e-05,1,1.0,1000,300,12,True,,,-3.1315647195793437,0.039408347010612486,0.04049097608774901,,,0.2770922420102835,0.48589171305298806,12.147292826324703
lr1d,36,36,3.044,3.0,1.0,gibbs,custom,False,full,36,0.01,1e-05,2,1.0,1000,300,11,True,,,-3.13086392252315,0.04037252403795719,0.04142274058113495,,,0.22887522487783696,0.45565014639248447,12.426822174340487
lr1d,36,36,3.044,3.0,1.0,gibbs,custom,False,full,36,0.01,1e-05,3,1.0,1000,300,12,True,,,-3.1314007796853245,0.03753123953938484,0.039864110698302584,,,0.28382708692429837,0.478369328379631,11.959233209490774
lr1d,36,36,3.044,3.0,1.0,gibbs,custom,False,full,36,0.01,1e-05,4,1.0,1000,300,10,True,,,-3.130826789426231,0.04015044737607241,0.04155733395367861,,,0.17795596285267934,0.4155733395367861,12.467200186103582
lr1d,36,36,3.044,3.0,1.0,gibbs,custom,False,full,36,0.01,1e-05,5,1.0,1000,300,11,True,,,-3.131089699004073,0.04319086018949747,0.041256999745965,,,0.28250560595573354,0.45382699720561503,12.3770999237895
lr1d,36,36,0.5,0.5,1.0,lsb,custom,True,full,36,0.01,1e-05,1,1.0,1000,300,6,True,,,-7.039642707175789,0.02423231452703476,0.030668622739613058,,,0.9994685414692118,0.18401173643767835,9.200586821883917
lr1d,36,36,0.5,0.5,1.0,lsb,custom,True,full,36,0.01,1e-05,2,1.0,1000,300,6,True,,,-7.04690931542792,0.023693920113146305,0.023700414138535658,,,,0.14220248483121395,7.1101242415606976
lr1d,36,36,0.5,0.5,1.0,lsb,custom,True,full,36,0.01,1e-05,3,1.0,1000,300,6,True,,,-7.044402088322206,0.024210467375814913,0.023737211326758066,,,,0.14242326796054838,7.12116339802742
lr1d,36,36,0.5,0.5,1.0,lsb,custom,True,full,36,0.01,1e-05,4,1.0,1000,300,6,True,,,-7.039438501785878,0.024695315398275852,0.024437708010276157,,,,0.14662624806165694,7.331312403082848
lr1d,36,36,0.5,0.5,1.0,lsb,custom,True,full,36,0.01,1e-05,5,1.0,1000,300,4,True,,,-7.0433155884654495,0.024029487371444704,0.02504989708463351,,,0.9988969906562183,0.10019958833853404,7.514969125390053
lr1d,36,36,0.5,1.0,1.0,lsb,custom,True,full,36,0.01,1e-05,1,1.0,1000,300,56,True,,,-3.476710348086955,0.02455878406763077,0.024878407754004003,,,0.9975212388724086,1.393190834224224,7.463522326201201
lr1d,36,36,0.5,1.0,1.0,lsb,custom,True,full,36,0.01,1e-05,2,1.0,1000,300,52,True,,,-3.476980818778421,0.024077042192220687,0.0245730151856939,,,0.9997027704401403,1.277796789656083,7.371904555708171
lr1d,36,36,0.5,1.0,1.0,lsb,custom,True,full,36,0.01,1e-05,3,1.0,1000,300,43,True,,,-3.4780474242776136,0.022983266785740853,0.02454210604230563,,,0.9979728978594657,1.0553105598191421,7.3626318126916885
lr1d,36,36,0.5,1.0,1.0,lsb,custom,True,full,36,0.01,1e-05,4,1.0,1000,300,52,True,,,-3.4782483996198694,0.02438928410410881,0.024925523921847343,,,0.7566906630452636,1.2961272439360618,7.477657176554203
lr1d,36,36,0.5,1.0,1.0,lsb,custom,True,full,36,0.01,1e-05,5,1.0,1000,300,49,True,,,-3.4767721951632664,0.02415695432573557,0.02480845507234335,,,0.8481630768252778,1.2156142985448242,7.442536521703005
lr1d,36,36,0.5,2.0,1.0,lsb,custom,True,full,36,0.01,1e-05,1,1.0,1000,300,247,True,,,-1.6187411710578286,0.025026323087513448,0.024705427326262,,,0.9232708578884234,6.102240549586714,7.411628197878599
lr1d,36,36,0.5,2.0,1.0,lsb,custom,True,full,36,0.01,1e-05,2,1.0,1000,300,236,True,,,-1.6191817635317296,0.024319192953407766,0.02435865515222152,,,0.9465627955111034,5.748642615924279,7.307596545666456
lr1d,36,36,0.5,2.0,1.0,lsb,custom,True,full,36,0.01,1e-05,3,1.0,1000,300,235,True,,,-1.6190715443589832,0.02450181022286415,0.024426435145239036,,,0.9478502138514545,5.740212259131173,7.327930543571711
lr1d,36,36,0.5,2.0,1.0,lsb,custom,True,full,36,0.01,1e-05,4,1.0,1000,300,233,True,,,-1.6202636649014077,0.025651953555643557,0.02451694119721651,,,0.9320551255228094,5.712447298951447,7.355082359164953
lr1d,36,36,0.5,2.0,1.0,lsb,custom,True,full,36,0.01,1e-05,5,1.0,1000,300,243,True,,,-1.619137114227464,0.025405292585492133,0.02463668664296468,,,0.9287169417090162,5.986714854240417,7.391005992889403
lr1d,36,36,0.5,3.0,1.0,lsb,custom,True,full,36,0.01,1e-05,1,1.0,1000,300,280,False,,,-1.2043903369609679,0.02462555021047592,0.024511458352208138,,,0.30103866162754933,6.8632083386182785,7.353437505662441
lr1d,36,36,0.5,3.0,1.0,lsb,custom,True,full,36,0.01,1e-05,2,1.0,1000,300,280,False,,,-1.2024564966322926,0.024350362829864025,0.024522093161940574,,,0.31670319523730955,6.866186085343361,7.356627948582172
lr1d,36,36,0.5,3.0,1.0,lsb,custom,True,full,36,0.01,1e-05,3,1.0,1000,300,280,False,,,-1.203558825937257,0.02431555315852165,0.024673360362648965,,,0.2953823072331745,6.90854090154171,7.402008108794689
lr1d,36,36,0.5,3.0,1.0,lsb,custom,True,full,36,0.01,1e-05,4,1.0,1000,300,280,False,,,-1.2021934195439992,0.025122800096869468,0.024653560494383175,,,0.2826358268396517,6.902996938427289,7.396068148314953
lr1d,36,36,0.5,3.0,1.0,lsb,custom,True,full,36,0.01,1e-05,5,1.0,1000,300,280,False,,,-1.2037782587480717,0.025260045379400253,0.024713552333414556,,,0.3145125051638838,6.9197946533560755,7.414065700024367
lr1d,36,36,1.0,0.5,1.0,lsb,custom,True,full,36,0.01,1e-05,1,1.0,1000,300,6,True,,,-7.072206485691623,0.02465872410684824,0.025064639945824942,,,0.9989167833579986,0.15038783967494965,7.519391983747482
lr1d,36,36,1.0,0.5,1.0,lsb,custom,True,full,36,0.01,1e-05,2,1.0,1000,300,8,True,,,-7.074371278272977,0.024655118212103845,0.024831067050496737,,,0.9998040334862611,0.1986485364039739,7.449320115149021
lr1d,36,36,1.0,0.5,1.0,lsb,custom,True,full,36,0.01,1e-05,3,1.0,1000,300,280,False,,,,0.023439124785363676,0.02334653942535321,,,,6.537031039098899,7.003961827605963
lr1d,36,36,1.0,0.5,1.0,lsb,custom,True,full,36,0.01,1e-05,4,1.0,1000,300,6,True,,,-7.07007567833768,0.024849850684404373,0.02478014975786209,,,0.9998477836263497,0.14868089854717254,7.434044927358627
lr1d,36,36,1.0,0.5,1.0,lsb,custom,True,full,36,0.01,1e-05,5,1.0,1000,300,280,False,,,,0.0237498726695776,0.023600484902660052,,,,6.608135772744815,7.080145470798016
lr1d,36,36,1.0,1.0,1.0,lsb,custom,True,full,36,0.01,1e-05,1,1.0,1000,300,44,True,,,-3.522385869184711,0.024073817208409308,0.0244522679472963,,,0.9969747065796379,1.0758997896810372,7.3356803841888905
lr1d,36,36,1.0,1.0,1.0,lsb,custom,True,full,36,0.01,1e-05,2,1.0,1000,300,38,True,,,-3.521075551154277,0.024673718586564065,0.024509957283735274,,,0.9955880276615283,0.9313783767819404,7.352987185120582
lr1d,36,36,1.0,1.0,1.0,lsb,custom,True,full,36,0.01,1e-05,3,1.0,1000,300,35,True,,,-3.5250649519147763,0.024960081465542315,0.024740910418331624,,,0.9943910240419958,0.8659318646416069,7.422273125499487
lr1d,36,36,1.0,1.0,1.0,lsb,custom,True,full,36,0.01,1e-05,4,1.0,1000,300,37,True,,,-3.520997713234485,0.02399907596409321,0.02447135390092929,,,0.9960048904256735,0.9054400943343838,7.341406170278788
lr1d,36,36,1.0,1.0,1.0,lsb,custom,True,full,36,0.01,1e-05,5,1.0,1000,300,37,True,,,-3.5220162748231325,0.02381940670311451,0.02472960714250803,,,0.9939827399121035,0.9149954642727971,7.418882142752409
lr1d,36,36,1.0,2.0,1.0,lsb,custom,True,full,36,0.01,1e-05,1,1.0,1000,300,202,True,,,-1.7371128468607098,0.02373847085982561,0.024563287322719892,,,0.7046857213248173,4.961784039189419,7.368986196815968
lr1d,36,36,1.0,2.0,1.0,lsb,custom,True,full,36,0.01,1e-05,2,1.0,1000,300,201,True,,,-1.736139820166366,0.023845553025603296,0.02426103005806605,,,0.6904589926420898,4.876467041671276,7.278309017419815
lr1d,36,36,1.0,2.0,1.0,lsb,custom,True,full,36,0.01,1e-05,3,1.0,1000,300,193,True,,,-1.735979976083976,0.024274523183703423,0.024379237691561383,,,0.7464201812019621,4.705192874471347,7.313771307468415
lr1d,36,36,1.0,2.0,1.0,lsb,custom,True,full,36,0.01,1e-05,4,1.0,1000,300,188,True,,,-1.7354377907393626,0.024488651007413865,0.02446408527592818,,,0.6901474334540426,4.599248031874498,7.339225582778454
lr1d,36,36,1.0,2.0,1.0,lsb,custom,True,full,36,0.01,1e-05,5,1.0,1000,300,195,True,,,-1.7360959800342588,0.025332789309322833,0.02462653610855341,,,0.6994648054570464,4.802174541167915,7.387960832566023
lr1d,36,36,1.0,3.0,1.0,lsb,custom,True,full,36,0.01,1e-05,1,1.0,1000,300,65,True,,,-1.3669851341254382,0.02423752062022686,0.02436407785862684,,,0.039256808514703895,1.5836650608107448,7.309223357588053
lr1d,36,36,1.0,3.0,1.0,lsb,custom,True,full,36,0.01,1e-05,2,1.0,1000,300,59,True,,,-1.3692743895512107,0.024722309596836568,0.024668780056138834,,,0.059122462897507985,1.4554580233121912,7.40063401684165
lr1d,36,36,1.0,3.0,1.0,lsb,custom,True,full,36,0.01,1e-05,3,1.0,1000,300,53,True,,,-1.3669679474112404,0.0244422210380435,0.024157041584451994,,,0.029753976913141925,1.2803232039759558,7.247112475335598
lr1d,36,36,1.0,3.0,1.0,lsb,custom,True,full,36,0.01,1e-05,4,1.0,1000,300,62,True,,,-1.3623185255444166,0.0250205148011446,0.02463895957916975,,,0.05545802746681159,1.5276154939085245,7.391687873750925
lr1d,36,36,1.0,3.0,1.0,lsb,custom,True,full,36,0.01,1e-05,5,1.0,1000,300,53,True,,,-1.3701291546604404,0.024079488962888716,0.024522529182334742,,,0.05844380551748353,1.2996940466637414,7.356758754700422
lr1d,36,36,2.0,0.5,1.0,lsb,custom,True,full,36,0.01,1e-05,1,1.0,1000,300,13,True,,,-7.13753063301686,0.025266327336430548,0.02493677011380593,,,0.9953097408444305,0.3241780114794771,7.481031034141779
lr1d,36,36,2.0,0.5,1.0,lsb,custom,True,full,36,0.01,1e-05,2,1.0,1000,300,280,False,,,,0.023914631828665732,0.023295104106267294,,,,6.5226291497548425,6.988531231880188
lr1d,36,36,2.0,0.5,1.0,lsb,custom,True,full,36,0.01,1e-05,3,1.0,1000,300,20,True,,,-7.154286103973514,0.024652238376438616,0.024767321534454823,,,0.9955350592347193,0.49534643068909645,7.430196460336447
lr1d,36,36,2.0,0.5,1.0,lsb,custom,True,full,36,0.01,1e-05,4,1.0,1000,300,11,True,,,-7.154495631297408,0.024922251328825952,0.023556070836881795,,,,0.25911677920569975,7.066821251064538
lr1d,36,36,2.0,0.5,1.0,lsb,custom,True,full,36,0.01,1e-05,5,1.0,1000,300,24,True,,,-7.1482913165218305,0.024863523058593275,0.02377804562449455,,,,0.5706730949878692,7.133413687348365
lr1d,36,36,2.0,1.0,1.0,lsb,custom,True,full,36,0.01,1e-05,1,1.0,1000,300,30,True,,,-3.730375062678666,0.024388940818607808,0.024289920988182227,,,0.965787683878552,0.7286976296454668,7.286976296454668
lr1d,36,36,2.0,1.0,1.0,lsb,custom,True,full,36,0.01,1e-05,2,1.0,1000,300,26,True,,,-3.7311363258872667,0.024428574554622173,0.024156898098687332,,,0.9861569467024627,0.6280793505658706,7.247069429606199
lr1d,36,36,2.0,1.0,1.0,lsb,custom,True,full,36,0.01,1e-05,3,1.0,1000,300,37,True,,,-3.7303597634638406,0.02478770073503256,0.024293844054142633,,,0.9842835415564974,0.8988722300032774,7.28815321624279
lr1d,36,36,2.0,1.0,1.0,lsb,custom,True,full,36,0.01,1e-05,4,1.0,1000,300,25,True,,,-3.7349614669735933,0.024323038384318353,0.024425328647096952,,,0.973800807625867,0.6106332161774238,7.3275985941290855
lr1d,36,36,2.0,1.0,1.0,lsb,custom,True,full,36,0.01,1e-05,5,1.0,1000,300,36,True,,,-3.7267863103971033,0.0239123722538352,0.024283570709327858,,,0.9814630766188479,0.8742085455358029,7.285071212798357
lr1d,36,36,2.0,2.0,1.0,lsb,custom,True,full,36,0.01,1e-05,1,1.0,1000,300,47,True,,,-2.22307964063582,0.02474547326564789,0.024624732186396915,,,0.03444902110672712,1.157362412760655,7.387419655919074
lr1d,36,36,2.0,2.0,1.0,lsb,custom,True,full,36,0.01,1e-05,2,1.0,1000,300,48,True,,,-2.223945756389191,0.024225665628910063,0.024330289016167322,,,0.040328921258211525,1.1678538727760315,7.299086704850197
lr1d,36,36,2.0,2.0,1.0,lsb,custom,True,full,36,0.01,1e-05,3,1.0,1000,300,48,True,,,-2.2254030672573473,0.025455506332218648,0.024424922118584314,,,0.02980506063776013,1.1723962616920471,7.3274766355752945
lr1d,36,36,2.0,2.0,1.0,lsb,custom,True,full,36,0.01,1e-05,4,1.0,1000,300,48,True,,,-2.22487160513269,0.02486194297671318,0.024650738512476286,,,0.02210126981209484,1.1832354485988616,7.395221553742886
lr1d,36,36,2.0,2.0,1.0,lsb,custom,True,full,36,0.01,1e-05,5,1.0,1000,300,49,True,,,-2.2240791063559997,0.024652890115976333,0.024549203713734945,,,0.03952416352632802,1.2029109819730124,7.364761114120483
lr1d,36,36,2.0,3.0,1.0,lsb,custom,True,full,36,0.01,1e-05,1,1.0,1000,300,49,True,,,-2.152716664842293,0.024152973480522633,0.024381850821276505,,,0.07384106483411834,1.1947106902425488,7.314555246382952
lr1d,36,36,2.0,3.0,1.0,lsb,custom,True,full,36,0.01,1e-05,2,1.0,1000,300,54,True,,,-2.151401833418746,0.024363390915095807,0.024317550075550875,,,0.05989229133312602,1.3131477040797472,7.295265022665262
lr1d,36,36,2.0,3.0,1.0,lsb,custom,True,full,36,0.01,1e-05,3,1.0,1000,300,55,True,,,-2.152508353234764,0.023712830059230326,0.024579421617090702,,,0.015322037008359336,1.3518681889399886,7.373826485127211
lr1d,36,36,2.0,3.0,1.0,lsb,custom,True,full,36,0.01,1e-05,4,1.0,1000,300,53,True,,,-2.152345566079507,0.024919832311570644,0.0250084271778663,,,0.0099477854318098,1.325446640426914,7.50252815335989
lr1d,36,36,2.0,3.0,1.0,lsb,custom,True,full,36,0.01,1e-05,5,1.0,1000,300,52,True,,,-2.1522111448781525,0.024592368863523006,0.024421538449823855,,,0.04614617965105187,1.2699199993908405,7.326461534947156
lr1d,36,36,3.044,0.5,1.0,lsb,custom,True,full,36,0.01,1e-05,1,1.0,1000,300,10,True,,,-7.293295065957818,0.02410935703665018,0.024708212154606977,,,0.9919188138019659,0.24708212154606976,7.412463646382093
lr1d,36,36,3.044,0.5,1.0,lsb,custom,True,full,36,0.01,1e-05,2,1.0,1000,300,16,True,,,-7.291696522036965,0.024104791320860387,0.02479724643131097,,,0.9959232890186559,0.39675594290097554,7.4391739293932915
lr1d,36,36,3.044,0.5,1.0,lsb,custom,True,full,36,0.01,1e-05,3,1.0,1000,300,18,True,,,-7.28450518611518,0.025082336738705635,0.024648538505037624,,,0.9183264303037396,0.4436736930906772,7.394561551511287
lr1d,36,36,3.044,0.5,1.0,lsb,custom,True,full,36,0.01,1e-05,4,1.0,1000,300,24,True,,,-7.309306278216633,0.024144402146339415,0.024780376888811587,,,0.9732477784705148,0.5947290453314781,7.434113066643476
lr1d,36,36,3.044,0.5,1.0,lsb,custom,True,full,36,0.01,1e-05,5,1.0,1000,300,28,True,,,-7.286635586427903,0.024471191316843034,0.024671669316788516,,,0.9930970115471716,0.6908067408700784,7.401500795036554
lr1d,36,36,3.044,1.0,1.0,lsb,custom,True,full,36,0.01,1e-05,1,1.0,1000,300,20,True,,,-4.12237109814026,0.025242488831281662,0.024578814655542375,,,0.9568371408791321,0.4915762931108475,7.373644396662712
lr1d,36,36,3.044,1.0,1.0,lsb,custom,True,full,36,0.01,1e-05,2,1.0,1000,300,18,True,,,-4.127239766165374,0.023909729346632956,0.02451329257339239,,,0.9465749550665279,0.44123926632106303,7.353987772017717
lr1d,36,36,3.044,1.0,1.0,lsb,custom,True,full,36,0.01,1e-05,3,1.0,1000,300,30,True,,,-4.120049622448596,0.024482908472418786,0.024409907050430776,,,0.9556468851123129,0.7322972115129233,7.322972115129232
lr1d,36,36,3.044,1.0,1.0,lsb,custom,True,full,36,0.01,1e-05,4,1.0,1000,300,15,True,,,-4.127010417428046,0.02511785216629505,0.024432775403062504,,,0.9502758448512865,0.36649163104593757,7.329832620918751
lr1d,36,36,3.044,1.0,1.0,lsb,custom,True,full,36,0.01,1e-05,5,1.0,1000,300,22,True,,,-4.126750407666096,0.024966135434806348,0.02459210197130839,,,0.9509633731076421,0.5410262433687846,7.377630591392517
lr1d,36,36,3.044,2.0,1.0,lsb,custom,True,full,36,0.01,1e-05,1,1.0,1000,300,30,True,,,-3.157518683932698,0.023996713757514953,0.024579738018413386,,,0.017645408375247116,0.7373921405524015,7.373921405524015
lr1d,36,36,3.044,2.0,1.0,lsb,custom,True,full,36,0.01,1e-05,2,1.0,1000,300,29,True,,,-3.155318404674216,0.0243837246671319,0.024633225190142792,,,0.013308314779981767,0.7143635305141409,7.389967557042838
lr1d,36,36,3.044,2.0,1.0,lsb,custom,True,full,36,0.01,1e-05,3,1.0,1000,300,30,True,,,-3.1586534502392043,0.023546287231147288,0.024349256083369256,,,0.015786541688651283,0.7304776825010777,7.3047768250107765
lr1d,36,36,3.044,2.0,1.0,lsb,custom,True,full,36,0.01,1e-05,4,1.0,1000,300,30,True,,,-3.158358279653551,0.0249124014750123,0.02464905697852373,,,0.03664631964078124,0.7394717093557119,7.394717093557119
lr1d,36,36,3.044,2.0,1.0,lsb,custom,True,full,36,0.01,1e-05,5,1.0,1000,300,30,True,,,-3.156830219003065,0.02435040883719921,0.0247212374334534,,,0.017364757716429584,0.7416371230036021,7.41637123003602
lr1d,36,36,3.044,3.0,1.0,lsb,custom,True,full,36,0.01,1e-05,1,1.0,1000,300,28,True,,,-3.1366638006554663,0.02479560226202011,0.024567549924055736,,,0.2581002851258235,0.6878913978735606,7.370264977216721
lr1d,36,36,3.044,3.0,1.0,lsb,custom,True,full,36,0.01,1e-05,2,1.0,1000,300,26,True,,,-3.138961970967404,0.02434606198221445,0.024409168375035126,,,0.22676813713340577,0.6346383777509133,7.322750512510538
lr1d,36,36,3.044,3.0,1.0,lsb,custom,True,full,36,0.01,1e-05,3,1.0,1000,300,29,True,,,-3.1386921499898057,0.024437652342021464,0.02468675561249256,,,0.24237117821225093,0.7159159127622843,7.406026683747768
lr1d,36,36,3.044,3.0,1.0,lsb,custom,True,full,36,0.01,1e-05,4,1.0,1000,300,26,True,,,-3.1394715440642678,0.023605315759778023,0.02437535859644413,,,0.30554923987227484,0.6337593235075474,7.312607578933239
lr1d,36,36,3.044,3.0,1.0,lsb,custom,True,full,36,0.01,1e-05,5,1.0,1000,300,26,True,,,-3.1389330801502346,0.02407205905765295,0.02460295061270396,,,0.2624382457953379,0.639676715930303,7.380885183811188
lr1d,36,36,0.5,0.5,1.0,metropolis,custom,False,full,36,0.01,1e-05,1,1.0,1000,300,10,True,,,-7.030812190191819,0.34191567692905667,0.33684467377762,,,0.9919715334309798,3.3684467377762,101.053402133286
lr1d,36,36,0.5,0.5,1.0,metropolis,custom,False,full,36,0.01,1e-05,2,1.0,1000,300,9,True,,,-7.030865497538014,0.33164926562458275,0.33233441520482304,,,0.9888274363793048,2.991009736843407,99.70032456144692
lr1d,36,36,0.5,0.5,1.0,metropolis,custom,False,full,36,0.01,1e-05,3,1.0,1000,300,9,True,,,-7.030526042487456,0.33215277139097454,0.33480032338450355,,,0.9860454663665645,3.013202910460532,100.44009701535107
lr1d,36,36,0.5,0.5,1.0,metropolis,custom,False,full,36,0.01,1e-05,4,1.0,1000,300,10,True,,,-7.031138939173077,0.33984571397304536,0.3357552564392487,,,0.991005240511543,3.357552564392487,100.7265769317746
lr1d,36,36,0.5,0.5,1.0,metropolis,custom,False,full,36,0.01,1e-05,5,1.0,1000,300,8,True,,,-7.029717841588619,0.33137142900377514,0.33192587133497,,,0.987005672191191,2.65540697067976,99.577761400491
lr1d,36,36,0.5,1.0,1.0,metropolis,custom,False,full,36,0.01,1e-05,1,1.0,1000,300,21,True,,,-3.482945412612716,0.33261009883135556,0.33490576612452666,,,0.959072556308615,7.03302108861506,100.471729837358
lr1d,36,36,0.5,1.0,1.0,metropolis,custom,False,full,36,0.01,1e-05,2,1.0,1000,300,21,True,,,-3.4835225133193743,0.3344506584107876,0.33737257473170756,,,0.9511066141205476,7.084824069365859,101.21177241951227
lr1d,36,36,0.5,1.0,1.0,metropolis,custom,False,full,36,0.01,1e-05,3,1.0,1000,300,20,True,,,-3.483033106946692,0.33310939706861975,0.33433537783722084,,,0.9530403563611003,6.686707556744417,100.30061335116625
lr1d,36,36,0.5,1.0,1.0,metropolis,custom,False,full,36,0.01,1e-05,4,1.0,1000,300,22,True,,,-3.4833579743464185,0.335541065223515,0.33749501367410023,,,0.9491177663284693,7.424890300830205,101.24850410223007
lr1d,36,36,0.5,1.0,1.0,metropolis,custom,False,full,36,0.01,1e-05,5,1.0,1000,300,21,True,,,-3.4832597710736435,0.33460775539278986,0.33681861860056717,,,0.9581064676684542,7.07319099061191,101.04558558017015
lr1d,36,36,0.5,2.0,1.0,metropolis,custom,False,full,36,0.01,1e-05,1,1.0,1000,300,62,True,,,-1.6267402915209963,0.35438368152827027,0.36845324230690796,,,0.7879835661463422,22.844101023028294,110.53597269207239
lr1d,36,36,0.5,2.0,1.0,metropolis,custom,False,full,36,0.01,1e-05,2,1.0,1000,300,59,True,,,-1.626612381338005,0.36012731231749057,0.38776163404186564,,,0.7977785556574359,22.877936408470074,116.3284902125597
lr1d,36,36,0.5,2.0,1.0,metropolis,custom,False,full,36,0.01,1e-05,3,1.0,1000,300,58,True,,,-1.626716688862357,0.36142587997019293,0.39663790515313546,,,0.8199620006370266,23.004998498881857,118.99137154594064
lr1d,36,36,0.5,2.0,1.0,metropolis,custom,False,full,36,0.01,1e-05,4,1.0,1000,300,58,True,,,-1.626358545993573,0.3954425148665905,0.4019974930087725,,,0.7808837065890973,23.315854594508806,120.59924790263176
lr1d,36,36,0.5,2.0,1.0,metropolis,custom,False,full,36,0.01,1e-05,5,1.0,1000,300,57,True,,,-1.62639936483744,0.3896378464996815,0.3981591511641939,,,0.7843505318550761,22.695071616359055,119.44774534925818
lr1d,36,36,0.5,3.0,1.0,metropolis,custom,False,full,36,0.01,1e-05,1,1.0,1000,300,110,True,,,-1.2501724412963955,0.4160481648519635,0.4266883242006103,,,0.6697937989851922,46.93571566206713,128.0064972601831
lr1d,36,36,0.5,3.0,1.0,metropolis,custom,False,full,36,0.01,1e-05,2,1.0,1000,300,111,True,,,-1.250601626696697,0.4029236949980259,0.4090835925936699,,,0.663729839349742,45.40827877789736,122.72507777810097
lr1d,36,36,0.5,3.0,1.0,metropolis,custom,False,full,36,0.01,1e-05,3,1.0,1000,300,105,True,,,-1.250554437038071,0.3941660266369581,0.406131555326283,,,0.6980628940516018,42.64381330925971,121.8394665978849
lr1d,36,36,0.5,3.0,1.0,metropolis,custom,False,full,36,0.01,1e-05,4,1.0,1000,300,111,True,,,-1.2505737836499482,0.39976269118487834,0.4072590140129129,,,0.6657794627605276,45.20575055543333,122.17770420387387
lr1d,36,36,0.5,3.0,1.0,metropolis,custom,False,full,36,0.01,1e-05,5,1.0,1000,300,106,True,,,-1.2507810585347905,0.40188990756869314,0.40896160144358873,,,0.6600944553878852,43.349929753020405,122.68848043307662
lr1d,36,36,1.0,0.5,1.0,metropolis,custom,False,full,36,0.01,1e-05,1,1.0,1000,300,9,True,,,-7.057450933160439,0.36512148585170506,0.3419492969041069,,,0.959061510316543,3.0775436721369624,102.58478907123208
lr1d,36,36,1.0,0.5,1.0,metropolis,custom,False,full,36,0.01,1e-05,2,1.0,1000,300,9,True,,,-7.058095251187941,0.3353331020101905,0.3355143425365289,,,0.9510037386169328,3.01962908282876,100.65430276095867
lr1d,36,36,1.0,0.5,1.0,metropolis,custom,False,full,36,0.01,1e-05,3,1.0,1000,300,9,True,,,-7.057010496534216,0.3399904102087021,0.3364847766980529,,,0.9533306980288789,3.028362990282476,100.94543300941586
lr1d,36,36,1.0,0.5,1.0,metropolis,custom,False,full,36,0.01,1e-05,4,1.0,1000,300,10,True,,,-7.057324145264528,0.40037945937365294,0.38975359772642454,,,0.9501072941923964,3.8975359772642455,116.92607931792736
lr1d,36,36,1.0,0.5,1.0,metropolis,custom,False,full,36,0.01,1e-05,5,1.0,1000,300,8,True,,,-7.057549930777796,0.33134169802069663,0.33266684429099164,,,0.9600918652169947,2.661334754327933,99.80005328729749
lr1d,36,36,1.0,1.0,1.0,metropolis,custom,False,full,36,0.01,1e-05,1,1.0,1000,300,21,True,,,-3.5374899149469763,0.33655969295650723,0.33774412486702204,,,0.8285141843710482,7.0926266222074625,101.32323746010661
lr1d,36,36,1.0,1.0,1.0,metropolis,custom,False,full,36,0.01,1e-05,2,1.0,1000,300,20,True,,,-3.537413602958781,0.33805665411055086,0.33853553225596744,,,0.830543511828176,6.770710645119349,101.56065967679024
lr1d,36,36,1.0,1.0,1.0,metropolis,custom,False,full,36,0.01,1e-05,3,1.0,1000,300,19,True,,,-3.537063937540215,0.3355262283235788,0.33552488178014755,,,0.8425109774152351,6.374972753822804,100.65746453404427
lr1d,36,36,1.0,1.0,1.0,metropolis,custom,False,full,36,0.01,1e-05,4,1.0,1000,300,21,True,,,-3.5373363447971267,0.3376831592991948,0.3386106926451127,,,0.8167562767509213,7.110824545547366,101.5832077935338
lr1d,36,36,1.0,1.0,1.0,metropolis,custom,False,full,36,0.01,1e-05,5,1.0,1000,300,20,True,,,-3.5372675521291645,0.3395409919321537,0.33876444687445956,,,0.8147456839246623,6.775288937489191,101.62933406233786
lr1d,36,36,1.0,2.0,1.0,metropolis,custom,False,full,36,0.01,1e-05,1,1.0,1000,300,67,True,,,-1.7452452569551613,0.4047330742701888,0.4098183822259307,,,0.405856518487596,27.457831609137358,122.94551466777921
lr1d,36,36,1.0,2.0,1.0,metropolis,custom,False,full,36,0.01,1e-05,2,1.0,1000,300,65,True,,,-1.7456551280362582,0.40763637740164993,0.4142380871375402,,,0.42362055212415656,26.925475663940112,124.27142614126205
lr1d,36,36,1.0,2.0,1.0,metropolis,custom,False,full,36,0.01,1e-05,3,1.0,1000,300,62,True,,,-1.7448392046207164,0.40633613262325524,0.4118712664519747,,,0.41152507092531065,25.53601852002243,123.56137993559241
lr1d,36,36,1.0,2.0,1.0,metropolis,custom,False,full,36,0.01,1e-05,4,1.0,1000,300,63,True,,,-1.744936213060057,0.40488419514149426,0.4094184158121546,,,0.41618640135787743,25.79336019616574,122.82552474364638
lr1d,36,36,1.0,2.0,1.0,metropolis,custom,False,full,36,0.01,1e-05,5,1.0,1000,300,63,True,,,-1.7449517009059874,0.3982898747548461,0.40501425554354986,,,0.3841614353758122,25.515898099243643,121.50427666306496
lr1d,36,36,1.0,3.0,1.0,metropolis,custom,False,full,36,0.01,1e-05,1,1.0,1000,300,150,True,,,-1.4082247655855298,0.42130125463008883,0.4265095610668262,,,0.16960241617384636,63.97643416002393,127.95286832004786
lr1d,36,36,1.0,3.0,1.0,metropolis,custom,False,full,36,0.01,1e-05,2,1.0,1000,300,141,True,,,-1.4075621552334685,0.4436715567484498,0.4388054422661662,,,0.19517298671240146,61.871567359529436,131.64163267984986
lr1d,36,36,1.0,3.0,1.0,metropolis,custom,False,full,36,0.01,1e-05,3,1.0,1000,300,139,True,,,-1.4080228864726165,0.4270201841369271,0.43111608891437453,,,0.1703737996785994,59.92513635909806,129.33482667431235
lr1d,36,36,1.0,3.0,1.0,metropolis,custom,False,full,36,0.01,1e-05,4,1.0,1000,300,141,True,,,-1.4086989413583453,0.43800054844468833,0.43799526921163,,,0.17315049071633662,61.75733295883983,131.398580763489
lr1d,36,36,1.0,3.0,1.0,metropolis,custom,False,full,36,0.01,1e-05,5,1.0,1000,300,137,True,,,-1.4079341975997346,0.41657657977193596,0.42433978388706844,,,0.19494588447146144,58.134550392528375,127.30193516612053
lr1d,36,36,2.0,0.5,1.0,metropolis,custom,False,full,36,0.01,1e-05,1,1.0,1000,300,9,True,,,-7.164969236471897,0.33279471527785065,0.3333846539631486,,,0.8363947361827724,3.0004618856683374,100.01539618894458
lr1d,36,36,2.0,0.5,1.0,metropolis,custom,False,full,36,0.01,1e-05,2,1.0,1000,300,9,True,,,-7.164807954645616,0.3725240150466561,0.3385303474838535,,,0.8382724818404561,3.046773127354682,101.55910424515605
lr1d,36,36,2.0,0.5,1.0,metropolis,custom,False,full,36,0.01,1e-05,3,1.0,1000,300,8,True,,,-7.160257583749759,0.3955827072262764,0.3413746207455794,,,0.8460012662751428,2.730996965964635,102.41238622367382
lr1d,36,36,2.0,0.5,1.0,metropolis,custom,False,full,36,0.01,1e-05,4,1.0,1000,300,10,True,,,-7.163749358856984,0.3915955135598779,0.34112676051755747,,,0.8197006052862877,3.4112676051755746,102.33802815526724
lr1d,36,36,2.0,0.5,1.0,metropolis,custom,False,full,36,0.01,1e-05,5,1.0,1000,300,8,True,,,-7.164066856997162,0.3344862246885896,0.3349508052195112,,,0.818674637112412,2.6796064417560896,100.48524156585336
lr1d,36,36,2.0,1.0,1.0,metropolis,custom,False,full,36,0.01,1e-05,1,1.0,1000,300,20,True,,,-3.753789137985726,0.36207931507378815,0.3731819139545163,,,0.4858515842966832,7.4636382790903255,111.95457418635488
lr1d,36,36,2.0,1.0,1.0,metropolis,custom,False,full,36,0.01,1e-05,2,1.0,1000,300,19,True,,,-3.7542294009004693,0.3484607947990298,0.3521350486452381,,,0.4703992736813124,6.6905659242595235,105.64051459357142
lr1d,36,36,2.0,1.0,1.0,metropolis,custom,False,full,36,0.01,1e-05,3,1.0,1000,300,19,True,,,-3.75411992953023,0.34652707166969776,0.3502463275069992,,,0.49191229051637714,6.654680222632985,105.07389825209975
lr1d,36,36,2.0,1.0,1.0,metropolis,custom,False,full,36,0.01,1e-05,4,1.0,1000,300,20,True,,,-3.7538500278872378,0.3465581240132451,0.34906505516419806,,,0.4734579019865214,6.981301103283961,104.71951654925942
lr1d,36,36,2.0,1.0,1.0,metropolis,custom,False,full,36,0.01,1e-05,5,1.0,1000,300,18,True,,,-3.7531511718788244,0.34487686175853016,0.3483901947985093,,,0.460596151849658,6.271023506373167,104.51705843955278
lr1d,36,36,2.0,2.0,1.0,metropolis,custom,False,full,36,0.01,1e-05,1,1.0,1000,300,69,True,,,-2.2299096381442576,0.4362173093482852,0.43311092677215735,,,0.019317017299458786,29.884653947278856,129.9332780316472
lr1d,36,36,2.0,2.0,1.0,metropolis,custom,False,full,36,0.01,1e-05,2,1.0,1000,300,67,True,,,-2.230770901720154,0.4356753150001168,0.4298781956235568,,,0.02649650587633838,28.801839106778303,128.96345868706703
lr1d,36,36,2.0,2.0,1.0,metropolis,custom,False,full,36,0.01,1e-05,3,1.0,1000,300,63,True,,,-2.2309939937618037,0.4413844445720315,0.44271459041784206,,,0.020603600912061017,27.89101919632405,132.81437712535262
lr1d,36,36,2.0,2.0,1.0,metropolis,custom,False,full,36,0.01,1e-05,4,1.0,1000,300,63,True,,,-2.2298411923931765,0.4478223115205765,0.45477522976696494,,,0.028386102453556914,28.65083947531879,136.43256893008947
lr1d,36,36,2.0,2.0,1.0,metropolis,custom,False,full,36,0.01,1e-05,5,1.0,1000,300,70,True,,,-2.232500834792613,0.4352881651371717,0.43549723460028567,,,0.02749136242909575,30.484806422019997,130.6491703800857
lr1d,36,36,2.0,3.0,1.0,metropolis,custom,False,full,36,0.01,1e-05,1,1.0,1000,300,23,True,,,-2.1401354246873545,0.4515521520748734,0.4569002898285786,,,0.02427978926741003,10.508706666057307,137.0700869485736
lr1d,36,36,2.0,3.0,1.0,metropolis,custom,False,full,36,0.01,1e-05,2,1.0,1000,300,25,True,,,-2.140660488099054,0.448183892481029,0.4445989990855257,,,0.06744020228003403,11.114974977138143,133.3796997256577
lr1d,36,36,2.0,3.0,1.0,metropolis,custom,False,full,36,0.01,1e-05,3,1.0,1000,300,27,True,,,-2.1434196089323874,0.45100712943822147,0.45847628415872654,,,0.03745808640779174,12.378859672285616,137.54288524761796
lr1d,36,36,2.0,3.0,1.0,metropolis,custom,False,full,36,0.01,1e-05,4,1.0,1000,300,29,True,,,-2.1429313681186075,0.4500623527914286,0.4541340209543705,,,0.006463768240389108,13.169886607676744,136.24020628631115
lr1d,36,36,2.0,3.0,1.0,metropolis,custom,False,full,36,0.01,1e-05,5,1.0,1000,300,28,True,,,-2.142759259521553,0.44626875817775724,0.4392187038809061,,,0.053104640711104864,12.298123708665372,131.76561116427183
lr1d,36,36,3.044,0.5,1.0,metropolis,custom,False,full,36,0.01,1e-05,1,1.0,1000,300,8,True,,,-7.351603941644141,0.33223552741110324,0.3330494492376844,,,0.6622937902086028,2.6643955939014754,99.91483477130532
lr1d,36,36,3.044,0.5,1.0,metropolis,custom,False,full,36,0.01,1e-05,2,1.0,1000,300,9,True,,,-7.351986224306169,0.3462676428258419,0.33703778312851984,,,0.65243518636052,3.0333400481566786,101.11133493855596
lr1d,36,36,3.044,0.5,1.0,metropolis,custom,False,full,36,0.01,1e-05,3,1.0,1000,300,8,True,,,-7.344398796322406,0.33493008818477393,0.3341752526784937,,,0.6808716789907445,2.6734020214279495,100.25257580354811
lr1d,36,36,3.044,0.5,1.0,metropolis,custom,False,full,36,0.01,1e-05,4,1.0,1000,300,12,True,,,-7.351522362485099,0.33578742016106844,0.33638828821480277,,,0.6580287635159296,4.036659458577633,100.91648646444084
lr1d,36,36,3.044,0.5,1.0,metropolis,custom,False,full,36,0.01,1e-05,5,1.0,1000,300,13,True,,,-7.351184285396511,0.3349432634189725,0.3359636436030269,,,0.6446185041773439,4.367527366839349,100.78909308090806
lr1d,36,36,3.044,1.0,1.0,metropolis,custom,False,full,36,0.01,1e-05,1,1.0,1000,300,19,True,,,-4.1351932861719805,0.3708708755671978,0.3706144570559263,,,0.17562462733339626,7.0416746840626,111.1843371167779
lr1d,36,36,3.044,1.0,1.0,metropolis,custom,False,full,36,0.01,1e-05,2,1.0,1000,300,17,True,,,-4.135034456067383,0.37268200386315586,0.37028836383173863,,,0.20532481091161386,6.294902185139557,111.08650914952159
lr1d,36,36,3.044,1.0,1.0,metropolis,custom,False,full,36,0.01,1e-05,3,1.0,1000,300,17,True,,,-4.135267462205659,0.4007243625819683,0.3735594396168987,,,0.17724807930483782,6.350510473487278,112.06783188506961
lr1d,36,36,3.044,1.0,1.0,metropolis,custom,False,full,36,0.01,1e-05,4,1.0,1000,300,19,True,,,-4.135369230933842,0.36967772599309684,0.368166860366861,,,0.19673159052693537,6.99517034697036,110.45005811005831
lr1d,36,36,3.044,1.0,1.0,metropolis,custom,False,full,36,0.01,1e-05,5,1.0,1000,300,18,True,,,-4.135506638680081,0.3691314341500401,0.36819064475595953,,,0.19302017238630392,6.6274316056072715,110.45719342678785
lr1d,36,36,3.044,2.0,1.0,metropolis,custom,False,full,36,0.01,1e-05,1,1.0,1000,300,12,True,,,-3.150562168370871,0.4560453824698925,0.4539096430192391,,,0.06325965722239352,5.446915716230869,136.17289290577173
lr1d,36,36,3.044,2.0,1.0,metropolis,custom,False,full,36,0.01,1e-05,2,1.0,1000,300,13,True,,,-3.150837824023118,0.4562176655977964,0.44140912043551606,,,0.00622224940598063,5.738318565661709,132.4227361306548
lr1d,36,36,3.044,2.0,1.0,metropolis,custom,False,full,36,0.01,1e-05,3,1.0,1000,300,14,True,,,-3.151400107666567,0.4562429651618004,0.45548079419881105,,,0.0332719867194102,6.376731118783354,136.64423825964332
lr1d,36,36,3.044,2.0,1.0,metropolis,custom,False,full,36,0.01,1e-05,4,1.0,1000,300,12,True,,,-3.150845129619636,0.4580590732395649,0.4586833571642637,,,0.08037871650042783,5.504200285971165,137.60500714927912
lr1d,36,36,3.044,2.0,1.0,metropolis,custom,False,full,36,0.01,1e-05,5,1.0,1000,300,11,True,,,-3.149850954971691,0.4575978461652994,0.4510149077946941,,,0.015415654624374928,4.961163985741635,135.30447233840823
lr1d,36,36,3.044,3.0,1.0,metropolis,custom,False,full,36,0.01,1e-05,1,1.0,1000,300,11,True,,,-3.131174671737849,0.4574014196172357,0.45552221722900865,,,0.22277735998803003,5.010744389519095,136.6566651687026
lr1d,36,36,3.044,3.0,1.0,metropolis,custom,False,full,36,0.01,1e-05,2,1.0,1000,300,11,True,,,-3.1305014094686885,0.4579148456454277,0.45997595640520256,,,0.2936095368308303,5.059735520457228,137.99278692156076
lr1d,36,36,3.044,3.0,1.0,metropolis,custom,False,full,36,0.01,1e-05,3,1.0,1000,300,12,True,,,-3.131153000724603,0.45766104105859995,0.46231512459615864,,,0.27558303295516373,5.547781495153904,138.6945373788476
lr1d,36,36,3.044,3.0,1.0,metropolis,custom,False,full,36,0.01,1e-05,4,1.0,1000,300,11,True,,,-3.131173909435019,0.45601363144814966,0.4625268318131566,,,0.27315749421757046,5.087795149944723,138.75804954394698
lr1d,36,36,3.044,3.0,1.0,metropolis,custom,False,full,36,0.01,1e-05,5,1.0,1000,300,10,True,,,-3.1309784364066555,0.457064651325345,0.45593815874308347,,,0.2240892309422474,4.559381587430835,136.78144762292504
lr1d,49,49,0.5,0.5,1.0,gibbs,custom,False,full,49,0.01,1e-05,1,1.0,1000,300,7,True,,,-8.443020600477785,0.03325088024139404,0.0411969959611694,,,0.9860424296760462,0.28837897172818583,12.35909878835082
lr1d,49,49,0.5,0.5,1.0,gibbs,custom,False,full,49,0.01,1e-05,2,1.0,1000,300,8,True,,,-8.443483782071905,0.032255717739462855,0.03654075471063455,,,0.9920430183100228,0.2923260376850764,10.962226413190367
lr1d,49,49,0.5,0.5,1.0,gibbs,custom,False,full,49,0.01,1e-05,3,1.0,1000,300,9,True,,,-8.444597322682753,0.03282607924193144,0.03621406445900599,,,0.9876194095031829,0.3259265801310539,10.864219337701797
lr1d,49,49,0.5,0.5,1.0,gibbs,custom,False,full,49,0.01,1e-05,4,1.0,1000,300,8,True,,,-8.44269788748375,0.03441406898200512,0.035059653570254645,,,0.9840008579169316,0.28047722856203716,10.517896071076393
lr1d,49,49,0.5,0.5,1.0,gibbs,custom,False,full,49,0.01,1e-05,5,1.0,1000,300,8,True,,,-8.44326996333049,0.034998721443116665,0.03545748787621657,,,0.9880448542290858,0.28365990300973254,10.63724636286497
lr1d,49,49,0.5,1.0,1.0,gibbs,custom,False,full,49,0.01,1e-05,1,1.0,1000,300,20,True,,,-3.7898552216011865,0.039620363153517246,0.038603945213059584,,,0.9466992763097132,0.7720789042611917,11.581183563917875
lr1d,49,49,0.5,1.0,1.0,gibbs,custom,False,full,49,0.01,1e-05,2,1.0,1000,300,22,True,,,-3.7904655165000483,0.03678655121475458,0.03821513928472996,,,0.9470250859229392,0.840733064264059,11.464541785418987
lr1d,49,49,0.5,1.0,1.0,gibbs,custom,False,full,49,0.01,1e-05,3,1.0,1000,300,23,True,,,-3.7904138081123167,0.03801050670444965,0.038322711947063604,,,0.9413682686531172,0.8814223747824629,11.496813584119081
lr1d,49,49,0.5,1.0,1.0,gibbs,custom,False,full,49,0.01,1e-05,4,1.0,1000,300,21,True,,,-3.7901029454060953,0.035491148196160796,0.0370620284602046,,,0.9515435583755698,0.7783025976642967,11.11860853806138
lr1d,49,49,0.5,1.0,1.0,gibbs,custom,False,full,49,0.01,1e-05,5,1.0,1000,300,21,True,,,-3.7903749824738235,0.03828424233943224,0.03700859745343526,,,0.9506334043219288,0.7771805465221404,11.102579236030577
lr1d,49,49,0.5,2.0,1.0,gibbs,custom,False,full,49,0.01,1e-05,1,1.0,1000,300,62,True,,,-1.6407221633791202,0.04347862806171179,0.04438671503216028,,,0.7553101027133854,2.7519763319939377,13.316014509648085
lr1d,49,49,0.5,2.0,1.0,gibbs,custom,False,full,49,0.01,1e-05,2,1.0,1000,300,64,True,,,-1.6410852841864738,0.04624689724296331,0.044660209032396474,,,0.7379141046602182,2.8582533780733743,13.398062709718943
lr1d,49,49,0.5,2.0,1.0,gibbs,custom,False,full,49,0.01,1e-05,3,1.0,1000,300,63,True,,,-1.6408640160083903,0.04399769231677055,0.04485257341216008,,,0.7420098567741248,2.825712124966085,13.455772023648024
lr1d,49,49,0.5,2.0,1.0,gibbs,custom,False,full,49,0.01,1e-05,4,1.0,1000,300,66,True,,,-1.641038182118074,0.040461431443691256,0.044713702077666916,,,0.7255268215636531,2.9511043371260164,13.414110623300076
lr1d,49,49,0.5,2.0,1.0,gibbs,custom,False,full,49,0.01,1e-05,5,1.0,1000,300,66,True,,,-1.6406444276318073,0.04482562448829412,0.044749319950739545,,,0.7476274985492446,2.95345511674881,13.424795985221863
lr1d,49,49,0.5,3.0,1.0,gibbs,custom,False,full,49,0.01,1e-05,1,1.0,1000,300,141,True,,,-1.2502491169536565,0.04555381219834089,0.04589968618005514,,,0.5565426950430814,6.471855751387775,13.769905854016542
lr1d,49,49,0.5,3.0,1.0,gibbs,custom,False,full,49,0.01,1e-05,2,1.0,1000,300,136,True,,,-1.2511771715150604,0.03757146578282118,0.03959902146210273,,,0.5684108243870569,5.385466918845971,11.87970643863082
lr1d,49,49,0.5,3.0,1.0,gibbs,custom,False,full,49,0.01,1e-05,3,1.0,1000,300,138,True,,,-1.250878544994609,0.04666663743555546,0.0457815782725811,,,0.5671633832890015,6.317857801616192,13.73447348177433
lr1d,49,49,0.5,3.0,1.0,gibbs,custom,False,full,49,0.01,1e-05,4,1.0,1000,300,152,True,,,-1.2508969847347444,0.04251237157732248,0.0453953426455458,,,0.5409047568364578,6.900092082122962,13.61860279366374
lr1d,49,49,0.5,3.0,1.0,gibbs,custom,False,full,49,0.01,1e-05,5,1.0,1000,300,133,True,,,-1.2499072811550753,0.0453888451680541,0.04488628306736549,,,0.547915174078715,5.96987564795961,13.465884920209646
lr1d,49,49,1.0,0.5,1.0,gibbs,custom,False,full,49,0.01,1e-05,1,1.0,1000,300,7,True,,,-8.46645453700687,0.03593597896397114,0.035749968153735004,,,0.9553842687552151,0.25024977707614504,10.7249904461205
lr1d,49,49,1.0,0.5,1.0,gibbs,custom,False,full,49,0.01,1e-05,2,1.0,1000,300,7,True,,,-8.465492693441117,0.03924125023186207,0.03662692452470462,,,0.9534302060870883,0.2563884716729323,10.988077357411385
lr1d,49,49,1.0,0.5,1.0,gibbs,custom,False,full,49,0.01,1e-05,3,1.0,1000,300,8,True,,,-8.466458295319864,0.03709431402385235,0.03621114963044723,,,0.9580032666944814,0.2896891970435778,10.863344889134169
lr1d,49,49,1.0,0.5,1.0,gibbs,custom,False,full,49,0.01,1e-05,4,1.0,1000,300,8,True,,,-8.466379596667101,0.03475579470396042,0.03754246407498916,,,0.9489288117069855,0.30033971259991327,11.262739222496748
lr1d,49,49,1.0,0.5,1.0,gibbs,custom,False,full,49,0.01,1e-05,5,1.0,1000,300,8,True,,,-8.466881564192672,0.03632911182940006,0.03682021353393793,,,0.9683223378064366,0.29456170827150346,11.04606406018138
lr1d,49,49,1.0,1.0,1.0,gibbs,custom,False,full,49,0.01,1e-05,1,1.0,1000,300,20,True,,,-3.839900071376538,0.046056939475238326,0.04391210353622834,,,0.8073976895645799,0.8782420707245668,13.173631060868502
lr1d,49,49,1.0,1.0,1.0,gibbs,custom,False,full,49,0.01,1e-05,2,1.0,1000,300,21,True,,,-3.8400364193234573,0.04353229403495788,0.04655603412538767,,,0.8207357980544984,0.977676716633141,13.9668102376163
lr1d,49,49,1.0,1.0,1.0,gibbs,custom,False,full,49,0.01,1e-05,3,1.0,1000,300,23,True,,,-3.840627689052475,0.045824958384037016,0.04567366679509481,,,0.7833992966972495,1.0504943362871806,13.702100038528444
lr1d,49,49,1.0,1.0,1.0,gibbs,custom,False,full,49,0.01,1e-05,4,1.0,1000,300,21,True,,,-3.839797126173849,0.04383880384266377,0.045034293085336685,,,0.8263281090055178,0.9457201547920704,13.510287925601006
lr1d,49,49,1.0,1.0,1.0,gibbs,custom,False,full,49,0.01,1e-05,5,1.0,1000,300,21,True,,,-3.8404006590057307,0.04330936148762703,0.044423893329997854,,,0.8046663338754654,0.9329017599299549,13.327167998999357
lr1d,49,49,1.0,2.0,1.0,gibbs,custom,False,full,49,0.01,1e-05,1,1.0,1000,300,68,True,,,-1.7580955254684203,0.0477220481261611,0.04604345681766669,,,0.319573351981017,3.1309550636013346,13.813037045300007
lr1d,49,49,1.0,2.0,1.0,gibbs,custom,False,full,49,0.01,1e-05,2,1.0,1000,300,69,True,,,-1.7582090389968965,0.04231115579605103,0.04413931680222352,,,0.28668282941932605,3.045612859353423,13.241795040667057
lr1d,49,49,1.0,2.0,1.0,gibbs,custom,False,full,49,0.01,1e-05,3,1.0,1000,300,69,True,,,-1.7582924873248515,0.04765562620013952,0.04511670893679062,,,0.2920883577402452,3.1130529166385528,13.535012681037188
lr1d,49,49,1.0,2.0,1.0,gibbs,custom,False,full,49,0.01,1e-05,4,1.0,1000,300,72,True,,,-1.7586735339217963,0.042525867000222206,0.04462425967057546,,,0.3120768870185405,3.2129466962814335,13.387277901172638
lr1d,49,49,1.0,2.0,1.0,gibbs,custom,False,full,49,0.01,1e-05,5,1.0,1000,300,69,True,,,-1.758307432623181,0.04444110002368688,0.045242709728578724,,,0.30671214864028484,3.121746971271932,13.572812918573618
lr1d,49,49,1.0,3.0,1.0,gibbs,custom,False,full,49,0.01,1e-05,1,1.0,1000,300,169,True,,,-1.4094300679019063,0.04018954522907734,0.04454213393231233,,,0.09704205918634187,7.527620634560783,13.362640179693699
lr1d,49,49,1.0,3.0,1.0,gibbs,custom,False,full,49,0.01,1e-05,2,1.0,1000,300,152,True,,,-1.4087914110076585,0.03787056393921375,0.04056985887388388,,,0.1023075902350584,6.16661854883035,12.170957662165165
lr1d,49,49,1.0,3.0,1.0,gibbs,custom,False,full,49,0.01,1e-05,3,1.0,1000,300,162,True,,,-1.4104022510163718,0.04196808654814958,0.04589138127863407,,,0.08750979169871793,7.434403767138719,13.767414383590221
lr1d,49,49,1.0,3.0,1.0,gibbs,custom,False,full,49,0.01,1e-05,4,1.0,1000,300,160,True,,,-1.4089206180481233,0.04567594844847918,0.04618131209164858,,,0.1055172809431998,7.389009934663773,13.854393627494574
lr1d,49,49,1.0,3.0,1.0,gibbs,custom,False,full,49,0.01,1e-05,5,1.0,1000,300,152,True,,,-1.4088147130826951,0.04251714963465929,0.04494423668831587,,,0.10181010049390084,6.831523976624012,13.48327100649476
lr1d,49,49,2.0,0.5,1.0,gibbs,custom,False,full,49,0.01,1e-05,1,1.0,1000,300,6,True,,,-8.554240485681785,0.044680376164615156,0.04504065040498972,,,0.8339986727926026,0.2702439024299383,13.512195121496916
lr1d,49,49,2.0,0.5,1.0,gibbs,custom,False,full,49,0.01,1e-05,2,1.0,1000,300,7,True,,,-8.555419529653033,0.04082143288105726,0.0461216801404953,,,0.8362237757052127,0.32285176098346713,13.83650404214859
lr1d,49,49,2.0,0.5,1.0,gibbs,custom,False,full,49,0.01,1e-05,3,1.0,1000,300,7,True,,,-8.554573442534851,0.04338918589055538,0.04499955583363771,,,0.8528658937342943,0.314996890835464,13.499866750091313
lr1d,49,49,2.0,0.5,1.0,gibbs,custom,False,full,49,0.01,1e-05,4,1.0,1000,300,8,True,,,-8.555949673081791,0.04393245074898004,0.045223019334177175,,,0.8254945478489845,0.3617841546734174,13.566905800253153
lr1d,49,49,2.0,0.5,1.0,gibbs,custom,False,full,49,0.01,1e-05,5,1.0,1000,300,7,True,,,-8.555296330562522,0.0463200893253088,0.047126131355762484,,,0.8476314946918272,0.3298829194903374,14.137839406728745
lr1d,49,49,2.0,1.0,1.0,gibbs,custom,False,full,49,0.01,1e-05,1,1.0,1000,300,19,True,,,-4.038127262897836,0.04607596769928932,0.04522912350793679,,,0.41530651110993977,0.8593533466507991,13.568737052381039
lr1d,49,49,2.0,1.0,1.0,gibbs,custom,False,full,49,0.01,1e-05,2,1.0,1000,300,21,True,,,-4.038432276881105,0.040309077873826024,0.04543060079216957,,,0.42774957949455783,0.9540426166355609,13.62918023765087
lr1d,49,49,2.0,1.0,1.0,gibbs,custom,False,full,49,0.01,1e-05,3,1.0,1000,300,22,True,,,-4.038741894749169,0.04061242192983627,0.04547774251550436,,,0.42325790087066717,1.000510335341096,13.643322754651308
lr1d,49,49,2.0,1.0,1.0,gibbs,custom,False,full,49,0.01,1e-05,4,1.0,1000,300,21,True,,,-4.038814579127295,0.04474903866648674,0.045271924982468285,,,0.42350157082036566,0.950710424631834,13.581577494740486
lr1d,49,49,2.0,1.0,1.0,gibbs,custom,False,full,49,0.01,1e-05,5,1.0,1000,300,21,True,,,-4.0387788364299615,0.042708678916096685,0.044405905430515605,,,0.3998299376134606,0.9325240140408277,13.321771629154682
lr1d,49,49,2.0,2.0,1.0,gibbs,custom,False,full,49,0.01,1e-05,1,1.0,1000,300,90,True,,,-2.239254306830369,0.04484210945665836,0.045736600955327354,,,0.005990813469620985,4.116294085979462,13.720980286598206
lr1d,49,49,2.0,2.0,1.0,gibbs,custom,False,full,49,0.01,1e-05,2,1.0,1000,300,97,True,,,-2.241144863227833,0.045396117866039275,0.0451507414629062,,,0.009364102030092306,4.379621921901902,13.54522243887186
lr1d,49,49,2.0,2.0,1.0,gibbs,custom,False,full,49,0.01,1e-05,3,1.0,1000,300,96,True,,,-2.241262283942971,0.04029068034142256,0.044711132769783335,,,0.007461750274409265,4.2922687458992,13.413339830935001
lr1d,49,49,2.0,2.0,1.0,gibbs,custom,False,full,49,0.01,1e-05,4,1.0,1000,300,91,True,,,-2.2390798986455174,0.04255459140986204,0.046704805853466196,,,0.00751520090374869,4.250137332665424,14.011441756039858
lr1d,49,49,2.0,2.0,1.0,gibbs,custom,False,full,49,0.01,1e-05,5,1.0,1000,300,88,True,,,-2.2387943066031255,0.0411166762933135,0.04392400821050008,,,0.006742134630389578,3.865312722524007,13.177202463150024
lr1d,49,49,2.0,3.0,1.0,gibbs,custom,False,full,49,0.01,1e-05,1,1.0,1000,300,27,True,,,-2.1373550012213185,0.041549261473119256,0.045406644232571125,,,0.02378374880188963,1.2259793942794204,13.621993269771338
lr1d,49,49,2.0,3.0,1.0,gibbs,custom,False,full,49,0.01,1e-05,2,1.0,1000,300,24,True,,,-2.136272681646596,0.04001752994954586,0.04132905748983224,,,0.005159569885110637,0.9918973797559738,12.398717246949673
lr1d,49,49,2.0,3.0,1.0,gibbs,custom,False,full,49,0.01,1e-05,3,1.0,1000,300,24,True,,,-2.1364345200971866,0.042510598339140414,0.045461354851722716,,,0.0067104375450690425,1.0910725164413453,13.638406455516815
lr1d,49,49,2.0,3.0,1.0,gibbs,custom,False,full,49,0.01,1e-05,4,1.0,1000,300,24,True,,,-2.136686975653885,0.044141021370887754,0.044745629392564296,,,0.004374565130857097,1.073895105421543,13.423688817769289
lr1d,49,49,2.0,3.0,1.0,gibbs,custom,False,full,49,0.01,1e-05,5,1.0,1000,300,27,True,,,-2.1378138958553814,0.04472612366080284,0.04657673799743255,,,0.033790060705351864,1.257571925930679,13.973021399229767
lr1d,49,49,3.044,0.5,1.0,gibbs,custom,False,full,49,0.01,1e-05,1,1.0,1000,300,6,True,,,-8.711031357811066,0.044496587850153445,0.04623726304620504,,,0.6656282357679889,0.27742357827723024,13.871178913861511
lr1d,49,49,3.044,0.5,1.0,gibbs,custom,False,full,49,0.01,1e-05,2,1.0,1000,300,7,True,,,-8.712145554395006,0.04571805614978075,0.04565743570526441,,,0.6548857607512797,0.3196020499368509,13.697230711579325
lr1d,49,49,3.044,0.5,1.0,gibbs,custom,False,full,49,0.01,1e-05,3,1.0,1000,300,7,True,,,-8.711666158886185,0.04692005217075348,0.046393884780506295,,,0.6645213295811918,0.32475719346354404,13.918165434151888
lr1d,49,49,3.044,0.5,1.0,gibbs,custom,False,full,49,0.01,1e-05,4,1.0,1000,300,7,True,,,-8.711068317142576,0.04438038859516382,0.043797152104477086,,,0.6573970612102261,0.3065800647313396,13.139145631343126
lr1d,49,49,3.044,0.5,1.0,gibbs,custom,False,full,49,0.01,1e-05,5,1.0,1000,300,7,True,,,-8.711917961230522,0.042619184032082556,0.04560816905150811,,,0.6731097565678548,0.31925718336055675,13.682450715452433
lr1d,49,49,3.044,1.0,1.0,gibbs,custom,False,full,49,0.01,1e-05,1,1.0,1000,300,19,True,,,-4.387771781197303,0.042372355982661244,0.04637929971019427,,,0.14474930936562977,0.8812066944936912,13.913789913058281
lr1d,49,49,3.044,1.0,1.0,gibbs,custom,False,full,49,0.01,1e-05,2,1.0,1000,300,21,True,,,-4.388164332075203,0.043840189650654796,0.044660211565593876,,,0.1562241735058357,0.9378644428774714,13.398063469678164
lr1d,49,49,3.044,1.0,1.0,gibbs,custom,False,full,49,0.01,1e-05,3,1.0,1000,300,22,True,,,-4.388020696274589,0.042621650733053684,0.04572816385577123,,,0.15956803220444846,1.006019604826967,13.718449156731369
lr1d,49,49,3.044,1.0,1.0,gibbs,custom,False,full,49,0.01,1e-05,4,1.0,1000,300,21,True,,,-4.388435521469849,0.04416555594652891,0.047452253500620524,,,0.16146669884202564,0.996497323513031,14.235676050186157
lr1d,49,49,3.044,1.0,1.0,gibbs,custom,False,full,49,0.01,1e-05,5,1.0,1000,300,20,True,,,-4.387507907574511,0.0453798770904541,0.04593483020861944,,,0.15112474096385975,0.9186966041723887,13.78044906258583
lr1d,49,49,3.044,2.0,1.0,gibbs,custom,False,full,49,0.01,1e-05,1,1.0,1000,300,13,True,,,-3.1488710962848714,0.04741486981511116,0.0460606424510479,,,0.019080767256127795,0.5987883518636227,13.81819273531437
lr1d,49,49,3.044,2.0,1.0,gibbs,custom,False,full,49,0.01,1e-05,2,1.0,1000,300,13,True,,,-3.1486364919456244,0.044420688040554525,0.042322997922698655,,,0.01718435917922391,0.5501989729950825,12.696899376809597
lr1d,49,49,3.044,2.0,1.0,gibbs,custom,False,full,49,0.01,1e-05,3,1.0,1000,300,13,True,,,-3.1486032524609,0.04095740858465433,0.04489786141862472,,,0.00481151815535526,0.5836721984421214,13.469358425587417
lr1d,49,49,3.044,2.0,1.0,gibbs,custom,False,full,49,0.01,1e-05,4,1.0,1000,300,13,True,,,-3.1486900113319627,0.04668058790266514,0.045810020913680395,,,0.04390852847759372,0.5955302718778451,13.743006274104118
lr1d,49,49,3.044,2.0,1.0,gibbs,custom,False,full,49,0.01,1e-05,5,1.0,1000,300,12,True,,,-3.1484615991915885,0.04251118190586567,0.04601523054142793,,,0.013992872023312236,0.5521827664971352,13.804569162428379
lr1d,49,49,3.044,3.0,1.0,gibbs,custom,False,full,49,0.01,1e-05,1,1.0,1000,300,10,True,,,-3.1285049111014125,0.04708765745162964,0.04593047641217709,,,0.18341263496279842,0.4593047641217709,13.779142923653128
lr1d,49,49,3.044,3.0,1.0,gibbs,custom,False,full,49,0.01,1e-05,2,1.0,1000,300,10,True,,,-3.128644539772393,0.04526371397078037,0.04555027355750402,,,0.16353021914049923,0.4555027355750402,13.665082067251205
lr1d,49,49,3.044,3.0,1.0,gibbs,custom,False,full,49,0.01,1e-05,3,1.0,1000,300,10,True,,,-3.1286552287721006,0.04650042336434126,0.045615951729317504,,,0.03619422888306536,0.45615951729317505,13.684785518795252
lr1d,49,49,3.044,3.0,1.0,gibbs,custom,False,full,49,0.01,1e-05,4,1.0,1000,300,10,True,,,-3.1286870632452026,0.04121910780668259,0.04487999603152275,,,0.15883804655105185,0.4487999603152275,13.463998809456825
lr1d,49,49,3.044,3.0,1.0,gibbs,custom,False,full,49,0.01,1e-05,5,1.0,1000,300,10,True,,,-3.12877717581891,0.041927958838641644,0.04629802434394757,,,0.1612557932333795,0.46298024343947575,13.88940730318427
lr1d,49,49,0.5,0.5,1.0,lsb,custom,True,full,49,0.01,1e-05,1,1.0,1000,300,26,True,,,-8.44627372331799,0.03118132706731558,0.037923261610170206,,,0.9557651515110552,0.9860048018644254,11.376978483051062
lr1d,49,49,0.5,0.5,1.0,lsb,custom,True,full,49,0.01,1e-05,2,1.0,1000,300,280,False,,,,0.030965955927968025,0.03085285287350416,,,,8.638798804581166,9.255855862051249
lr1d,49,49,0.5,0.5,1.0,lsb,custom,True,full,49,0.01,1e-05,3,1.0,1000,300,280,False,,,,0.031443156860768796,0.030779392210145792,,,,8.618229818840822,9.233817663043737
lr1d,49,49,0.5,0.5,1.0,lsb,custom,True,full,49,0.01,1e-05,4,1.0,1000,300,30,True,,,-8.449528313317943,0.031141258589923382,0.031169261870284876,,,0.8631361095815777,0.9350778561085462,9.350778561085463
lr1d,49,49,0.5,0.5,1.0,lsb,custom,True,full,49,0.01,1e-05,5,1.0,1000,300,280,False,,,,0.030192497558891772,0.031011476231118044,,,,8.683213344713053,9.303442869335413
lr1d,49,49,0.5,1.0,1.0,lsb,custom,True,full,49,0.01,1e-05,1,1.0,1000,300,61,True,,,-3.784448662727484,0.029993659630417824,0.03142595528314511,,,0.9969999380026912,1.9169832722718516,9.427786584943533
lr1d,49,49,0.5,1.0,1.0,lsb,custom,True,full,49,0.01,1e-05,2,1.0,1000,300,70,True,,,-3.7877906659999296,0.03153209388256073,0.03147578420738379,,,0.9961520758437906,2.203304894516865,9.442735262215137
lr1d,49,49,0.5,1.0,1.0,lsb,custom,True,full,49,0.01,1e-05,3,1.0,1000,300,61,True,,,-3.7856290110913235,0.030992788448929786,0.031668833655615646,,,0.9969834171878752,1.9317988529925543,9.500650096684694
lr1d,49,49,0.5,1.0,1.0,lsb,custom,True,full,49,0.01,1e-05,4,1.0,1000,300,68,True,,,-3.7869413479363474,0.029383297078311443,0.03105236848195394,,,0.9962435426054476,2.1115610567728678,9.315710544586182
lr1d,49,49,0.5,1.0,1.0,lsb,custom,True,full,49,0.01,1e-05,5,1.0,1000,300,64,True,,,-3.784965861472314,0.0309330515563488,0.03179784214744965,,,0.9967034751021827,2.0350618974367776,9.539352644234896
lr1d,49,49,0.5,2.0,1.0,lsb,custom,True,full,49,0.01,1e-05,1,1.0,1000,300,280,False,,,-1.630231165979358,0.0326286667957902,0.03232037494579951,,,0.8533188372057295,9.049704984823862,9.696112483739853
lr1d,49,49,0.5,2.0,1.0,lsb,custom,True,full,49,0.01,1e-05,2,1.0,1000,300,280,False,,,-1.629102537925844,0.03236372731626034,0.03221523600320021,,,0.8579501577913945,9.020266080896059,9.664570800960064
lr1d,49,49,0.5,2.0,1.0,lsb,custom,True,full,49,0.01,1e-05,3,1.0,1000,300,271,True,,,-1.6269821457720295,0.03285626489669084,0.0321352311099569,,,0.8650691445596557,8.70864763079832,9.64056933298707
lr1d,49,49,0.5,2.0,1.0,lsb,custom,True,full,49,0.01,1e-05,4,1.0,1000,300,280,False,,,-1.629194729469954,0.031949851848185065,0.03228444017469883,,,0.8521767061058002,9.039643248915672,9.685332052409649
lr1d,49,49,0.5,2.0,1.0,lsb,custom,True,full,49,0.01,1e-05,5,1.0,1000,300,280,False,,,-1.6308164872049087,0.03219770472496748,0.03242328363160292,,,0.8750806679107447,9.078519416848817,9.726985089480875
lr1d,49,49,0.5,3.0,1.0,lsb,custom,True,full,49,0.01,1e-05,1,1.0,1000,300,280,False,,,-1.2102378465706431,0.032333298772573474,0.0319712998966376,,,0.20741341831506185,8.951963971058527,9.59138996899128
lr1d,49,49,0.5,3.0,1.0,lsb,custom,True,full,49,0.01,1e-05,2,1.0,1000,300,280,False,,,-1.2074636712891962,0.032074510119855404,0.0321893019725879,,,0.19299547554472335,9.013004552324613,9.656790591776371
lr1d,49,49,0.5,3.0,1.0,lsb,custom,True,full,49,0.01,1e-05,3,1.0,1000,300,225,True,,,-1.1966055394394788,0.03238309547305107,0.03195430981616179,,,0.19544940925413606,7.189719708636403,9.586292944848537
lr1d,49,49,0.5,3.0,1.0,lsb,custom,True,full,49,0.01,1e-05,4,1.0,1000,300,234,True,,,-1.2019907802758492,0.03214205652475357,0.03222286210705837,,,0.2425458946348241,7.540149733051658,9.66685863211751
lr1d,49,49,0.5,3.0,1.0,lsb,custom,True,full,49,0.01,1e-05,5,1.0,1000,300,278,True,,,-1.2088818342650893,0.03230601772665977,0.03247285141299168,,,0.22227548650057047,9.027452692811687,9.741855423897503
lr1d,49,49,1.0,0.5,1.0,lsb,custom,True,full,49,0.01,1e-05,1,1.0,1000,300,21,True,,,-8.469180161274842,0.031547285802662375,0.030605900374551614,,,0.7480769766283673,0.6427239078655839,9.181770112365484
lr1d,49,49,1.0,0.5,1.0,lsb,custom,True,full,49,0.01,1e-05,2,1.0,1000,300,280,False,,,,0.030014265142381192,0.030463040408988794,,,,8.529651314516862,9.138912122696638
lr1d,49,49,1.0,0.5,1.0,lsb,custom,True,full,49,0.01,1e-05,3,1.0,1000,300,280,False,,,,0.030253119207918643,0.03058111167202393,,,,8.562711268166701,9.17433350160718
lr1d,49,49,1.0,0.5,1.0,lsb,custom,True,full,49,0.01,1e-05,4,1.0,1000,300,280,False,,,,0.03113446421921253,0.030756863839924334,,,,8.611921875178814,9.2270591519773
lr1d,49,49,1.0,0.5,1.0,lsb,custom,True,full,49,0.01,1e-05,5,1.0,1000,300,280,False,,,,0.030348744802176954,0.03084420514603456,,,,8.636377440889676,9.253261543810368
lr1d,49,49,1.0,1.0,1.0,lsb,custom,True,full,49,0.01,1e-05,1,1.0,1000,300,49,True,,,-3.82438356439818,0.02854845318943262,0.0311044929176569,,,0.9925318858879907,1.524120152965188,9.33134787529707
lr1d,49,49,1.0,1.0,1.0,lsb,custom,True,full,49,0.01,1e-05,2,1.0,1000,300,49,True,,,-3.8196254697231082,0.03001231737434864,0.0306998398527503,,,0.9939059050589718,1.5042921527847648,9.20995195582509
lr1d,49,49,1.0,1.0,1.0,lsb,custom,True,full,49,0.01,1e-05,3,1.0,1000,300,50,True,,,-3.8202565150695014,0.030072688683867456,0.030964603672424953,,,0.9906502445608276,1.5482301836212475,9.289381101727486
lr1d,49,49,1.0,1.0,1.0,lsb,custom,True,full,49,0.01,1e-05,4,1.0,1000,300,48,True,,,-3.8201120092046494,0.028608035854995252,0.031033917826910815,,,0.9944039643690942,1.4896280556917192,9.310175348073244
lr1d,49,49,1.0,1.0,1.0,lsb,custom,True,full,49,0.01,1e-05,5,1.0,1000,300,49,True,,,-3.8219057415820865,0.03022511936724186,0.031052853415409722,,,0.9938980352405616,1.5215898173550764,9.315856024622917
lr1d,49,49,1.0,2.0,1.0,lsb,custom,True,full,49,0.01,1e-05,1,1.0,1000,300,234,True,,,-1.7479414229188226,0.03179997019469738,0.03209188592930635,,,0.6224561730573117,7.509501307457685,9.627565778791904
lr1d,49,49,1.0,2.0,1.0,lsb,custom,True,full,49,0.01,1e-05,2,1.0,1000,300,244,True,,,-1.7494298750398236,0.032231302559375764,0.032097701343397296,,,0.6084944903974889,7.83183912778894,9.629310403019188
lr1d,49,49,1.0,2.0,1.0,lsb,custom,True,full,49,0.01,1e-05,3,1.0,1000,300,240,True,,,-1.7487091724045336,0.0314873568713665,0.032217882747451465,,,0.5908646513706546,7.732291859388352,9.66536482423544
lr1d,49,49,1.0,2.0,1.0,lsb,custom,True,full,49,0.01,1e-05,4,1.0,1000,300,240,True,,,-1.7490359530394737,0.03277915138751268,0.032241357291738194,,,0.6004056628947869,7.737925750017166,9.672407187521458
lr1d,49,49,1.0,2.0,1.0,lsb,custom,True,full,49,0.01,1e-05,5,1.0,1000,300,236,True,,,-1.7476219845422598,0.033009383082389834,0.032514840004344785,,,0.6053788041618864,7.6735022410253695,9.754452001303436
lr1d,49,49,1.0,3.0,1.0,lsb,custom,True,full,49,0.01,1e-05,1,1.0,1000,300,86,True,,,-1.4010308463483085,0.03162168003618717,0.031903498110671835,,,0.03337577176273431,2.743700837517778,9.571049433201551
lr1d,49,49,1.0,3.0,1.0,lsb,custom,True,full,49,0.01,1e-05,2,1.0,1000,300,77,True,,,-1.4022134060902818,0.032625379413366316,0.0321559389680624,,,0.025023349531550387,2.476007300540805,9.64678169041872
lr1d,49,49,1.0,3.0,1.0,lsb,custom,True,full,49,0.01,1e-05,3,1.0,1000,300,83,True,,,-1.4029715999659105,0.03200551178306341,0.032158566725750765,,,0.0382804212831297,2.6691610382373137,9.64757001772523
lr1d,49,49,1.0,3.0,1.0,lsb,custom,True,full,49,0.01,1e-05,4,1.0,1000,300,83,True,,,-1.3997362870393213,0.032159259915351866,0.03215171933174133,,,0.029619611834402974,2.6685927045345306,9.6455157995224
lr1d,49,49,1.0,3.0,1.0,lsb,custom,True,full,49,0.01,1e-05,5,1.0,1000,300,89,True,,,-1.3986992964856186,0.03196990098804235,0.03207503542304039,,,0.04217489527123281,2.8546781526505947,9.622510626912117
lr1d,49,49,2.0,0.5,1.0,lsb,custom,True,full,49,0.01,1e-05,1,1.0,1000,300,17,True,,,-8.530138802483668,0.03153705485165119,0.030820104231437048,,,,0.5239417719344298,9.246031269431114
lr1d,49,49,2.0,0.5,1.0,lsb,custom,True,full,49,0.01,1e-05,2,1.0,1000,300,280,False,,,,0.03022143729031086,0.03079615796605746,,,,8.62292423049609,9.238847389817238
lr1d,49,49,2.0,0.5,1.0,lsb,custom,True,full,49,0.01,1e-05,3,1.0,1000,300,280,False,,,,0.031037860549986362,0.03046755563467741,,,,8.530915577709676,9.140266690403223
lr1d,49,49,2.0,0.5,1.0,lsb,custom,True,full,49,0.01,1e-05,4,1.0,1000,300,280,False,,,,0.03007912077009678,0.03057769753038883,,,,8.561755308508873,9.17330925911665
lr1d,49,49,2.0,0.5,1.0,lsb,custom,True,full,49,0.01,1e-05,5,1.0,1000,300,10,True,,,-8.549612263399855,0.0314369760453701,0.03069141725699107,,,,0.3069141725699107,9.20742517709732
lr1d,49,49,2.0,1.0,1.0,lsb,custom,True,full,49,0.01,1e-05,1,1.0,1000,300,33,True,,,-4.002365055899176,0.032641368359327315,0.029934915999571484,,,0.9726739235796351,0.9878522279858589,8.980474799871445
lr1d,49,49,2.0,1.0,1.0,lsb,custom,True,full,49,0.01,1e-05,2,1.0,1000,300,40,True,,,-4.007153154154982,0.032214717008173466,0.030207966739932698,,,0.9692309362504506,1.2083186695973078,9.062390021979809
lr1d,49,49,2.0,1.0,1.0,lsb,custom,True,full,49,0.01,1e-05,3,1.0,1000,300,38,True,,,-4.001860113615052,0.03160041030496359,0.02972802506138881,,,0.9792269442767806,1.1296649523327746,8.918407518416643
lr1d,49,49,2.0,1.0,1.0,lsb,custom,True,full,49,0.01,1e-05,4,1.0,1000,300,36,True,,,-4.005346641151668,0.03028860818594694,0.029914226345717908,,,0.9872236674233937,1.0769121484458446,8.974267903715372
lr1d,49,49,2.0,1.0,1.0,lsb,custom,True,full,49,0.01,1e-05,5,1.0,1000,300,35,True,,,-4.003849924585511,0.02999909520149231,0.02980558467408021,,,0.9856131714309944,1.0431954635928073,8.941675402224064
lr1d,49,49,2.0,2.0,1.0,lsb,custom,True,full,49,0.01,1e-05,1,1.0,1000,300,57,True,,,-2.230814840770227,0.03257072474807501,0.03225027043372393,,,0.019340301130087535,1.838265414722264,9.675081130117178
lr1d,49,49,2.0,2.0,1.0,lsb,custom,True,full,49,0.01,1e-05,2,1.0,1000,300,56,True,,,-2.227053943730266,0.03233164809644222,0.032282199958960214,,,0.019238262791603185,1.8078031977017721,9.684659987688065
lr1d,49,49,2.0,2.0,1.0,lsb,custom,True,full,49,0.01,1e-05,3,1.0,1000,300,61,True,,,-2.2285790821712674,0.03237055987119675,0.03201726453999678,,,0.04211182110760724,1.9530531369398036,9.605179361999035
lr1d,49,49,2.0,2.0,1.0,lsb,custom,True,full,49,0.01,1e-05,4,1.0,1000,300,56,True,,,-2.2284610537513125,0.03256621267646551,0.03238021727651358,,,0.033692323906816736,1.8132921674847604,9.714065182954073
lr1d,49,49,2.0,2.0,1.0,lsb,custom,True,full,49,0.01,1e-05,5,1.0,1000,300,60,True,,,-2.226396976716807,0.03290477283298969,0.032263656941552955,,,0.03195562733888631,1.9358194164931772,9.679097082465887
lr1d,49,49,2.0,3.0,1.0,lsb,custom,True,full,49,0.01,1e-05,1,1.0,1000,300,66,True,,,-2.159031344914767,0.03263843674212694,0.032200301637252175,,,0.03888016227967821,2.1252199080586434,9.660090491175653
lr1d,49,49,2.0,3.0,1.0,lsb,custom,True,full,49,0.01,1e-05,2,1.0,1000,300,71,True,,,-2.156214603130118,0.031848158687353134,0.03230038630465666,,,0.0022814433995518965,2.293327427630623,9.690115891396998
lr1d,49,49,2.0,3.0,1.0,lsb,custom,True,full,49,0.01,1e-05,3,1.0,1000,300,69,True,,,-2.1577226458809458,0.032195203565061094,0.03241072795043389,,,0.00239484747119898,2.2363402285799383,9.723218385130167
lr1d,49,49,2.0,3.0,1.0,lsb,custom,True,full,49,0.01,1e-05,4,1.0,1000,300,64,True,,,-2.1567969869569,0.032827349938452245,0.03216739226132631,,,0.03892347434391999,2.058713104724884,9.650217678397894
lr1d,49,49,2.0,3.0,1.0,lsb,custom,True,full,49,0.01,1e-05,5,1.0,1000,300,62,True,,,-2.1587440716831394,0.032109834253787994,0.03224013439069191,,,0.04702951688006121,1.9988883322228985,9.672040317207573
lr1d,49,49,3.044,0.5,1.0,lsb,custom,True,full,49,0.01,1e-05,1,1.0,1000,300,28,True,,,-8.638569911447407,0.03162431046366691,0.031015503518283367,,,0.9796782913462961,0.8684340985119343,9.30465105548501
lr1d,49,49,3.044,0.5,1.0,lsb,custom,True,full,49,0.01,1e-05,2,1.0,1000,300,30,True,,,-8.62743448141484,0.02990475855767727,0.030965559234221778,,,,0.9289667770266533,9.289667770266533
lr1d,49,49,3.044,0.5,1.0,lsb,custom,True,full,49,0.01,1e-05,3,1.0,1000,300,280,False,,,,0.03126139994710684,0.030861021988093852,,,,8.641086156666278,9.258306596428156
lr1d,49,49,3.044,0.5,1.0,lsb,custom,True,full,49,0.01,1e-05,4,1.0,1000,300,16,True,,,-8.65079762759452,0.0312373798340559,0.031232706146935622,,,0.9999955213023222,0.49972329835096996,9.369811844080687
lr1d,49,49,3.044,0.5,1.0,lsb,custom,True,full,49,0.01,1e-05,5,1.0,1000,300,19,True,,,-8.659028831806431,0.03155780714005232,0.031059973686933518,,,,0.5901395000517369,9.317992106080055
lr1d,49,49,3.044,1.0,1.0,lsb,custom,True,full,49,0.01,1e-05,1,1.0,1000,300,30,True,,,-4.3596813863019515,0.03171414528042078,0.03137245412915945,,,0.9505512568029406,0.9411736238747834,9.411736238747835
lr1d,49,49,3.044,1.0,1.0,lsb,custom,True,full,49,0.01,1e-05,2,1.0,1000,300,33,True,,,-4.3600956867143665,0.03271869383752346,0.03182352439810832,,,0.9489232252084604,1.0501763051375748,9.547057319432497
lr1d,49,49,3.044,1.0,1.0,lsb,custom,True,full,49,0.01,1e-05,3,1.0,1000,300,31,True,,,-4.363089585615863,0.03188941944390535,0.03158721768607696,,,0.9552819865650675,0.9792037482683857,9.476165305823088
lr1d,49,49,3.044,1.0,1.0,lsb,custom,True,full,49,0.01,1e-05,4,1.0,1000,300,33,True,,,-4.363328996148956,0.033278892561793325,0.03170318342745304,,,0.9462732401223027,1.0462050531059504,9.510955028235912
lr1d,49,49,3.044,1.0,1.0,lsb,custom,True,full,49,0.01,1e-05,5,1.0,1000,300,32,True,,,-4.36078998228151,0.03248232752084732,0.03148118638743957,,,0.9504231014508554,1.0073979643980662,9.44435591623187
lr1d,49,49,3.044,2.0,1.0,lsb,custom,True,full,49,0.01,1e-05,1,1.0,1000,300,41,True,,,-3.1381665629932884,0.03292585276067257,0.03225550629198551,,,0.0023827550541176672,1.322475757971406,9.676651887595652
lr1d,49,49,3.044,2.0,1.0,lsb,custom,True,full,49,0.01,1e-05,2,1.0,1000,300,41,True,,,-3.1413749582610166,0.03243168909102678,0.03209841546912988,,,0.002841915584625226,1.316035034234325,9.629524640738964
lr1d,49,49,3.044,2.0,1.0,lsb,custom,True,full,49,0.01,1e-05,3,1.0,1000,300,44,True,,,-3.1381102439375863,0.03254040870815515,0.03190728519111872,,,0.003256017479439847,1.4039205484092236,9.572185557335615
lr1d,49,49,3.044,2.0,1.0,lsb,custom,True,full,49,0.01,1e-05,4,1.0,1000,300,43,True,,,-3.135199161200395,0.0326692059636116,0.032665067774554093,,,0.0028900786832722074,1.404597914305826,9.799520332366228
lr1d,49,49,3.044,2.0,1.0,lsb,custom,True,full,49,0.01,1e-05,5,1.0,1000,300,43,True,,,-3.1384553865763167,0.03320463132113218,0.03255263516058524,,,0.039414711350416416,1.3997633119051653,9.765790548175573
lr1d,49,49,3.044,3.0,1.0,lsb,custom,True,full,49,0.01,1e-05,1,1.0,1000,300,38,True,,,-3.129076786851731,0.031237027794122695,0.0322642437244455,,,0.20564516887993403,1.2260412615289291,9.67927311733365
lr1d,49,49,3.044,3.0,1.0,lsb,custom,True,full,49,0.01,1e-05,2,1.0,1000,300,39,True,,,-3.1302093270757387,0.03178484812378883,0.032236997249225775,,,0.23224113080205763,1.2572428927198052,9.671099174767733
lr1d,49,49,3.044,3.0,1.0,lsb,custom,True,full,49,0.01,1e-05,3,1.0,1000,300,38,True,,,-3.131799903877162,0.03230951428413391,0.03237054099639257,,,0.2058269479368452,1.2300805578629177,9.71116229891777
lr1d,49,49,3.044,3.0,1.0,lsb,custom,True,full,49,0.01,1e-05,4,1.0,1000,300,39,True,,,-3.131370647649864,0.03252479732036591,0.03246731417874495,,,0.10683226175221822,1.2662252529710532,9.740194253623486
lr1d,49,49,3.044,3.0,1.0,lsb,custom,True,full,49,0.01,1e-05,5,1.0,1000,300,37,True,,,-3.128984122182549,0.03123169522732496,0.03239039429773887,,,0.23126424604979376,1.1984445890163382,9.717118289321661
lr1d,49,49,0.5,0.5,1.0,metropolis,custom,False,full,49,0.01,1e-05,1,1.0,1000,300,7,True,,,-8.443716559649069,0.46527622994035484,0.47290420314917964,,,0.9886081646762296,3.3103294220442576,141.87126094475389
lr1d,49,49,0.5,1.0,1.0,metropolis,custom,False,full,49,0.01,1e-05,1,1.0,1000,300,20,True,,,-3.7902044257825955,0.47237045802176,0.4761532881855965,,,0.941118615282215,9.52306576371193,142.84598645567894
lr1d,49,49,1.0,0.5,1.0,metropolis,custom,False,full,49,0.01,1e-05,1,1.0,1000,300,7,True,,,-8.46744107686657,0.468002157472074,0.470631285769244,,,0.954717525256922,3.2944190003847083,141.1893857307732
lr1d,49,49,2.0,0.5,1.0,metropolis,custom,False,full,49,0.01,1e-05,1,1.0,1000,300,6,True,,,-8.555053507227331,0.47183260824531315,0.4735162488867839,,,0.8508093733148508,2.8410974933207034,142.05487466603518
lr1d,49,49,3.044,0.5,1.0,metropolis,custom,False,full,49,0.01,1e-05,1,1.0,1000,300,6,True,,,-8.711883899294053,0.4717342367395759,0.47353816729038956,,,0.6896865245422288,2.8412290037423373,142.06145018711686
1d,100,100,0.5,,1.0,gibbs,custom,False,full,100,0.0003,1e-05,1,1.0,1000,300,280,False,0.526016051062349,-1.063544409973365,-0.537528358911016,0.037179783545434476,0.047721481236318745,0.526016051062349,,0.7856753453737154,13.36201474616925,14.316444370895624
1d,100,100,0.5,,1.0,gibbs,custom,False,full,100,0.01,1e-05,1,1.0,1000,300,184,True,0.007059957050560062,-1.063544409973365,-1.056484452922805,0.048961115069687366,0.04735659579435984,0.0009549003840969572,,0.19539967101435687,8.71361362616221,14.206978738307953
1d,100,100,0.5,,1.0,gibbs,custom,False,full,100,0.01,1e-05,2,1.0,1000,300,248,True,0.027562234120168005,-1.063544409973365,-1.035982175853197,0.04623215552419424,0.05243456417073806,0.024299414603221825,,0.13228213134592737,13.003771914343039,15.730369251221418
1d,100,100,0.5,,1.0,gibbs,custom,False,full,100,0.01,1e-05,3,1.0,1000,300,175,True,0.023514996414176537,-1.063544409973365,-1.0400294135591885,0.04714362286031246,0.046456396244466305,0.020241141691492492,,0.02255183932165102,8.129869342781603,13.936918873339891
1d,100,100,0.5,,1.0,gibbs,custom,False,full,100,0.01,1e-05,4,1.0,1000,300,187,True,0.005240664002128748,-1.063544409973365,-1.0583037459712363,0.0384322177618742,0.04444489846626917,0.00046515948104919325,,0.20210071668709675,8.311196013192335,13.333469539880753
1d,100,100,0.5,,1.0,gibbs,custom,False,full,100,0.01,1e-05,5,1.0,1000,300,175,True,0.049775231216128146,-1.063544409973365,-1.013769178757237,0.05049645956605673,0.04651507926483949,0.03670390845089355,,0.06832507350469345,8.140138871346911,13.954523779451847
1d,100,100,1.0,,1.0,gibbs,custom,False,full,100,0.0003,1e-05,1,1.0,1000,300,280,False,0.23808647958202567,-1.2732919061200112,-1.0352054265379855,0.04139084033668041,0.04341945049663385,0.23808647958202567,,0.804999266409993,12.157446139057479,13.025835148990154
1d,100,100,1.0,,1.0,gibbs,custom,False,full,100,0.01,1e-05,1,1.0,1000,300,233,True,0.027467819304851426,-1.2732919061200112,-1.2458240868151598,0.041714179888367654,0.04534211171170076,0.02314096787794062,,0.006578016510859837,10.564712028826277,13.602633513510227
1d,100,100,1.0,,1.0,gibbs,custom,False,full,100,0.01,1e-05,2,1.0,1000,300,206,True,0.03297692525156881,-1.2732919061200112,-1.2403149808684424,0.04008071050047875,0.04506964116046826,0.026583578816126385,,0.00156222433461561,9.28434607905646,13.520892348140476
1d,100,100,1.0,,1.0,gibbs,custom,False,full,100,0.01,1e-05,3,1.0,1000,300,160,True,0.04044807104035719,-1.2732919061200112,-1.232843835079654,0.04073569476604462,0.04542881865054369,0.02518272122606402,,0.0010061110209836298,7.26861098408699,13.628645595163107
1d,100,100,1.0,,1.0,gibbs,custom,False,full,100,0.01,1e-05,4,1.0,1000,300,204,True,0.03264493888798925,-1.2732919061200112,-1.240646967232022,0.041729994118213654,0.04466638104369243,0.02594589719998397,,0.0037766496925880555,9.111941732913255,13.399914313107729
1d,100,100,1.0,,1.0,gibbs,custom,False,full,100,0.01,1e-05,5,1.0,1000,300,227,True,0.02995400967328754,-1.2732919061200112,-1.2433378964467237,0.04284325670450926,0.04496042718489965,0.02604263436481391,,0.0014365258008088766,10.20601697097222,13.488128155469894
1d,100,100,2.0,,1.0,gibbs,custom,False,full,100,0.0003,1e-05,1,1.0,1000,300,184,True,0.10600220702683627,-2.12708881994673,-2.021086612919894,0.04003398902714252,0.04336526102075974,0.09500354961338564,,0.8117253582639702,7.9792080278197925,13.009578306227922
1d,100,100,2.0,,1.0,gibbs,custom,False,full,100,0.01,1e-05,1,1.0,1000,300,69,True,0.024748013088844445,-2.12708881994673,-2.1023408068578857,0.04192720428109169,0.04123038452118635,0.011452645897777725,,0.03254196014872311,2.8448965319618584,12.369115356355906
1d,100,100,2.0,,1.0,gibbs,custom,False,full,100,0.01,1e-05,2,1.0,1000,300,67,True,0.026319324536409283,-2.12708881994673,-2.100769495410321,0.040946397744119165,0.04143002917369207,0.011074357711212013,,0.02979787182399486,2.7758119546373687,12.42900875210762
1d,100,100,2.0,,1.0,gibbs,custom,False,full,100,0.01,1e-05,3,1.0,1000,300,71,True,0.02415445383895687,-2.12708881994673,-2.1029343661077733,0.04456408768892288,0.04177745590607325,0.011008747862446544,,0.011782247735076254,2.9661993693312008,12.533236771821974
1d,100,100,2.0,,1.0,gibbs,custom,False,full,100,0.01,1e-05,4,1.0,1000,300,74,True,0.023606276559521522,-2.12708881994673,-2.1034825433872086,0.03728483933955431,0.04009436741471291,0.011504061229345108,,0.04695514366912847,2.966983188688755,12.028310224413872
1d,100,100,2.0,,1.0,gibbs,custom,False,full,100,0.01,1e-05,5,1.0,1000,300,61,True,0.02755405455200055,-2.12708881994673,-2.0995347653947296,0.03929457943886518,0.040907028801739215,0.011361334243870314,,0.02747116690137412,2.4953287569060922,12.272108640521765
1d,100,100,3.044,,1.0,gibbs,custom,False,full,100,0.0003,1e-05,1,1.0,1000,300,17,True,0.08021773715184999,-3.1266983597062743,-3.0464806225544243,0.041445741429924965,0.04321191931764285,0.053667064753668114,,0.8481727249695243,0.7346026283999285,12.963575795292856
1d,100,100,3.044,,1.0,gibbs,custom,False,full,100,0.01,1e-05,1,1.0,1000,300,36,True,0.02047145060215705,-3.1266983597062743,-3.1062269091041173,0.043275699764490125,0.04158575851470232,0.005375679382660703,,0.16634235180531604,1.4970873065292836,12.475727554410696
1d,100,100,3.044,,1.0,gibbs,custom,False,full,100,0.01,1e-05,2,1.0,1000,300,39,True,0.01976575687317217,-3.1266983597062743,-3.106932602833102,0.0401865703985095,0.03966925046096245,0.005225896179101852,,0.08300798522607054,1.5471007679775357,11.900775138288736
1d,100,100,3.044,,1.0,gibbs,custom,False,full,100,0.01,1e-05,3,1.0,1000,300,33,True,0.02198516196234923,-3.1266983597062743,-3.104713197743925,0.03527589999139309,0.03876376080016295,0.005252747603278873,,0.0856196735460016,1.2792041064053774,11.629128240048885
1d,100,100,3.044,,1.0,gibbs,custom,False,full,100,0.01,1e-05,4,1.0,1000,300,37,True,0.019582766326085466,-3.1266983597062743,-3.107115593380189,0.038329947553575036,0.0406555936858058,0.005257738354659924,,0.06720797175752145,1.5042569663748144,12.19667810574174
1d,100,100,3.044,,1.0,gibbs,custom,False,full,100,0.01,1e-05,5,1.0,1000,300,31,True,0.023026949340100078,-3.1266983597062743,-3.103671410366174,0.035610157810151574,0.039821701024969416,0.0052793573178044895,,0.10563561808467455,1.2344727317740518,11.946510307490826
1d,100,100,0.5,,1.0,lsb,custom,True,full,100,0.0003,1e-05,1,1.0,1000,300,280,False,0.31231680323988986,-1.063544409973365,-0.7512276067334752,0.05063758529722691,0.058900542904933295,0.31231680323988986,,0.5509588567022128,16.49215201338132,17.670162871479988
1d,100,100,0.5,,1.0,lsb,custom,True,full,100,0.01,1e-05,1,1.0,1000,300,101,True,0.00638455010455008,-1.063544409973365,-1.057159859868815,0.05039534904062748,0.050896921940147874,0.01120938719790221,,0.0030468299944441295,5.140589115954935,15.269076582044363
1d,100,100,0.5,,1.0,lsb,custom,True,full,100,0.01,1e-05,2,1.0,1000,300,179,True,0.015799961238008864,-1.063544409973365,-1.0477444487353562,0.05078061129897833,0.05826273967822393,0.01609941268062598,,0.004460558008837674,10.429030402402084,17.47882190346718
1d,100,100,0.5,,1.0,lsb,custom,True,full,100,0.01,1e-05,3,1.0,1000,300,77,True,0.011197689965387392,-1.063544409973365,-1.0523467200079777,0.05014792531728744,0.05099317378054063,0.01594659133425691,,0.002998555267096484,3.9264743811016283,15.297952134162188
1d,100,100,0.5,,1.0,lsb,custom,True,full,100,0.01,1e-05,4,1.0,1000,300,90,True,0.008886518549551026,-1.063544409973365,-1.054657891423814,0.05991624854505062,0.05157754477113485,0.014034177345948251,,0.0019646229647987783,4.641979029402137,15.473263431340456
1d,100,100,0.5,,1.0,lsb,custom,True,full,100,0.01,1e-05,5,1.0,1000,300,118,True,0.01420886366040719,-1.063544409973365,-1.049335546312958,0.049224371835589406,0.05092262722551823,0.014952601303583668,,0.009460600911661031,6.008870012611151,15.276788167655468
1d,100,100,1.0,,1.0,lsb,custom,True,full,100,0.0003,1e-05,1,1.0,1000,300,280,False,0.046207501413149776,-1.2732919061200112,-1.2270844047068614,0.0510686282068491,0.05092008942117294,0.046207501413149776,,0.5841352797021289,14.257625037928422,15.276026826351881
1d,100,100,1.0,,1.0,lsb,custom,True,full,100,0.01,1e-05,1,1.0,1000,300,154,True,0.07314404326716417,-1.2732919061200112,-1.3464359493871754,0.053435211442410945,0.0511620993167162,0.06583069410732767,,0.0013974027681118474,7.8789632947742945,15.34862979501486
1d,100,100,1.0,,1.0,lsb,custom,True,full,100,0.01,1e-05,2,1.0,1000,300,144,True,0.07421372288871741,-1.2732919061200112,-1.3475056290087286,0.05014777109026909,0.05069192331284285,0.06123120493199763,,0.00393885661343843,7.29963695704937,15.207576993852854
1d,100,100,1.0,,1.0,lsb,custom,True,full,100,0.01,1e-05,3,1.0,1000,300,134,True,0.07469904850316644,-1.2732919061200112,-1.3479909546231776,0.04949183613061905,0.05047632738947869,0.0720757826830154,,0.00202691862756735,6.763827870190144,15.142898216843607
1d,100,100,1.0,,1.0,lsb,custom,True,full,100,0.01,1e-05,4,1.0,1000,300,38,True,0.10326486441544525,-1.2732919061200112,-1.3765567705354564,0.050765739567577836,0.05091037088384231,0.07099329596809878,,0.002942712773013262,1.9345940935860078,15.273111265152693
1d,100,100,1.0,,1.0,lsb,custom,True,full,100,0.01,1e-05,5,1.0,1000,300,156,True,0.07225757543323974,-1.2732919061200112,-1.345549481553251,0.0505290076136589,0.05067625854164362,0.0687995753072368,,0.0011195662278556174,7.905496332496405,15.202877562493086
1d,100,100,2.0,,1.0,lsb,custom,True,full,100,0.0003,1e-05,1,1.0,1000,300,280,False,0.061854948213002636,-2.12708881994673,-2.188943768159733,0.051738925464451316,0.051066421444217365,0.061854948213002636,,0.6399823974818108,14.298598004380862,15.31992643326521
1d,100,100,2.0,,1.0,lsb,custom,True,full,100,0.01,1e-05,1,1.0,1000,300,103,True,0.03706679585825068,-2.12708881994673,-2.164155615804981,0.05023301411420107,0.050379076997439064,0.030865594260140128,,0.06031169496956253,5.189044930736223,15.11372309923172
1d,100,100,2.0,,1.0,lsb,custom,True,full,100,0.01,1e-05,2,1.0,1000,300,90,True,0.042470079633242896,-2.12708881994673,-2.169558899579973,0.05053284261375666,0.05056143355866273,0.025089912253558833,,0.06307687696712146,4.550529020279646,15.16843006759882
1d,100,100,2.0,,1.0,lsb,custom,True,full,100,0.01,1e-05,3,1.0,1000,300,20,True,0.08955021140684671,-2.12708881994673,-2.216639031353577,0.050662999227643016,0.05044837498416503,0.02703663343945273,,0.05781806822535375,1.0089674996833007,15.13451249524951
1d,100,100,2.0,,1.0,lsb,custom,True,full,100,0.01,1e-05,4,1.0,1000,300,80,True,0.044811068279525745,-2.12708881994673,-2.171899888226256,0.051488564163446424,0.050655191354453566,0.02132469887420463,,0.049035544313208834,4.052415308356285,15.196557406336069
1d,100,100,2.0,,1.0,lsb,custom,True,full,100,0.01,1e-05,5,1.0,1000,300,95,True,0.04416028270796968,-2.12708881994673,-2.1712491026547,0.050165146589279175,0.05022985642155012,0.028841064173978026,,0.06740918535781247,4.771836360047261,15.068956926465034
1d,100,100,3.044,,1.0,lsb,custom,True,full,100,0.0003,1e-05,1,1.0,1000,300,173,True,0.037755961323726606,-3.1266983597062743,-3.164454321030001,0.050790995359420776,0.05112756546586752,0.0760903545897551,,0.6959817355388023,8.84506882559508,15.338269639760256
1d,100,100,3.044,,1.0,lsb,custom,True,full,100,0.01,1e-05,1,1.0,1000,300,63,True,0.023665152185493366,-3.1266983597062743,-3.1503635118917677,0.05037655606865883,0.050622899507482846,0.002740717037660989,,0.2798339002881636,3.1892426689714193,15.186869852244854
1d,100,100,3.044,,1.0,lsb,custom,True,full,100,0.01,1e-05,2,1.0,1000,300,13,True,0.06096643004029412,-3.1266983597062743,-3.1876647897465684,0.05211826581507921,0.0508337809642156,0.0025722172048641134,,0.2002884256085879,0.6608391525348027,15.250134289264679
1d,100,100,3.044,,1.0,lsb,custom,True,full,100,0.01,1e-05,3,1.0,1000,300,15,True,0.059926484236395794,-3.1266983597062743,-3.18662484394267,0.05062797870486975,0.0507419952377677,0.0033201450318536274,,0.09168859284475667,0.7611299285665155,15.22259857133031
1d,100,100,3.044,,1.0,lsb,custom,True,full,100,0.01,1e-05,4,1.0,1000,300,46,True,0.033912084310442125,-3.1266983597062743,-3.1606104440167164,0.05054151080548763,0.05055024853597085,0.0021121177374205935,,0.1929236322656491,2.325311432654659,15.165074560791256
1d,100,100,3.044,,1.0,lsb,custom,True,full,100,0.01,1e-05,5,1.0,1000,300,14,True,0.06031231829722117,-3.1266983597062743,-3.1870106780034955,0.05261325780302286,0.050912714364628,0.0012258404140177426,,0.18830637281626145,0.712778001104792,15.2738143093884
1d,100,100,0.5,,1.0,metropolis,custom,False,full,100,0.01,1e-05,1,1.0,1000,300,197,True,0.03868842615565682,-1.063544409973365,-1.0248559838177083,2.1541593302041293,2.199408425502479,0.030980630500870632,,0.10198747114748602,433.2834598239884,659.8225276507437
1d,100,100,0.5,,1.0,metropolis,custom,False,full,100,0.01,1e-05,2,1.0,1000,300,183,True,0.026105005665310932,-1.063544409973365,-1.0374394043080541,2.1692732889205217,2.2119458265478413,0.02254025614589472,,0.14611688573606452,404.78608625825495,663.5837479643524
1d,100,100,0.5,,1.0,metropolis,custom,False,full,100,0.01,1e-05,3,1.0,1000,300,209,True,0.030568346698143678,-1.063544409973365,-1.0329760632752214,2.105603235028684,2.174759020085136,0.024876581201099812,,0.10370590779605168,454.52463519779343,652.4277060255408
1d,100,100,0.5,,1.0,metropolis,custom,False,full,100,0.01,1e-05,4,1.0,1000,300,199,True,0.016975586452864677,-1.063544409973365,-1.0465688235205004,2.1002329520881178,2.1725427477806805,0.01301542360038721,,0.09054918291872018,432.3360068083554,651.7628243342041
1d,100,100,0.5,,1.0,metropolis,custom,False,full,100,0.01,1e-05,5,1.0,1000,300,177,True,0.026886782219732286,-1.063544409973365,-1.0366576277536328,2.1342547802254557,2.184532066136599,0.016796001943799155,,0.061327966431757135,386.662175706178,655.3596198409797
1d,100,100,1.0,,1.0,metropolis,custom,False,full,100,0.01,1e-05,1,1.0,1000,300,191,True,0.03392413497336566,-1.2732919061200112,-1.2393677711466455,2.2699935480952265,2.269189701192081,0.02630490176875755,,0.0010624150030503281,433.4152329276875,680.7569103576244
1d,100,100,1.0,,1.0,metropolis,custom,False,full,100,0.01,1e-05,2,1.0,1000,300,170,True,0.037646258049312875,-1.2732919061200112,-1.2356456480706983,2.271875690110028,2.273164806651572,0.02767057730960265,,0.0013579627303877278,386.43801713076726,681.9494419954716
1d,100,100,1.0,,1.0,metropolis,custom,False,full,100,0.01,1e-05,3,1.0,1000,300,211,True,0.03264526222569519,-1.2732919061200112,-1.240646643894316,2.2512513699010013,2.2567206540331246,0.02555643245584638,,0.0012647383098455703,476.1680580009893,677.0161962099373
1d,100,100,1.0,,1.0,metropolis,custom,False,full,100,0.01,1e-05,4,1.0,1000,300,212,True,0.03227767808927662,-1.2732919061200112,-1.2410142280307346,2.2509914277121426,2.2569329446802535,0.027213838693527004,,0.0010180877934707335,478.46978427221376,677.0798834040761
1d,100,100,1.0,,1.0,metropolis,custom,False,full,100,0.01,1e-05,5,1.0,1000,300,199,True,0.031657562130007255,-1.2732919061200112,-1.241634343990004,2.250225015357137,2.2558333641290664,0.02451784232189591,,0.004951465291867267,448.91083946168425,676.7500092387199
1d,100,100,2.0,,1.0,metropolis,custom,False,full,100,0.01,1e-05,1,1.0,1000,300,65,True,0.02565414821757228,-2.12708881994673,-2.101434671729158,2.2822642678394915,2.281750930994749,0.010748995642218429,,0.006101228500596854,148.31381051465868,684.5252792984247
1d,100,100,2.0,,1.0,metropolis,custom,False,full,100,0.01,1e-05,2,1.0,1000,300,67,True,0.02531212841102226,-2.12708881994673,-2.101776691535708,2.281881257891655,2.2816365649426977,0.011221353708160464,,0.03205234737055674,152.86964985116074,684.4909694828093
1d,100,100,2.0,,1.0,metropolis,custom,False,full,100,0.01,1e-05,3,1.0,1000,300,84,True,0.022074101437449922,-2.12708881994673,-2.1050147185092802,2.2646468369290234,2.2650552981471024,0.011518789679409114,,0.025319878131728014,190.2646450443566,679.5165894441307
1d,100,100,2.0,,1.0,metropolis,custom,False,full,100,0.01,1e-05,4,1.0,1000,300,71,True,0.023924808131414732,-2.12708881994673,-2.1031640118153154,2.265915247797966,2.2654237186163666,0.01070323858588651,,0.01616600483129879,160.84508402176203,679.62711558491
1d,100,100,2.0,,1.0,metropolis,custom,False,full,100,0.01,1e-05,5,1.0,1000,300,69,True,0.0250137224210496,-2.12708881994673,-2.1020750975256806,2.2655834566801785,2.264951876314978,0.01139477235552766,,0.03388628328924973,156.28167946573348,679.4855628944933
1d,100,100,3.044,,1.0,metropolis,custom,False,full,100,0.01,1e-05,1,1.0,1000,300,35,True,0.020256270364683804,-3.1266983597062743,-3.1064420893415905,2.28353433329612,2.282007753327489,0.005204734387163068,,0.10407626671577606,79.87027136646212,684.6023259982467
1d,100,100,3.044,,1.0,metropolis,custom,False,full,100,0.01,1e-05,2,1.0,1000,300,37,True,0.02050619871791115,-3.1266983597062743,-3.106192160988363,2.2839306205511094,2.282280215670665,0.005532927846971347,,0.16490399428093228,84.4443679798146,684.6840647011995
1d,100,100,3.044,,1.0,metropolis,custom,False,full,100,0.01,1e-05,3,1.0,1000,300,34,True,0.021430713388778333,-3.1266983597062743,-3.105267646317496,2.267327001877129,2.265810918683807,0.0053236354070396175,,0.10882191088822164,77.03757123524943,679.7432756051421
1d,100,100,3.044,,1.0,metropolis,custom,False,full,100,0.01,1e-05,4,1.0,1000,300,28,True,0.02555510076026879,-3.1266983597062743,-3.1011432589460055,2.2673150565475226,2.265456995119651,0.005288997786086824,,0.14454469949170967,63.43279586335023,679.6370985358953
1d,100,100,3.044,,1.0,metropolis,custom,False,full,100,0.01,1e-05,5,1.0,1000,300,37,True,0.019906526956513293,-3.1266983597062743,-3.106791832749761,2.267193438485265,2.2658323874200383,0.0053687359945659985,,0.11674580895778736,83.83579833454142,679.7497162260115
1d,12,12,0.5,,1.0,gibbs,custom,False,full,12,0.0003,1e-05,1,1.0,1000,300,280,False,0.42175642708063454,-1.0635444099733717,-0.6417879828927372,0.01952115455023886,0.026337410773485316,0.42175642708063454,1.4335245306229254,0.7427157485766311,7.3744750165758886,7.901223232045595
1d,121,121,0.5,,1.0,gibbs,custom,False,full,121,0.0003,1e-05,1,1.0,1000,300,280,False,0.5389334186309365,-1.0635444099733649,-0.5246109913424284,0.04442775510251522,0.05186944051335255,0.5389334186309365,,0.8460939296291028,14.523443343738714,15.560832154005766
1d,121,121,0.5,,1.0,gibbs,custom,False,full,121,0.01,1e-05,1,1.0,1000,300,186,True,0.06375495402010611,-1.0635444099733649,-0.9997894559532587,0.052059780806303024,0.04882696963846683,0.05892776858796811,,0.05303768207147647,9.081816352754831,14.64809089154005
1d,121,121,0.5,,1.0,gibbs,custom,False,full,121,0.01,1e-05,2,1.0,1000,300,241,True,0.04375419580242923,-1.0635444099733649,-1.0197902141709356,0.05011133160442114,0.05348877154290676,0.04010398976614482,,0.07781664145937398,12.89079394184053,16.04663146287203
1d,121,121,0.5,,1.0,gibbs,custom,False,full,121,0.01,1e-05,3,1.0,1000,300,225,True,0.024826280257661315,-1.0635444099733649,-1.0387181297157035,0.045172634162008764,0.047522497698664665,0.018115619291049878,,0.06287037850887729,10.69256198219955,14.2567493095994
1d,121,121,0.5,,1.0,gibbs,custom,False,full,121,0.01,1e-05,4,1.0,1000,300,202,True,0.05722630609291257,-1.0635444099733649,-1.0063181038804523,0.04988575521856546,0.048430757907529674,0.04545892693128306,,0.031211985266354342,9.783013097320994,14.529227372258902
1d,121,121,0.5,,1.0,gibbs,custom,False,full,121,0.01,1e-05,5,1.0,1000,300,178,True,0.062217790322154354,-1.0635444099733649,-1.0013266196512105,0.04378392416983843,0.04781761612743139,0.053625848634904605,,0.029105955048043895,8.511535670682788,14.345284838229418
1d,121,121,1.0,,1.0,gibbs,custom,False,full,121,0.0003,1e-05,1,1.0,1000,300,280,False,0.25007095658255984,-1.273275307939213,-1.023204351356653,0.0441295625641942,0.045232629279295604,0.25007095658255984,,0.8501730319768377,12.665136198202768,13.569788783788681
1d,121,121,1.0,,1.0,gibbs,custom,False,full,121,0.01,1e-05,1,1.0,1000,300,196,True,0.04895338407601657,-1.273275307939213,-1.2243219238631964,0.04906950052827597,0.048690714972714585,0.03662956781859927,,0.0015360606034876233,9.54338013465206,14.607214491814375
1d,121,121,1.0,,1.0,gibbs,custom,False,full,121,0.01,1e-05,2,1.0,1000,300,203,True,0.04639355756782981,-1.273275307939213,-1.2268817503713831,0.050993448868393895,0.047640776286522545,0.03493134257260544,,0.0010273880558590888,9.671077586164076,14.292232885956764
1d,121,121,1.0,,1.0,gibbs,custom,False,full,121,0.01,1e-05,3,1.0,1000,300,248,True,0.03100564753710433,-1.273275307939213,-1.2422696604021086,0.04780056532472372,0.04810204365601142,0.02474212784191354,,0.004686233644626626,11.929306826690834,14.430613096803427
1d,121,121,1.0,,1.0,gibbs,custom,False,full,121,0.01,1e-05,4,1.0,1000,300,246,True,0.03604468291431018,-1.273275307939213,-1.2372306250249028,0.050221276842057704,0.04758163978656133,0.031086684033309497,,0.001949516524134617,11.705083387494088,14.274491935968399
1d,121,121,1.0,,1.0,gibbs,custom,False,full,121,0.01,1e-05,5,1.0,1000,300,203,True,0.04217208843753206,-1.273275307939213,-1.231103219501681,0.05074324794113636,0.047797051059703034,0.02970146111533678,,0.0013305651265171044,9.702801365119717,14.33911531791091
1d,121,121,2.0,,1.0,gibbs,custom,False,full,121,0.0003,1e-05,1,1.0,1000,300,280,False,0.10560841700046941,-2.1270888199467297,-2.0214804029462603,0.047033758461475374,0.04703869151572387,0.10560841700046941,,0.8661926831039849,13.170833624402682,14.11160745471716
1d,121,121,2.0,,1.0,gibbs,custom,False,full,121,0.01,1e-05,1,1.0,1000,300,90,True,0.031627281572878196,-2.1270888199467297,-2.0954615383738515,0.0342218279838562,0.042097097672522066,0.014659345946010482,,0.017320321393337966,3.788738790526986,12.62912930175662
1d,121,121,2.0,,1.0,gibbs,custom,False,full,121,0.01,1e-05,2,1.0,1000,300,85,True,0.0331513872981164,-2.1270888199467297,-2.0939374326486133,0.03995181769132614,0.0420750663181146,0.015160417693397932,,0.013677392964977407,3.576380637039741,12.62251989543438
1d,121,121,2.0,,1.0,gibbs,custom,False,full,121,0.01,1e-05,3,1.0,1000,300,86,True,0.032478621199846014,-2.1270888199467297,-2.0946101987468837,0.03531615752726793,0.04156650101145109,0.01472698200288125,,0.047869469636570953,3.5747190869847936,12.469950303435327
1d,121,121,2.0,,1.0,gibbs,custom,False,full,121,0.01,1e-05,4,1.0,1000,300,93,True,0.030138939873425752,-2.1270888199467297,-2.096949880073304,0.04331712145358324,0.04358140859752893,0.014997433007601924,,0.008274751248007611,4.053070999570191,13.074422579258679
1d,121,121,2.0,,1.0,gibbs,custom,False,full,121,0.01,1e-05,5,1.0,1000,300,81,True,0.03396445482727328,-2.1270888199467297,-2.0931243651194564,0.04472403936088085,0.04249075043946505,0.015086409235499865,,0.01890774683769245,3.441750785596669,12.747225131839514
1d,121,121,3.044,,1.0,gibbs,custom,False,full,121,0.0003,1e-05,1,1.0,1000,300,0,True,0.08224290687519487,-3.1266983597062743,-3.0444554528310794,0.06801301129162311,0.04563815213739872,0.06258940691377868,,0.8826586621280758,0.0,13.691445641219616
1d,121,121,3.044,,1.0,gibbs,custom,False,full,121,0.01,1e-05,1,1.0,1000,300,37,True,0.029651857537268178,-3.1266983597062743,-3.097046502169006,0.045846909284591675,0.04444235819081466,0.007102675381398971,,0.07538221248247033,1.6443672530601423,13.332707457244396
1d,121,121,3.044,,1.0,gibbs,custom,False,full,121,0.01,1e-05,2,1.0,1000,300,40,True,0.028535946332105766,-3.1266983597062743,-3.0981624133741685,0.04315049275755882,0.04230917803943157,0.007368620554160543,,0.14601520762786213,1.6923671215772629,12.692753411829472
1d,121,121,3.044,,1.0,gibbs,custom,False,full,121,0.01,1e-05,3,1.0,1000,300,46,True,0.025729906721930096,-3.1266983597062743,-3.100968452984344,0.04035153575241566,0.041834569523731865,0.006897399527844961,,0.11298690216847333,1.9243901980916658,12.55037085711956
1d,121,121,3.044,,1.0,gibbs,custom,False,full,121,0.01,1e-05,4,1.0,1000,300,40,True,0.02821999667995989,-3.1266983597062743,-3.0984783630263144,0.04192043915390968,0.04219057290504376,0.007396870354979157,,0.03739006435378927,1.6876229162017502,12.657171871513127
1d,121,121,3.044,,1.0,gibbs,custom,False,full,121,0.01,1e-05,5,1.0,1000,300,32,True,0.032691265207119624,-3.1266983597062743,-3.0940070944991547,0.039642897062003614,0.0406415939455231,0.00722203539942301,,0.02438891546166758,1.3005310062567392,12.192478183656931
1d,121,121,0.5,,1.0,lsb,custom,True,full,121,0.0003,1e-05,1,1.0,1000,300,280,False,0.3825036122060854,-1.0635444099733649,-0.6810407977672794,0.060983730107545854,0.06847119486580293,0.3825036122060854,,0.6008865505185598,19.17193456242482,20.541358459740877
1d,121,121,0.5,,1.0,lsb,custom,True,full,121,0.01,1e-05,1,1.0,1000,300,128,True,0.012858240674904042,-1.0635444099733649,-1.0506861692984608,0.05994293466210365,0.060367581782241664,0.016052804340044968,,0.007652157183776585,7.727050468126933,18.1102745346725
1d,121,121,0.5,,1.0,lsb,custom,True,full,121,0.01,1e-05,2,1.0,1000,300,120,True,0.019348304191230792,-1.0635444099733649,-1.044196105782134,0.06038931086659431,0.06746979226668676,0.024582426715098915,,0.003361600136112582,8.096375072002411,20.240937680006027
1d,121,121,0.5,,1.0,lsb,custom,True,full,121,0.01,1e-05,3,1.0,1000,300,130,True,0.011772862762960745,-1.0635444099733649,-1.0517715472104041,0.05925491768866777,0.06026089166601499,0.016556315938131227,,0.0016925649309108245,7.833915916581948,18.078267499804497
1d,121,121,0.5,,1.0,lsb,custom,True,full,121,0.01,1e-05,4,1.0,1000,300,120,True,0.023261142221133735,-1.0635444099733649,-1.0402832677522311,0.06742985974997281,0.060838781259953977,0.025549726984019916,,0.003909820942142436,7.300653751194477,18.251634377986193
1d,121,121,0.5,,1.0,lsb,custom,True,full,121,0.01,1e-05,5,1.0,1000,300,124,True,0.017652947308283595,-1.0635444099733649,-1.0458914626650813,0.06118965353816748,0.060663356396059194,0.019990877679278984,,0.003545294087749471,7.52225619311134,18.19900691881776
1d,121,121,1.0,,1.0,lsb,custom,True,full,121,0.0003,1e-05,1,1.0,1000,300,280,False,0.10743945095354923,-1.273275307939213,-1.1658358569856637,0.06135537270456552,0.06054973633339008,0.10743945095354923,,0.6543761947395123,16.953926173349224,18.164920900017023
1d,121,121,1.0,,1.0,lsb,custom,True,full,121,0.01,1e-05,1,1.0,1000,300,50,True,0.09430382348032351,-1.273275307939213,-1.3675791314195365,0.059136569313704965,0.06778612130632003,0.05889664136280581,,0.002067794011221595,3.3893060653160014,20.33583639189601
1d,121,121,1.0,,1.0,lsb,custom,True,full,121,0.01,1e-05,1,1.0,1000,600,111,True,0.07711974883440154,-1.273275307939213,-1.3503950567736145,0.06000779308378697,0.06422956829269727,0.07441491961347468,,0.0027762121290540744,7.129482080489397,38.53774097561836
1d,121,121,1.0,,1.0,lsb,custom,True,full,121,0.01,1e-05,2,1.0,1000,300,151,True,0.06560784744858528,-1.273275307939213,-1.3388831553877982,0.06034580525010824,0.06026574802895387,0.0518262569831025,,0.006990863460941513,9.100127952372034,18.07972440868616
1d,121,121,1.0,,1.0,lsb,custom,True,full,121,0.01,1e-05,3,1.0,1000,300,154,True,0.06883675257574873,-1.273275307939213,-1.3421120605149617,0.059744426608085634,0.06073573247840007,0.05768184955829869,,0.004722418682045802,9.35330280167361,18.22071974352002
1d,121,121,1.0,,1.0,lsb,custom,True,full,121,0.01,1e-05,4,1.0,1000,300,146,True,0.06560652891737395,-1.273275307939213,-1.338881836856587,0.0605287067592144,0.06053703125566244,0.05134113568680965,,0.0033289003930352438,8.838406563326716,18.161109376698732
1d,121,121,1.0,,1.0,lsb,custom,True,full,121,0.01,1e-05,5,1.0,1000,300,56,True,0.09235478912650441,-1.273275307939213,-1.3656300970657174,0.060971415042877196,0.06035978149622679,0.05335828385737318,,0.006500930475260673,3.3801477637887003,18.107934448868036
1d,121,121,2.0,,1.0,lsb,custom,True,full,121,0.0003,1e-05,1,1.0,1000,300,280,False,0.014237831334365847,-2.1270888199467297,-2.1413266512810956,0.061199290305376054,0.06067233745008707,0.014237831334365847,,0.718252461349273,16.98825448602438,18.20170123502612
1d,121,121,2.0,,1.0,lsb,custom,True,full,121,0.01,1e-05,1,1.0,1000,300,25,True,0.0749692670445885,-2.1270888199467297,-2.202058086991318,0.06016604173928499,0.06025669255604347,0.03584588883695217,,0.009837147745894708,1.5064173139010868,18.07700776681304
1d,121,121,2.0,,1.0,lsb,custom,True,full,121,0.01,1e-05,2,1.0,1000,300,28,True,0.07442694549668882,-2.1270888199467297,-2.2015157654434185,0.0602974871173501,0.06001494993766149,0.03407499826223015,,0.022009663320020502,1.6804185982545217,18.004484981298447
1d,121,121,2.0,,1.0,lsb,custom,True,full,121,0.01,1e-05,3,1.0,1000,300,26,True,0.0766574150058017,-2.1270888199467297,-2.2037462349525314,0.05971981789916754,0.06038863540937503,0.029970110845848996,,0.038826951428883406,1.5701045206437507,18.11659062281251
1d,121,121,2.0,,1.0,lsb,custom,True,full,121,0.01,1e-05,4,1.0,1000,300,27,True,0.07579749111019884,-2.1270888199467297,-2.2028863110569286,0.060930325835943225,0.060117291112740834,0.03835852963299091,,0.03761522706365036,1.6231668600440026,18.03518733382225
1d,121,121,2.0,,1.0,lsb,custom,True,full,121,0.01,1e-05,5,1.0,1000,300,78,True,0.05229264922723109,-2.1270888199467297,-2.179381469173961,0.060769339092075825,0.06020833272486925,0.03469018866332396,,0.03204593942634055,4.696249952539802,18.062499817460775
1d,121,121,3.044,,1.0,lsb,custom,True,full,121,0.0003,1e-05,1,1.0,1000,300,46,True,0.05511573341838982,-3.1266983597062743,-3.0715826262878845,0.06176340840756893,0.060935371009012064,0.03929975078539094,,0.774777419789002,2.803027066414555,18.28061130270362
1d,121,121,3.044,,1.0,lsb,custom,True,full,121,0.01,1e-05,1,1.0,1000,300,16,True,0.0492630674731096,-3.1266983597062743,-3.175961427179384,0.06163727473467588,0.06035640884190798,0.007453140971834582,,0.13246881114161413,0.9657025414705277,18.106922652572393
1d,121,121,3.044,,1.0,lsb,custom,True,full,121,0.01,1e-05,2,1.0,1000,300,19,True,0.05174873814091541,-3.1266983597062743,-3.1784470978471897,0.0601591307669878,0.0604468880717953,0.006267754547367499,,0.15497019605359955,1.1484908733641108,18.13406642153859
1d,121,121,3.044,,1.0,lsb,custom,True,full,121,0.01,1e-05,3,1.0,1000,300,16,True,0.049178700363539996,-3.1266983597062743,-3.1758770600698143,0.06001903489232063,0.060150641724467276,0.008230297051629254,,0.0962054666531542,0.9624102675914764,18.045192517340183
1d,121,121,3.044,,1.0,lsb,custom,True,full,121,0.01,1e-05,4,1.0,1000,300,17,True,0.04781707660061807,-3.1266983597062743,-3.1745154363068924,0.06039204504340887,0.06052235088000695,0.005379628538141112,,0.09148131253701623,1.0288799649601181,18.156705264002085
1d,121,121,3.044,,1.0,lsb,custom,True,full,121,0.01,1e-05,5,1.0,1000,300,18,True,0.0512488648385836,-3.1266983597062743,-3.177947224544858,0.06015704143792391,0.06015059009194374,0.0061686802253198,,0.17100081274681855,1.0827106216549873,18.045177027583122
1d,121,121,0.5,,1.0,metropolis,custom,False,full,121,0.01,1e-05,1,1.0,1000,300,217,True,0.04866294583164077,-1.0635444099733649,-1.014881464141724,2.7249290689826013,2.7597515473142264,0.042859947396786335,,0.03537121182568294,598.8660857671871,827.925464194268
1d,121,121,0.5,,1.0,metropolis,custom,False,full,121,0.01,1e-05,2,1.0,1000,300,195,True,0.05929176914231027,-1.0635444099733649,-1.0042526408310546,2.76526759788394,2.7826589867348472,0.05183684251398457,,0.021453112357635973,542.6185024132952,834.7976960204542
1d,121,121,0.5,,1.0,metropolis,custom,False,full,121,0.01,1e-05,3,1.0,1000,300,194,True,0.052222170432953297,-1.0635444099733649,-1.0113222395404116,2.7307069117203353,2.769416377134621,0.044484735334637815,,0.07724069566018583,537.2667771641164,830.8249131403863
1d,121,121,0.5,,1.0,metropolis,custom,False,full,121,0.01,1e-05,4,1.0,1000,300,157,True,0.04045598025948971,-1.0635444099733649,-1.0230884297138751,2.7938274551182984,2.7980914866179227,0.0374343213185413,,0.10509626724439258,439.30036339901386,839.4274459853768
1d,121,121,0.5,,1.0,metropolis,custom,False,full,121,0.01,1e-05,5,1.0,1000,300,192,True,0.0636193621672616,-1.0635444099733649,-0.9999250478061033,2.7571444272994996,2.781720486842096,0.05273789261998063,,0.03410001021236319,534.0903334736824,834.5161460526288
1d,121,121,1.0,,1.0,metropolis,custom,False,full,121,0.01,1e-05,1,1.0,1000,300,234,True,0.035091032199388694,-1.273275307939213,-1.2381842757398243,2.8052663343027233,2.8048651044567428,0.02695549070022496,,0.0017272734504732577,656.3384344428778,841.4595313370228
1d,121,121,1.0,,1.0,metropolis,custom,False,full,121,0.01,1e-05,2,1.0,1000,300,245,True,0.03808544798624158,-1.273275307939213,-1.2351898599529714,2.8061087161302565,2.8082189129168786,0.03295905093127871,,0.0020044336321688875,688.0136336646352,842.4656738750635
1d,121,121,1.0,,1.0,metropolis,custom,False,full,121,0.01,1e-05,3,1.0,1000,300,219,True,0.04161819098677144,-1.273275307939213,-1.2316571169524415,2.8071262329816817,2.805745107109348,0.03151005523223516,,0.0036658519793281315,614.4581784569472,841.7235321328044
1d,121,121,1.0,,1.0,metropolis,custom,False,full,121,0.01,1e-05,4,1.0,1000,300,251,True,0.03416882585155312,-1.273275307939213,-1.2391064820876598,2.804818210750818,2.80775506435583,0.02919164007711994,,0.0014548199868239181,704.7465211533134,842.3265193067491
1d,121,121,1.0,,1.0,metropolis,custom,False,full,121,0.01,1e-05,5,1.0,1000,300,253,True,0.03384300760356873,-1.273275307939213,-1.2394323003356442,2.8044371228665113,2.80769642735521,0.03058909120682407,,0.0013492735051744515,710.3471961208681,842.308928206563
1d,121,121,2.0,,1.0,metropolis,custom,False,full,121,0.01,1e-05,1,1.0,1000,300,80,True,0.03460750324707096,-2.1270888199467297,-2.0924813166996588,2.810140431672335,2.8056847567856313,0.014340020962709588,,0.019442759829398564,224.4547805428505,841.7054270356894
1d,121,121,2.0,,1.0,metropolis,custom,False,full,121,0.01,1e-05,2,1.0,1000,300,93,True,0.03116962453345007,-2.1270888199467297,-2.0959191954132796,2.8042726991698146,2.7987361540148656,0.014807961792829172,,0.007159109389187543,260.2824623233825,839.6208462044597
1d,121,121,2.0,,1.0,metropolis,custom,False,full,121,0.01,1e-05,3,1.0,1000,300,90,True,0.03154432358721415,-2.1270888199467297,-2.0955444963595156,2.8097022706642747,2.8095058320959407,0.014998589194735956,,0.016678319646807396,252.85552488863468,842.8517496287823
1d,121,121,2.0,,1.0,metropolis,custom,False,full,121,0.01,1e-05,4,1.0,1000,300,85,True,0.033042490891575405,-2.1270888199467297,-2.0940463290551543,2.8093942729756236,2.80974694468081,0.01475697952223154,,0.009985944942915095,238.82849029786885,842.924083404243
1d,121,121,2.0,,1.0,metropolis,custom,False,full,121,0.01,1e-05,5,1.0,1000,300,75,True,0.03535891931864388,-2.1270888199467297,-2.091729900628086,2.8102115180343388,2.809621791007618,0.015014176058362416,,0.03210414669939719,210.72163432557136,842.8865373022854
1d,121,121,3.044,,1.0,metropolis,custom,False,full,121,0.01,1e-05,1,1.0,1000,300,34,True,0.030726309554568676,-3.1266983597062743,-3.0959720501517056,2.8119887225329876,2.810360359909634,0.006525847266139806,,0.07913196975775287,95.55225223692756,843.1081079728901
1d,121,121,3.044,,1.0,metropolis,custom,False,full,121,0.01,1e-05,2,1.0,1000,300,43,True,0.02695622812008791,-3.1266983597062743,-3.0997421315861864,2.8065369525924324,2.8074209081878263,0.0069144107727097115,,0.09549155364248765,120.71909905207653,842.2262724563479
1d,121,121,3.044,,1.0,metropolis,custom,False,full,121,0.01,1e-05,3,1.0,1000,300,44,True,0.026895568543926274,-3.1266983597062743,-3.099802791162348,2.8109976230189204,2.810064450701078,0.006891992827899873,,0.13870770268378343,123.64283583084743,843.0193352103233
1d,121,121,3.044,,1.0,metropolis,custom,False,full,121,0.01,1e-05,4,1.0,1000,300,39,True,0.028714603575004105,-3.1266983597062743,-3.09798375613127,2.8113291691988707,2.810064971099297,0.00780004348361274,,0.14682134121624696,109.5925338728726,843.0194913297892
1d,121,121,3.044,,1.0,metropolis,custom,False,full,121,0.01,1e-05,5,1.0,1000,300,40,True,0.028677718744815284,-3.1266983597062743,-3.098020640961459,2.811725097335875,2.8099958792949717,0.006801687408700907,,0.028660878070716152,112.39983517179887,842.9987637884915
1d,144,144,0.5,,1.0,gibbs,custom,False,full,144,0.0003,1e-05,1,1.0,1000,300,280,False,0.5464535448599914,-1.063544409973365,-0.5170908651133737,0.05615441594272852,0.0657989568139116,0.5464535448599914,,0.8987672202936628,18.423707907895245,19.73968704417348
1d,144,144,0.5,,1.0,gibbs,custom,False,full,144,0.01,1e-05,1,1.0,1000,300,184,True,0.059552016301122945,-1.063544409973365,-1.0039923936722421,0.05958346929401159,0.05969550171246131,0.05279859939710829,,0.05309238033333737,10.983972315092881,17.908650513738394
1d,144,144,0.5,,1.0,gibbs,custom,False,full,144,0.01,1e-05,2,1.0,1000,300,237,True,0.021098310843130852,-1.063544409973365,-1.0424460991302342,0.05611825603991747,0.06548655113826195,0.01724060816129347,,0.04622562057455813,15.520312619768081,19.645965341478583
1d,144,144,0.5,,1.0,gibbs,custom,False,full,144,0.01,1e-05,3,1.0,1000,300,222,True,0.022936071037741312,-1.063544409973365,-1.0406083389356238,0.05737177040427923,0.05954267952591181,0.01696211100242051,,0.05133426811062143,13.218474854752422,17.862803857773542
1d,144,144,0.5,,1.0,gibbs,custom,False,full,144,0.01,1e-05,4,1.0,1000,300,221,True,0.039852380480879246,-1.063544409973365,-1.0236920294924858,0.05615615043789148,0.0592300213004152,0.03602137771652014,,0.03110251117490463,13.08983470739176,17.76900639012456
1d,144,144,0.5,,1.0,gibbs,custom,False,full,144,0.01,1e-05,5,1.0,1000,300,214,True,0.03722859488980479,-1.063544409973365,-1.0263158150835603,0.053987924754619596,0.05893267992883921,0.03361280764860841,,0.03950128504778375,12.61159350477159,17.679803978651762
1d,144,144,1.0,,1.0,gibbs,custom,False,full,144,0.0003,1e-05,1,1.0,1000,300,280,False,0.2567537331740537,-1.273264795798263,-1.0165110626242093,0.056401997804641724,0.05979887037227551,0.2567537331740537,,0.9064851319485834,16.743683704237142,17.939661111682653
1d,144,144,1.0,,1.0,gibbs,custom,False,full,144,0.01,1e-05,1,1.0,1000,300,266,True,0.036175065971214115,-1.273264795798263,-1.237089729827049,0.05643043387681246,0.05838374474396308,0.03395286205721737,,0.0019090177984579166,15.53007610189418,17.515123423188925
1d,144,144,1.0,,1.0,gibbs,custom,False,full,144,0.01,1e-05,2,1.0,1000,300,261,True,0.02284393055566669,-1.273264795798263,-1.2504208652425963,0.05770886782556772,0.05838936022172372,0.021376644734386385,,0.0016196511640103018,15.23962301786989,17.516808066517115
1d,144,144,1.0,,1.0,gibbs,custom,False,full,144,0.01,1e-05,3,1.0,1000,300,259,True,0.028037392801106842,-1.273264795798263,-1.2452274029971562,0.05656827948987484,0.059961164246002834,0.02462700541585172,,0.0019056163224429954,15.529941539714734,17.98834927380085
1d,144,144,1.0,,1.0,gibbs,custom,False,full,144,0.01,1e-05,4,1.0,1000,300,280,False,0.031047673920228558,-1.273264795798263,-1.2422171218780345,0.058339592255651954,0.0591757391517361,0.031047673920228558,,0.001097425707935617,16.56920696248611,17.75272174552083
1d,144,144,1.0,,1.0,gibbs,custom,False,full,144,0.01,1e-05,5,1.0,1000,300,274,True,0.033215965388710966,-1.273264795798263,-1.240048830409552,0.058361252583563325,0.05894278177370628,0.03215711374979957,,0.001396595589784987,16.150322205995522,17.682834532111883
1d,144,144,2.0,,1.0,gibbs,custom,False,full,144,0.0003,1e-05,1,1.0,1000,300,37,True,0.12481692027113533,-2.12708881994673,-2.002271899675595,0.05783235486596823,0.05978982083499432,0.11160691289165259,,0.9149553050060016,2.21222337089479,17.936946250498295
1d,144,144,2.0,,1.0,gibbs,custom,False,full,144,0.01,1e-05,1,1.0,1000,300,89,True,0.045039111173209356,-2.12708881994673,-2.082049708773521,0.05731799341738224,0.059079713722070056,0.01988333409717047,,0.022697163940696076,5.258094521264235,17.723914116621017
1d,144,144,2.0,,1.0,gibbs,custom,False,full,144,0.01,1e-05,2,1.0,1000,300,79,True,0.04774282523593243,-2.12708881994673,-2.0793459947107977,0.060615582205355165,0.05890928938984871,0.019435268071910983,,0.005911728223115718,4.653833861798049,17.672786816954613
1d,144,144,2.0,,1.0,gibbs,custom,False,full,144,0.01,1e-05,3,1.0,1000,300,106,True,0.03885590350286128,-2.12708881994673,-2.088232916443869,0.057158316113054754,0.05922775154312452,0.019122392947882982,,0.018577557098712214,6.2781416635711995,17.768325462937355
1d,144,144,2.0,,1.0,gibbs,custom,False,full,144,0.01,1e-05,4,1.0,1000,300,96,True,0.04169683690555459,-2.12708881994673,-2.0853919830411756,0.055809964798390864,0.05838114767024914,0.019159605894926823,,0.0230940935393878,5.604590176343917,17.514344301074743
1d,144,144,2.0,,1.0,gibbs,custom,False,full,144,0.01,1e-05,5,1.0,1000,300,81,True,0.04732660488262708,-2.12708881994673,-2.079762215064103,0.05646664332598448,0.05941304201881091,0.019760292114491484,,0.002302811911342386,4.812456403523684,17.823912605643272
1d,144,144,3.044,,1.0,gibbs,custom,False,full,144,0.0003,1e-05,1,1.0,1000,300,0,True,0.08351795795097061,-3.126698359706274,-3.0431804017553032,0.0802810551598668,0.05971370603889227,0.06799579218051965,,0.9215214736528717,0.0,17.91411181166768
1d,144,144,3.044,,1.0,gibbs,custom,False,full,144,0.01,1e-05,1,1.0,1000,300,34,True,0.04086303282891102,-3.126698359706274,-3.085835326877363,0.052860678732395174,0.05898234527558088,0.009390939904012185,,0.11216224523885206,2.00539973936975,17.694703582674265
1d,144,144,3.044,,1.0,gibbs,custom,False,full,144,0.01,1e-05,2,1.0,1000,300,35,True,0.0396069769416556,-3.126698359706274,-3.0870913827646183,0.05784949455410242,0.05725026033818722,0.009432649681672789,,0.012627591177972193,2.0037591118365525,17.175078101456165
1d,144,144,3.044,,1.0,gibbs,custom,False,full,144,0.01,1e-05,3,1.0,1000,300,45,True,0.035278765772114085,-3.126698359706274,-3.0914195939341598,0.055025916546583176,0.05829767761131128,0.009147094267996536,,0.06929603605606492,2.6233954925090077,17.489303283393383
1d,144,144,3.044,,1.0,gibbs,custom,False,full,144,0.01,1e-05,4,1.0,1000,300,36,True,0.040187863138335,-3.126698359706274,-3.086510496567939,0.05562908593565226,0.058107181501885256,0.009327437216463785,,0.09279534165358949,2.0918585340678693,17.432154450565577
1d,144,144,3.044,,1.0,gibbs,custom,False,full,144,0.01,1e-05,5,1.0,1000,300,47,True,0.03419741042444846,-3.126698359706274,-3.0925009492818254,0.06065671555697918,0.05898198204735915,0.00912799409048759,,0.04438325730077863,2.77215315622588,17.694594614207745
1d,144,144,0.5,,1.0,lsb,custom,True,full,144,0.0003,1e-05,1,1.0,1000,300,280,False,0.4387173709130625,-1.063544409973365,-0.6248270390603026,0.0877751849591732,0.09481403249005477,0.4387173709130625,,0.6709570925521998,26.547929097215334,28.44420974701643
1d,144,144,0.5,,1.0,lsb,custom,True,full,144,0.01,1e-05,1,1.0,1000,300,128,True,0.01691775615976865,-1.063544409973365,-1.0466266538135964,0.08898872341960669,0.08839553590863942,0.018786835625758114,,0.0013999231352036941,11.314628596305846,26.518660772591826
1d,144,144,0.5,,1.0,lsb,custom,True,full,144,0.01,1e-05,2,1.0,1000,300,131,True,0.019254512229382126,-1.063544409973365,-1.044289897743983,0.08861005920916795,0.09525020654002825,0.0179382306273137,,0.0029292231996449532,12.477777056743701,28.575061962008476
1d,144,144,0.5,,1.0,lsb,custom,True,full,144,0.01,1e-05,3,1.0,1000,300,137,True,0.024693630436550817,-1.063544409973365,-1.0388507795368143,0.0884107293561101,0.08907890600462755,0.02206450730354037,,0.007864914120417094,12.203810122633975,26.723671801388264
1d,144,144,0.5,,1.0,lsb,custom,True,full,144,0.01,1e-05,4,1.0,1000,300,144,True,0.023193391210744485,-1.063544409973365,-1.0403510187626206,0.08839119151234627,0.0885799304395914,0.022032774476757,,0.004408073142946695,12.755509983301163,26.573979131877422
1d,144,144,0.5,,1.0,lsb,custom,True,full,144,0.01,1e-05,5,1.0,1000,300,165,True,0.025119150958347713,-1.063544409973365,-1.0384252590150174,0.08951168451458216,0.0892096854497989,0.029556111284390063,,0.002971753361097548,14.71959809921682,26.76290563493967
1d,144,144,1.0,,1.0,lsb,custom,True,full,144,0.0003,1e-05,1,1.0,1000,300,280,False,0.15749271908100737,-1.273264795798263,-1.1157720767172556,0.08761625532060861,0.08777067768077056,0.15749271908100737,,0.7128577713509754,24.575789750615755,26.331203304231167
1d,144,144,1.0,,1.0,lsb,custom,True,full,144,0.01,1e-05,1,1.0,1000,300,71,True,0.07839565876714238,-1.273264795798263,-1.3516604545654054,0.0891873948276043,0.08854437996943791,0.0407594187274023,,0.006136298437169368,6.286650977830091,26.563313990831375
1d,144,144,1.0,,1.0,lsb,custom,True,full,144,0.01,1e-05,2,1.0,1000,300,112,True,0.06746182084209762,-1.273264795798263,-1.3407266166403606,0.0881494427099824,0.08836738724261523,0.042495906316876386,,0.0023003247895681173,9.897147371172906,26.510216172784567
1d,144,144,1.0,,1.0,lsb,custom,True,full,144,0.01,1e-05,3,1.0,1000,300,59,True,0.07566986335422898,-1.273264795798263,-1.348934659152492,0.08948502838611602,0.0882910388459762,0.043207347765541915,,0.005914541139696421,5.209171291912596,26.487311653792858
1d,144,144,1.0,,1.0,lsb,custom,True,full,144,0.01,1e-05,4,1.0,1000,300,53,True,0.07824153008631152,-1.273264795798263,-1.3515063258845745,0.08734621182084083,0.08893440296252568,0.04213390841576414,,0.0011642936115706833,4.713523357013861,26.680320888757706
1d,144,144,1.0,,1.0,lsb,custom,True,full,144,0.01,1e-05,5,1.0,1000,300,54,True,0.07521729835344804,-1.273264795798263,-1.348482094151711,0.08926626853644848,0.08896353522936504,0.040436392659375375,,0.0012104239722497965,4.804030902385712,26.689060568809513
1d,144,144,2.0,,1.0,lsb,custom,True,full,144,0.0003,1e-05,1,1.0,1000,300,258,True,0.03257741531014835,-2.12708881994673,-2.094511404636582,0.0888825573027134,0.0880254169801871,0.02572863677617887,,0.7726083353070473,22.71055758088827,26.40762509405613
1d,144,144,2.0,,1.0,lsb,custom,True,full,144,0.01,1e-05,1,1.0,1000,300,33,True,0.06505225350760258,-2.12708881994673,-2.1921410734543327,0.08953373599797487,0.08821522428343694,0.030538622694930684,,0.004453923048541937,2.911102401353419,26.46456728503108
1d,144,144,2.0,,1.0,lsb,custom,True,full,144,0.01,1e-05,2,1.0,1000,300,34,True,0.06448051044962888,-2.12708881994673,-2.191569330396359,0.08786896150559187,0.08760802136113247,0.03321615680152057,,0.013200178867993984,2.978672726278504,26.28240640833974
1d,144,144,2.0,,1.0,lsb,custom,True,full,144,0.01,1e-05,3,1.0,1000,300,35,True,0.06437128813475157,-2.12708881994673,-2.1914601080814817,0.08807370979338884,0.08759867053478956,0.03363284744036221,,0.024925636205439687,3.065953468717635,26.27960116043687
1d,144,144,2.0,,1.0,lsb,custom,True,full,144,0.01,1e-05,4,1.0,1000,300,83,True,0.04573612644798564,-2.12708881994673,-2.172824946394716,0.08774163667112589,0.08806360779951015,0.0332423421292547,,0.023539183931284596,7.3092794473593425,26.419082339853045
1d,144,144,2.0,,1.0,lsb,custom,True,full,144,0.01,1e-05,5,1.0,1000,300,33,True,0.06287025514477707,-2.12708881994673,-2.1899590750915072,0.08827271778136492,0.08780734069645404,0.03289137559549937,,0.024337594302074,2.8976422429829833,26.342202208936214
1d,144,144,3.044,,1.0,lsb,custom,True,full,144,0.0003,1e-05,1,1.0,1000,300,1,True,0.08195018679992261,-3.126698359706274,-3.0447481729063512,0.0883946243673563,0.08788249056786299,0.006848690208745012,,0.8319076025552689,0.08788249056786299,26.364747170358896
1d,144,144,3.044,,1.0,lsb,custom,True,full,144,0.01,1e-05,1,1.0,1000,300,23,True,0.043525357354600835,-3.126698359706274,-3.1702237170608747,0.087522785179317,0.08723640870302915,0.012564547612290422,,0.1413943256232914,2.0064374001696703,26.170922610908747
1d,144,144,3.044,,1.0,lsb,custom,True,full,144,0.01,1e-05,2,1.0,1000,300,24,True,0.04371792894298432,-3.126698359706274,-3.170416288649258,0.08774149511009455,0.08730544884999593,0.013034046166644053,,0.04682486619201465,2.0953307723999024,26.19163465499878
1d,144,144,3.044,,1.0,lsb,custom,True,full,144,0.01,1e-05,3,1.0,1000,300,25,True,0.042345437207094605,-3.126698359706274,-3.1690437969133685,0.08669448923319578,0.08740911636501551,0.01456319666419148,,0.10723285141972062,2.1852279091253877,26.222734909504656
1d,144,144,3.044,,1.0,lsb,custom,True,full,144,0.01,1e-05,4,1.0,1000,300,25,True,0.04487826681936147,-3.126698359706274,-3.1715766265256353,0.08836380057036877,0.08766001546134551,0.018022122979574284,,0.11306361850630618,2.191500386533638,26.298004638403654
1d,144,144,3.044,,1.0,lsb,custom,True,full,144,0.01,1e-05,5,1.0,1000,300,25,True,0.04383797866459904,-3.126698359706274,-3.170536338370873,0.08808651529252529,0.08734642731646697,0.016691345021126125,,0.09951143142444692,2.183660682911674,26.20392819494009
1d,144,144,0.5,,1.0,metropolis,custom,False,full,144,0.01,1e-05,1,1.0,1000,300,200,True,0.053510977830567574,-1.063544409973365,-1.0100334321427975,4.330075546912849,4.416906379858653,0.046526298545694234,,0.03019792662909679,883.3812759717306,1325.0719139575958
1d,144,144,0.5,,1.0,metropolis,custom,False,full,144,0.01,1e-05,2,1.0,1000,300,186,True,0.05217156851306726,-1.063544409973365,-1.0113728414602978,4.372149010561406,4.444652363695204,0.0490103060392133,,0.034284249934114615,826.7053396473079,1333.3957091085613
1d,144,144,0.5,,1.0,metropolis,custom,False,full,144,0.01,1e-05,3,1.0,1000,300,227,True,0.08044300854308162,-1.063544409973365,-0.9831014014302835,4.380565202794969,4.475315694237749,0.07539787547550802,,0.010272491678991046,1015.8966625919691,1342.5947082713249
1d,144,144,0.5,,1.0,metropolis,custom,False,full,144,0.01,1e-05,4,1.0,1000,300,207,True,0.05428732211807019,-1.063544409973365,-1.0092570878552949,4.410215627774596,4.492897568357487,0.0502386512437889,,0.026293915397151018,930.0297966499999,1347.8692705072463
1d,144,144,0.5,,1.0,metropolis,custom,False,full,144,0.01,1e-05,5,1.0,1000,300,175,True,0.052810008770552974,-1.063544409973365,-1.010734401202812,4.493512318842113,4.50363321090738,0.04896680024314248,,0.0413424467010456,788.1358119087915,1351.0899632722142
1d,144,144,1.0,,1.0,metropolis,custom,False,full,144,0.01,1e-05,1,1.0,1000,300,273,True,0.03882451812322385,-1.273264795798263,-1.2344402776750392,4.451322966068983,4.5417481991151964,0.037298270276976186,,0.0011872322577383416,1239.8972583584487,1362.5244597345588
1d,144,144,1.0,,1.0,metropolis,custom,False,full,144,0.01,1e-05,2,1.0,1000,300,280,False,0.030382281959825175,-1.273264795798263,-1.2428825138384378,4.4446135308593515,4.529291400474807,0.030382281959825175,,0.0028996070689007968,1268.201592132946,1358.787420142442
1d,144,144,1.0,,1.0,metropolis,custom,False,full,144,0.01,1e-05,3,1.0,1000,300,269,True,0.03515441787906237,-1.273264795798263,-1.2381103779192006,4.412385811470449,4.5512377818052965,0.03350912309692644,,0.0019957357265768293,1224.2829633056247,1365.371334541589
1d,144,144,1.0,,1.0,metropolis,custom,False,full,144,0.01,1e-05,4,1.0,1000,300,280,False,0.027494198324087726,-1.273264795798263,-1.2457705974741753,4.461529512703419,4.566093005401393,0.027494198324087726,,0.001536122611416175,1278.5060415123899,1369.8279016204178
1d,144,144,1.0,,1.0,metropolis,custom,False,full,144,0.01,1e-05,5,1.0,1000,300,280,False,0.03291869922643298,-1.273264795798263,-1.24034609657183,4.480995973199606,4.567261764034629,0.03291869922643298,,0.001957004903208629,1278.833293929696,1370.1785292103887
1d,144,144,2.0,,1.0,metropolis,custom,False,full,144,0.01,1e-05,1,1.0,1000,300,96,True,0.041963872397154045,-2.12708881994673,-2.085124947549576,4.600519556365907,4.595493114988009,0.019630786640107978,,0.018392288062795217,441.1673390388488,1378.6479344964025
1d,144,144,2.0,,1.0,metropolis,custom,False,full,144,0.01,1e-05,2,1.0,1000,300,101,True,0.0404670715974329,-2.12708881994673,-2.0866217483492973,4.601112513430417,4.596487296447158,0.018951458553589706,,0.00683197577561275,464.245216941163,1378.9461889341474
1d,144,144,2.0,,1.0,metropolis,custom,False,full,144,0.01,1e-05,3,1.0,1000,300,91,True,0.04430976389320396,-2.12708881994673,-2.082779056053526,4.633057986758649,4.620385972596705,0.01964945448771349,,0.02278415079738983,420.45512350630014,1386.1157917790115
1d,144,144,2.0,,1.0,metropolis,custom,False,full,144,0.01,1e-05,4,1.0,1000,300,110,True,0.03818036347932585,-2.12708881994673,-2.0889084564674043,4.6329971956089135,4.629239045555393,0.019505175153074372,,0.019193685370996433,509.2162950110933,1388.771713666618
1d,144,144,2.0,,1.0,metropolis,custom,False,full,144,0.01,1e-05,5,1.0,1000,300,106,True,0.039364440302762205,-2.12708881994673,-2.087724379643968,4.633220373466611,4.6287814382960395,0.019542571680977616,,0.03364293269460003,490.6508324593802,1388.6344314888117
1d,144,144,3.044,,1.0,metropolis,custom,False,full,144,0.01,1e-05,1,1.0,1000,300,45,True,0.03574591999044685,-3.126698359706274,-3.090952439715827,4.6064782157540325,4.600777052491903,0.009439464966376043,,0.04795992239302293,207.03496736213563,1380.233115747571
1d,144,144,3.044,,1.0,metropolis,custom,False,full,144,0.01,1e-05,2,1.0,1000,300,39,True,0.0379550243036757,-3.126698359706274,-3.088743335402598,4.607114133052528,4.601682733396689,0.008866304829811433,,0.060337844974262284,179.46562660247088,1380.5048200190067
1d,144,144,3.044,,1.0,metropolis,custom,False,full,144,0.01,1e-05,3,1.0,1000,300,33,True,0.04158137321170452,-3.126698359706274,-3.0851169864945693,4.6376328563317655,4.6333631563435,0.009167311727660277,,0.06590060486369384,152.9009841593355,1390.00894690305
1d,144,144,3.044,,1.0,metropolis,custom,False,full,144,0.01,1e-05,4,1.0,1000,300,40,True,0.03793260430344825,-3.126698359706274,-3.0887657554028256,4.638426914438606,4.633310099976758,0.009537434902009423,,0.0589683287437004,185.33240399907032,1389.9930299930274
1d,144,144,3.044,,1.0,metropolis,custom,False,full,144,0.01,1e-05,5,1.0,1000,300,54,True,0.03167982610495956,-3.126698359706274,-3.0950185336013143,4.637376441434026,4.6333839162687465,0.009126567066222613,,0.06179205997806572,250.2027314785123,1390.015174880624
1d,16,16,0.5,,1.0,gibbs,custom,False,full,16,0.0003,1e-05,1,1.0,1000,300,280,False,0.4190479393721195,-1.0635445310217122,-0.6444965916495927,0.02789453137665987,0.03438050674895445,0.4190479393721195,3.9936692980467043,0.6842846790584003,9.626541889707246,10.314152024686337
1d,16,16,0.5,,1.0,gibbs,custom,False,full,16,0.0003,1e-05,2,1.0,1000,300,280,False,0.4177986869460407,-1.0635445310217122,-0.6457458440756715,0.02812026422470808,0.029220612396796544,0.4177986869460407,3.9750842389751764,0.6675898762465745,8.181771471103032,8.766183719038963
1d,16,16,0.5,,1.0,gibbs,custom,False,full,16,0.0003,1e-05,3,1.0,1000,300,280,False,0.41714448518334213,-1.0635445310217122,-0.6464000458383701,0.027376549877226354,0.02864985787620147,0.41714448518334213,4.005707324519827,0.6893179132342233,8.021960205336411,8.594957362860441
1d,16,16,0.5,,1.0,gibbs,custom,False,full,16,0.0003,1e-05,4,1.0,1000,300,280,False,0.41878363662166285,-1.0635445310217122,-0.6447608944000494,0.027148851938545705,0.029434224714835484,0.41878363662166285,4.001556610624712,0.6733023415551725,8.241582920153936,8.830267414450645
1d,16,16,0.5,,1.0,gibbs,custom,False,full,16,0.01,1e-05,1,1.0,1000,300,147,True,0.00391522962449109,-1.0635445310217122,-1.0596293013972211,0.02452322356402874,0.03242435898631811,0.00022680169441224862,0.1172394629009888,0.7780030140495373,4.7663807709887624,9.727307695895433
1d,16,16,0.5,,1.0,gibbs,custom,False,full,16,0.01,1e-05,2,1.0,1000,300,155,True,0.004644535495265112,-1.0635445310217122,-1.058899995526447,0.027417570166289807,0.029160599187016488,0.00016916289046675637,0.12303406744829076,0.7780754975008453,4.519892873987556,8.748179756104946
1d,16,16,0.5,,1.0,gibbs,custom,False,full,16,0.01,1e-05,3,1.0,1000,300,129,True,0.0031323277731289956,-1.0635445310217122,-1.0604122032485832,0.030469299852848054,0.029069719376663368,0.00013637842949720813,0.1431945756484041,0.7527241947030033,3.7499937995895745,8.72091581299901
1d,16,16,0.5,,1.0,gibbs,custom,False,full,16,0.01,1e-05,4,1.0,1000,300,159,True,0.003403319648165537,-1.0635445310217122,-1.0601412113735467,0.02947012595832348,0.029600242152810097,0.0002133608435037626,0.15506885363007722,0.7490197723512485,4.706438502296805,8.880072645843029
1d,16,16,0.5,,1.0,gibbs,custom,False,full,16,0.01,1e-05,5,1.0,1000,300,168,True,0.003875408319425455,-1.0635445310217122,-1.0596691227022867,0.024201489239931106,0.029031311000386875,0.00016914899346720524,0.12289630176449629,0.7753632335339493,4.877260248064995,8.709393300116062
1d,16,16,1.0,,1.0,gibbs,custom,False,full,16,0.0003,1e-05,1,1.0,1000,300,280,False,0.15181559479212847,-1.275287154672291,-1.1234715598801626,0.026922431588172913,0.028979133466879525,0.15181559479212847,4.031310748778964,0.7296607733744972,8.114157370726268,8.693740040063858
1d,16,16,1.0,,1.0,gibbs,custom,False,full,16,0.0003,1e-05,2,1.0,1000,300,280,False,0.15112586485888824,-1.275287154672291,-1.1241612898134028,0.026576133631169795,0.028303675812979538,0.15112586485888824,4.005591459676882,0.7046574546782306,7.925029227634271,8.491102743893862
1d,16,16,1.0,,1.0,gibbs,custom,False,full,16,0.0003,1e-05,3,1.0,1000,300,280,False,0.1496645596566386,-1.275287154672291,-1.1256225950156524,0.027055326849222183,0.029052969043453534,0.1496645596566386,4.028455139274506,0.7219584728999675,8.13483133216699,8.71589071303606
1d,16,16,1.0,,1.0,gibbs,custom,False,full,16,0.0003,1e-05,4,1.0,1000,300,280,False,0.15127099858710014,-1.275287154672291,-1.124016156085191,0.025469832122325897,0.028545837737619876,0.15127099858710014,4.0345332419170195,0.6991219586528182,7.992834566533565,8.563751321285963
1d,16,16,1.0,,1.0,gibbs,custom,False,full,16,0.01,1e-05,1,1.0,1000,300,79,True,0.008342422064204102,-1.275287154672291,-1.266944732608087,0.028231374733150006,0.029694033799072105,0.0004206762129272956,1.5420470126729737,0.19598593223949956,2.3458286701266964,8.908210139721632
1d,16,16,1.0,,1.0,gibbs,custom,False,full,16,0.01,1e-05,2,1.0,1000,300,76,True,0.010769988178364054,-1.275287154672291,-1.264517166493927,0.024250400625169276,0.0283781352887551,0.0005086979520285695,1.5773876995659015,0.1933826363721324,2.1567382819453873,8.51344058662653
1d,16,16,1.0,,1.0,gibbs,custom,False,full,16,0.01,1e-05,3,1.0,1000,300,66,True,0.007269865682291821,-1.275287154672291,-1.2680172889899992,0.026594812422990798,0.029218661425014336,0.00027379958227680135,1.6409382626853646,0.1987903769845522,1.928431654050946,8.765598427504301
1d,16,16,1.0,,1.0,gibbs,custom,False,full,16,0.01,1e-05,4,1.0,1000,300,76,True,0.010460904600502197,-1.275287154672291,-1.2648262500717888,0.025798136927187444,0.029029923516015212,0.00044777197736145524,1.6118095286491154,0.18362868186278417,2.206274187217156,8.708977054804564
1d,16,16,1.0,,1.0,gibbs,custom,False,full,16,0.01,1e-05,5,1.0,1000,300,77,True,0.011470147533098274,-1.275287154672291,-1.2638170071391928,0.02598691266030073,0.029260325791935125,0.0006118933443464147,1.6175578418663894,0.1627491759336529,2.2530450859790045,8.778097737580538
1d,16,16,2.0,,1.0,gibbs,custom,False,full,16,0.0003,1e-05,1,1.0,1000,300,280,False,0.03347417409086706,-2.1270890620434244,-2.0936148879525573,0.02872493676841259,0.029594310708343983,0.03347417409086706,4.056268569483114,0.7828064216376588,8.286406998336314,8.878293212503195
1d,16,16,2.0,,1.0,gibbs,custom,False,full,16,0.0003,1e-05,2,1.0,1000,300,280,False,0.03339835250359613,-2.1270890620434244,-2.0936907095398283,0.02639544177800417,0.028819539919495582,0.03339835250359613,4.06801053525687,0.7584672108494447,8.069471177458762,8.645861975848675
1d,16,16,2.0,,1.0,gibbs,custom,False,full,16,0.0003,1e-05,3,1.0,1000,300,280,False,0.0325030911698696,-2.1270890620434244,-2.094585970873555,0.027023054659366608,0.029192258256177106,0.0325030911698696,4.0785644759898085,0.766731296846012,8.17383231172959,8.757677476853132
1d,16,16,2.0,,1.0,gibbs,custom,False,full,16,0.0003,1e-05,4,1.0,1000,300,280,False,0.034488980548433634,-2.1270890620434244,-2.0926000814949908,0.026428692415356635,0.02884909367809693,0.034488980548433634,4.086649158576691,0.7683505736807534,8.07774622986714,8.654728103429079
1d,16,16,2.0,,1.0,gibbs,custom,False,full,16,0.01,1e-05,1,1.0,1000,300,20,True,0.0024712080608657594,-2.1270890620434244,-2.1246178539825586,0.025154040195047855,0.02921444167693456,1.9162540900730107e-06,3.653142709505037,0.3268149606593421,0.5842888335386912,8.764332503080368
1d,16,16,2.0,,1.0,gibbs,custom,False,full,16,0.01,1e-05,2,1.0,1000,300,24,True,0.002167348320305962,-2.1270890620434244,-2.1249217137231184,0.025008177384734154,0.02917360903074344,7.33266480423822e-07,3.6345297205115363,0.2939907467764772,0.7001666167378425,8.752082709223032
1d,16,16,2.0,,1.0,gibbs,custom,False,full,16,0.01,1e-05,3,1.0,1000,300,25,True,0.0025025265414782005,-2.1270890620434244,-2.124586535501946,0.02768970113247633,0.029196475048859916,5.341919138146523e-07,3.672112008131853,0.4033393274882503,0.7299118762214979,8.758942514657974
1d,16,16,2.0,,1.0,gibbs,custom,False,full,16,0.01,1e-05,4,1.0,1000,300,22,True,0.002261473165794392,-2.1270890620434244,-2.12482758887763,0.02462870702147484,0.028853438173731167,1.5999117062293067e-06,3.679311813930762,0.32336639941608786,0.6347756398220856,8.65603145211935
1d,16,16,2.0,,1.0,gibbs,custom,False,full,16,0.01,1e-05,5,1.0,1000,300,22,True,0.0033131368771370795,-2.1270890620434244,-2.1237759251662873,0.025505350716412068,0.02909349761903286,2.966752595590094e-06,3.676160583003143,0.40455049371070934,0.6400569476187229,8.728049285709858
1d,16,16,3.044,,1.0,gibbs,custom,False,full,16,0.0003,1e-05,1,1.0,1000,300,201,True,0.016713214782678953,-3.1266983601865324,-3.1099851454038534,0.027423675917088986,0.02898020395388206,0.010747766279633364,4.089829471305945,0.8291104679906733,5.825020994730294,8.694061186164618
1d,16,16,3.044,,1.0,gibbs,custom,False,full,16,0.0003,1e-05,2,1.0,1000,300,210,True,0.016344758468997966,-3.1266983601865324,-3.1103536017175344,0.026556628569960595,0.028295424394309522,0.010965381890895465,4.100317961949605,0.8245603316277794,5.942039122804999,8.488627318292856
1d,16,16,3.044,,1.0,gibbs,custom,False,full,16,0.0003,1e-05,3,1.0,1000,300,218,True,0.01529737243446938,-3.1266983601865324,-3.111400987752063,0.028477189131081104,0.028574338754018148,0.009759732449797553,4.132662606947903,0.8334496923695631,6.2292058483759565,8.572301626205444
1d,16,16,3.044,,1.0,gibbs,custom,False,full,16,0.0003,1e-05,4,1.0,1000,300,195,True,0.017054177829231687,-3.1266983601865324,-3.1096441823573007,0.028635650873184204,0.02955482588460048,0.011000433914639451,4.120927536565759,0.8346889264958873,5.763191047497093,8.866447765380144
1d,16,16,3.044,,1.0,gibbs,custom,False,full,16,0.01,1e-05,1,1.0,1000,300,12,True,0.0023358475776338317,-3.1266983601865324,-3.1243625126088985,0.030547810904681682,0.029865307211875917,1.4094976297229778e-08,3.9483045684996085,0.6235779978775292,0.358383686542511,8.959592163562775
1d,16,16,3.044,,1.0,gibbs,custom,False,full,16,0.01,1e-05,2,1.0,1000,300,15,True,0.0014891463761763646,-3.1266983601865324,-3.125209213810356,0.026087241433560848,0.02766987228145202,7.868553693057834e-07,3.959232081176826,0.6070841683947253,0.4150480842217803,8.300961684435606
1d,16,16,3.044,,1.0,gibbs,custom,False,full,16,0.01,1e-05,3,1.0,1000,300,17,True,0.0021158073984581804,-3.1266983601865324,-3.124582552788074,0.02789247389882803,0.028834043356279534,1.4657254352457016e-06,3.9687223114421135,0.6181740966129661,0.4901787370567521,8.65021300688386
1d,16,16,3.044,,1.0,gibbs,custom,False,full,16,0.01,1e-05,4,1.0,1000,300,12,True,0.0023134342907265015,-3.1266983601865324,-3.124384925895806,0.026988642849028112,0.02923774750282367,5.406411274222478e-07,3.993219979354612,0.6099477470062137,0.35085297003388405,8.771324250847101
1d,16,16,3.044,,1.0,gibbs,custom,False,full,16,0.01,1e-05,5,1.0,1000,300,17,True,0.0021783260941115046,-3.1266983601865324,-3.124520034092421,0.02831536177545786,0.029173318408429624,5.648042691319688e-07,3.971843514102667,0.6703655807930727,0.4959464129433036,8.751995522528887
1d,16,16,0.5,,1.0,lsb,custom,True,full,16,0.0003,1e-05,1,1.0,1000,300,280,False,0.1951231573204112,-1.0635445310217122,-0.868421373701301,0.01271820142865181,0.0192871730402112,0.1951231573204112,3.3884280376752294,0.7937134135724032,5.400408451259136,5.78615191206336
1d,16,16,0.5,,1.0,lsb,custom,True,full,16,0.01,1e-05,1,1.0,1000,300,280,False,0.02019402498726075,-1.0635445310217122,-1.0433505060344515,0.013267800584435463,0.012689030803740025,0.02019402498726075,3.1437093442505093,0.3076905790500067,3.552928625047207,3.8067092411220074
1d,16,16,0.5,,1.0,lsb,custom,True,full,16,0.01,1e-05,2,1.0,1000,300,280,False,0.022418691698405047,-1.0635445310217122,-1.0411258393233072,0.013177935965359211,0.012841186163326105,0.022418691698405047,3.1612112567222725,0.3865146844967102,3.5955321257313093,3.852355848997832
1d,16,16,0.5,,1.0,lsb,custom,True,full,16,0.01,1e-05,3,1.0,1000,300,280,False,0.021933871765817292,-1.0635445310217122,-1.041610659255895,0.0131003238260746,0.012801015302538871,0.021933871765817292,3.321204619221839,0.34233155195278114,3.584284284710884,3.8403045907616615
1d,16,16,0.5,,1.0,lsb,custom,True,full,16,0.01,1e-05,4,1.0,1000,300,280,False,0.02974896710499597,-1.0635445310217122,-1.0337955639167162,0.013200263679027557,0.012767518336574236,0.02974896710499597,3.47860210348601,0.35536580975573845,3.574905134240786,3.8302555009722705
1d,16,16,0.5,,1.0,lsb,custom,True,full,16,0.01,1e-05,5,1.0,1000,300,280,False,0.03533159930699714,-1.0635445310217122,-1.028212931714715,0.012335588224232197,0.012847938773532708,0.03533159930699714,3.5439272515180633,0.33416958018553006,3.597422856589158,3.8543816320598125
1d,16,16,1.0,,1.0,lsb,custom,True,full,16,0.0003,1e-05,1,1.0,1000,300,280,False,0.03894778791160114,-1.275287154672291,-1.3142349425838922,0.013085034862160682,0.012849663111070792,0.03894778791160114,3.4640946805892505,0.8056400734481358,3.597905671099822,3.8548989333212376
1d,16,16,1.0,,1.0,lsb,custom,True,full,16,0.01,1e-05,1,1.0,1000,300,42,True,0.01192768038383707,-1.275287154672291,-1.263359474288454,0.013626998290419579,0.01286107941220204,0.0032635581701914163,2.0946615763996723,0.07877048491263147,0.5401653353124857,3.858323823660612
1d,16,16,1.0,,1.0,lsb,custom,True,full,16,0.01,1e-05,2,1.0,1000,300,41,True,0.01665587449242456,-1.275287154672291,-1.2586312801798665,0.012549477070569992,0.012862449114521345,0.0013532928397923527,1.903273263415059,0.09706328475348314,0.5273604136953751,3.858734734356404
1d,16,16,1.0,,1.0,lsb,custom,True,full,16,0.01,1e-05,3,1.0,1000,300,49,True,0.010739950785809249,-1.275287154672291,-1.2645472038864818,0.014197192713618278,0.012808682434260844,0.0021145798912927116,2.120515788687722,0.0851540882712093,0.6276254392787813,3.842604730278253
1d,16,16,1.0,,1.0,lsb,custom,True,full,16,0.01,1e-05,4,1.0,1000,300,39,True,0.010932440795634157,-1.275287154672291,-1.2643547138766569,0.012327735312283039,0.012986429035663605,9.788379392183799e-05,2.1265528050268347,0.07655994954706166,0.5064707323908806,3.8959287106990814
1d,16,16,1.0,,1.0,lsb,custom,True,full,16,0.01,1e-05,5,1.0,1000,300,43,True,0.011367535474023915,-1.275287154672291,-1.2639196191982671,0.013038760051131248,0.012955935634672643,0.004309863759395682,2.3139247924697717,0.06386326453875177,0.5571052322909237,3.886780690401793
1d,16,16,2.0,,1.0,lsb,custom,True,full,16,0.0003,1e-05,1,1.0,1000,300,280,False,0.10151791878141436,-2.1270890620434244,-2.2286069808248388,0.012928014062345028,0.012578206819792588,0.10151791878141436,3.5690163312413956,0.8474494074217703,3.5218979095419245,3.773462045937776
1d,16,16,2.0,,1.0,lsb,custom,True,full,16,0.01,1e-05,1,1.0,1000,300,39,True,0.005115533548575968,-2.1270890620434244,-2.1322045955920004,0.012568467669188977,0.012612642534077168,2.9687101736897148e-05,2.911501180824678,0.406285930239435,0.4918930588290096,3.7837927602231503
1d,16,16,2.0,,1.0,lsb,custom,True,full,16,0.01,1e-05,2,1.0,1000,300,39,True,0.005184725090123354,-2.1270890620434244,-2.1322737871335478,0.012509027123451233,0.012958166326085726,0.00020735958145801092,2.9926842238261977,0.4250329948337937,0.5053684867173434,3.887449897825718
1d,16,16,2.0,,1.0,lsb,custom,True,full,16,0.01,1e-05,3,1.0,1000,300,32,True,0.00401929262432521,-2.1270890620434244,-2.1311083546677496,0.013048988580703736,0.012888625040650368,5.045799180569688e-05,2.9272914588627206,0.38604639591106626,0.41243600130081176,3.8665875121951103
1d,16,16,2.0,,1.0,lsb,custom,True,full,16,0.01,1e-05,4,1.0,1000,300,38,True,0.00534892016882349,-2.1270890620434244,-2.132437982212248,0.012445623427629471,0.012760669402778148,2.6475111859269873e-05,2.9417935286404697,0.4526352950114492,0.4849054373055696,3.8282008208334446
1d,16,16,2.0,,1.0,lsb,custom,True,full,16,0.01,1e-05,5,1.0,1000,300,24,True,0.0038161116828101527,-2.1270890620434244,-2.1309051737262346,0.012807194702327251,0.012823708007733027,0.00014267980895166232,2.9568286014884277,0.46391679876497677,0.30776899218559267,3.847112402319908
1d,16,16,3.044,,1.0,lsb,custom,True,full,16,0.0003,1e-05,1,1.0,1000,300,101,True,0.0975664859120533,-3.1266983601865324,-3.2242648460985857,0.01284580361098051,0.012575265231231848,0.08188465706785042,3.683929373002056,0.8771093183511832,1.2701017883544168,3.7725795693695545
1d,16,16,3.044,,1.0,lsb,custom,True,full,16,0.01,1e-05,1,1.0,1000,300,24,True,0.004802817772120438,-3.1266983601865324,-3.131501177958653,0.014459018781781196,0.012712309211492539,5.1472498133087186e-05,3.3727856887306604,0.6990539234160766,0.30509542107582094,3.8136927634477615
1d,16,16,3.044,,1.0,lsb,custom,True,full,16,0.01,1e-05,2,1.0,1000,300,25,True,0.004845766726703893,-3.1266983601865324,-3.1315441269132362,0.013085754029452801,0.012857894375920297,1.588083694370468e-05,3.4021916526068194,0.7257911834621029,0.3214473593980074,3.857368312776089
1d,16,16,3.044,,1.0,lsb,custom,True,full,16,0.01,1e-05,3,1.0,1000,300,15,True,0.0007006168818581848,-3.1266983601865324,-3.125997743304674,0.01266937404870987,0.01278501257300377,3.903827213047606e-05,3.405785156426721,0.6961553238916492,0.19177518859505654,3.8355037719011307
1d,16,16,3.044,,1.0,lsb,custom,True,full,16,0.01,1e-05,4,1.0,1000,300,24,True,0.004587662810776827,-3.1266983601865324,-3.131286022997309,0.01206304281949997,0.012749857840438684,1.6258222678366963e-05,3.401943541072562,0.6906798266750664,0.30599658817052844,3.824957352131605
1d,16,16,3.044,,1.0,lsb,custom,True,full,16,0.01,1e-05,5,1.0,1000,300,18,True,0.0026176654116230047,-3.1266983601865324,-3.1240806947749094,0.012687036767601967,0.012814583306511243,3.323538867316955e-05,3.429118002008945,0.7131847961919865,0.23066249951720236,3.844374991953373
1d,16,16,0.5,,1.0,metropolis,custom,False,full,16,0.01,1e-05,1,1.0,1000,300,142,True,0.0044809441122732885,-1.0635445310217122,-1.059063586909439,0.08991256002336741,0.09260312523692846,0.00013021323902573378,0.09636033472938489,0.7948496307144329,13.14964378364384,27.78093757107854
1d,16,16,0.5,,1.0,metropolis,custom,False,full,16,0.01,1e-05,2,1.0,1000,300,165,True,0.003133600676505033,-1.0635445310217122,-1.0604109303452072,0.08982657473534346,0.08966721147298813,0.0002345743948433121,0.13288531211128937,0.7712986969672595,14.795089893043041,26.90016344189644
1d,16,16,0.5,,1.0,metropolis,custom,False,full,16,0.01,1e-05,3,1.0,1000,300,127,True,0.0032229525841891427,-1.0635445310217122,-1.060321578437523,0.08434928096830845,0.08472957563896974,0.0001740414291839798,0.10885514307875742,0.7654521964379385,10.760656106149156,25.418872691690922
1d,16,16,0.5,,1.0,metropolis,custom,False,full,16,0.01,1e-05,4,1.0,1000,300,154,True,0.0044660850452304945,-1.0635445310217122,-1.0590784459764817,0.0897218307480216,0.08968914271642764,0.00025821050829710757,0.10810806841516699,0.7705778743812407,13.812127978329857,26.906742814928293
1d,16,16,0.5,,1.0,metropolis,custom,False,full,16,0.01,1e-05,5,1.0,1000,300,168,True,0.003567596931010053,-1.0635445310217122,-1.0599769340907021,0.08922127764672041,0.08817495892445247,0.0002519913295864207,0.14823505054066718,0.7477703403101905,14.813393099308016,26.452487677335743
1d,16,16,1.0,,1.0,metropolis,custom,False,full,16,0.01,1e-05,1,1.0,1000,300,64,True,0.011024651672036034,-1.275287154672291,-1.264262503000255,0.08963500149548054,0.08955793035527071,0.000485974697100211,1.613645369675198,0.17656207689747547,5.731707542737325,26.86737910658121
1d,16,16,1.0,,1.0,metropolis,custom,False,full,16,0.01,1e-05,2,1.0,1000,300,80,True,0.009662327245849367,-1.275287154672291,-1.2656248274264417,0.08997553568333387,0.08973461164782445,0.0005415440631599822,1.6348040831136035,0.18477750977369717,7.178768931825957,26.920383494347337
1d,16,16,1.0,,1.0,metropolis,custom,False,full,16,0.01,1e-05,3,1.0,1000,300,66,True,0.00703129490144172,-1.275287154672291,-1.2682558597708493,0.09006862696260214,0.08960147622972726,0.0002334347649854962,1.6128203498889158,0.17442244586045508,5.913697431161999,26.88044286891818
1d,16,16,1.0,,1.0,metropolis,custom,False,full,16,0.01,1e-05,4,1.0,1000,300,74,True,0.010309423544911489,-1.275287154672291,-1.2649777311273795,0.08932564090937375,0.08956163025150697,0.0004985053291106656,1.641123874382627,0.17612548402393552,6.627560638611516,26.868489075452093
1d,16,16,1.0,,1.0,metropolis,custom,False,full,16,0.01,1e-05,5,1.0,1000,300,85,True,0.009756810049023734,-1.275287154672291,-1.2655303446232673,0.0896623320877552,0.08941496327519417,0.0005672173663013869,1.552840636695811,0.18664855873410877,7.600271878391505,26.82448898255825
1d,16,16,2.0,,1.0,metropolis,custom,False,full,16,0.01,1e-05,1,1.0,1000,300,22,True,0.0019997654320680347,-2.1270890620434244,-2.1250892966113564,0.08985794130712747,0.08963661884268125,2.3167106859567355e-06,3.6644713632696737,0.35289423181568397,1.9720056145389875,26.890985652804375
1d,16,16,2.0,,1.0,metropolis,custom,False,full,16,0.01,1e-05,2,1.0,1000,300,22,True,0.002448738142407869,-2.1270890620434244,-2.1246403239010165,0.08960432074964046,0.08958429568757613,1.186496779492785e-06,3.6614174904761825,0.24090532774210666,1.9708545051266748,26.87528870627284
1d,16,16,2.0,,1.0,metropolis,custom,False,full,16,0.01,1e-05,3,1.0,1000,300,24,True,0.0024774512885707978,-2.1270890620434244,-2.1246116107548536,0.08993717171251774,0.08976266680906217,6.375560272164904e-06,3.6485866640943785,0.3591213109536835,2.154304003417492,26.928800042718652
1d,16,16,2.0,,1.0,metropolis,custom,False,full,16,0.01,1e-05,4,1.0,1000,300,22,True,0.0020153742963757715,-2.1270890620434244,-2.1250736877470486,0.08960800133645534,0.0895235707362493,1.6795190616036848e-06,3.701689813429139,0.23495425956160426,1.9695185561974844,26.85707122087479
1d,16,16,2.0,,1.0,metropolis,custom,False,full,16,0.01,1e-05,5,1.0,1000,300,25,True,0.0032887216480448345,-2.1270890620434244,-2.1238003403953796,0.08951448258012533,0.08953554740796486,2.6783006656927455e-06,3.659467680029966,0.3347710212424404,2.2383886851991215,26.86066422238946
1d,16,16,3.044,,1.0,metropolis,custom,False,full,16,0.01,1e-05,1,1.0,1000,300,14,True,0.0021561310606474926,-3.1266983601865324,-3.124542229125885,0.08970494344830512,0.08948624935001134,1.5218976363584602e-06,3.9717885840668377,0.6410735635520126,1.2528074909001587,26.845874805003405
1d,16,16,3.044,,1.0,metropolis,custom,False,full,16,0.01,1e-05,2,1.0,1000,300,14,True,0.0018370284924547065,-3.1266983601865324,-3.1248613316940776,0.08959729634225369,0.08971950262784958,1.858383633646099e-07,3.988923356595798,0.6118296565081293,1.2560730367898942,26.915850788354874
1d,16,16,3.044,,1.0,metropolis,custom,False,full,16,0.01,1e-05,3,1.0,1000,300,15,True,0.0023708684841539096,-3.1266983601865324,-3.1243274917023784,0.08961297497153282,0.0898857943713665,5.880781150935377e-07,3.967039632675388,0.6101802606881933,1.3482869155704975,26.96573831140995
1d,16,16,3.044,,1.0,metropolis,custom,False,full,16,0.01,1e-05,4,1.0,1000,300,12,True,0.002076461053924117,-3.1266983601865324,-3.1246218991326082,0.08947619535028935,0.08981226203342278,4.428869475603392e-07,3.9750842110755222,0.6254278348426581,1.0777471444010733,26.943678610026836
1d,16,16,3.044,,1.0,metropolis,custom,False,full,16,0.01,1e-05,5,1.0,1000,300,17,True,0.0025465923543639413,-3.1266983601865324,-3.1241517678321684,0.08978730849921704,0.08985059504707654,7.772335886002679e-07,3.9852740478968354,0.6386790832840346,1.5274601158003012,26.955178514122963
1d,169,169,0.5,,1.0,gibbs,custom,False,full,169,0.0003,1e-05,1,1.0,1000,300,280,False,0.5516562612712196,-1.063544409973365,-0.5118881487021455,0.056244298443198205,0.06619508508592845,0.5516562612712196,,0.9244558332001617,18.534623824059963,19.858525525778532
1d,169,169,0.5,,1.0,gibbs,custom,False,full,169,0.01,1e-05,1,1.0,1000,300,273,True,0.04854040513171354,-1.063544409973365,-1.0150040048416515,0.05839555561542511,0.06165778129051129,0.0474952518222127,,0.024661016418169826,16.832574292309584,18.497334387153387
1d,169,169,0.5,,1.0,gibbs,custom,False,full,169,0.01,1e-05,2,1.0,1000,300,208,True,0.059703228119417195,-1.063544409973365,-1.0038411818539479,0.058059859089553356,0.067147462417682,0.05537825392969631,,0.005177599449289799,13.966672182877858,20.1442387253046
1d,169,169,0.5,,1.0,gibbs,custom,False,full,169,0.01,1e-05,3,1.0,1000,300,196,True,0.09180259949871106,-1.063544409973365,-0.971741810474654,0.057544497586786744,0.06141735163827737,0.08698341796020215,,0.02723299237215885,12.037800921102365,18.42520549148321
1d,169,169,0.5,,1.0,gibbs,custom,False,full,169,0.01,1e-05,4,1.0,1000,300,197,True,0.05541612067053059,-1.063544409973365,-1.0081282893028345,0.05522363483905792,0.06156232070177794,0.05129757175671257,,0.014720479055383212,12.127777178250254,18.46869621053338
1d,169,169,0.5,,1.0,gibbs,custom,False,full,169,0.01,1e-05,5,1.0,1000,300,225,True,0.09209241318877237,-1.063544409973365,-0.9714519967845927,0.05953856222331524,0.0615016558021307,0.08508471706679865,,0.003935759199949088,13.837872555479407,18.45049674063921
1d,169,169,1.0,,1.0,gibbs,custom,False,full,169,0.0003,1e-05,1,1.0,1000,300,280,False,0.2618120184217414,-1.2732578775685,-1.0114458591467586,0.0587339399382472,0.06127032774190108,0.2618120184217414,,0.9285722254707013,17.155691767732304,18.381098322570324
1d,169,169,1.0,,1.0,gibbs,custom,False,full,169,0.01,1e-05,1,1.0,1000,300,280,False,0.044763116951747506,-1.2732578775685,-1.2284947606167524,0.06014110185205936,0.06091529409090678,0.044763116951747506,,0.002018005076281988,17.056282345453898,18.274588227272034
1d,169,169,1.0,,1.0,gibbs,custom,False,full,169,0.01,1e-05,2,1.0,1000,300,279,True,0.038733114598181295,-1.2732578775685,-1.2345247629703187,0.060566571168601514,0.060967558609942595,0.038579827185761584,,0.003732010911596649,17.009948852173984,18.29026758298278
1d,169,169,1.0,,1.0,gibbs,custom,False,full,169,0.01,1e-05,3,1.0,1000,300,280,False,0.040272038560692947,-1.2732578775685,-1.232985839007807,0.060665865801274775,0.060431678878764314,0.040272038560692947,,0.0014921483433249717,16.92087008605401,18.129503663629293
1d,169,169,1.0,,1.0,gibbs,custom,False,full,169,0.01,1e-05,4,1.0,1000,300,261,True,0.04213280621346627,-1.2732578775685,-1.2311250713550337,0.06150759104639292,0.06130906064063311,0.03837521802803079,,0.0010174040501305973,16.001664827205243,18.392718192189932
1d,169,169,1.0,,1.0,gibbs,custom,False,full,169,0.01,1e-05,5,1.0,1000,300,280,False,0.03814259514281981,-1.2732578775685,-1.2351152824256801,0.06411834266036749,0.06319114395727714,0.03814259514281981,,0.003903249331358186,17.6935203080376,18.95734318718314
1d,169,169,2.0,,1.0,gibbs,custom,False,full,169,0.0003,1e-05,1,1.0,1000,300,0,True,0.12724089295468177,-2.12708881994673,-1.9998479269920484,0.09004184119403362,0.06130951685210069,0.11615449883539153,,0.9340545134501084,0.0,18.392855055630207
1d,169,169,2.0,,1.0,gibbs,custom,False,full,169,0.01,1e-05,1,1.0,1000,300,83,True,0.05838241917535436,-2.12708881994673,-2.068706400771376,0.06438187677413225,0.06169635823617379,0.025607537513112177,,0.008168204184932543,5.120797733602425,18.508907470852137
1d,169,169,2.0,,1.0,gibbs,custom,False,full,169,0.01,1e-05,2,1.0,1000,300,107,True,0.04987108251460448,-2.12708881994673,-2.0772177374321257,0.0577159421518445,0.06111828142156204,0.025761230372287613,,0.014548581095785907,6.539656112107138,18.33548442646861
1d,169,169,2.0,,1.0,gibbs,custom,False,full,169,0.01,1e-05,3,1.0,1000,300,105,True,0.050483244174777564,-2.12708881994673,-2.0766055757719526,0.057519063167273995,0.06136942154417435,0.02537138860767829,,0.015502176473617237,6.443789262138307,18.410826463252306
1d,169,169,2.0,,1.0,gibbs,custom,False,full,169,0.01,1e-05,4,1.0,1000,300,109,True,0.05034162389276586,-2.12708881994673,-2.0767471960539643,0.0633370889350772,0.06083318494260311,0.02584398930113485,,0.005050008167671576,6.6308171587437394,18.249955482780933
1d,169,169,2.0,,1.0,gibbs,custom,False,full,169,0.01,1e-05,5,1.0,1000,300,81,True,0.06013006251605679,-2.12708881994673,-2.0669587574306734,0.0608246324583888,0.06141076659162839,0.02581677165655849,,0.0069672952097986855,4.9742720939219,18.423229977488518
1d,169,169,3.044,,1.0,gibbs,custom,False,full,169,0.0003,1e-05,1,1.0,1000,300,0,True,0.08300649861127907,-3.126698359706274,-3.043691861094995,0.0906627045944333,0.062149456478655336,0.07237193822238064,,0.9373332530966308,0.0,18.6448369435966
1d,169,169,3.044,,1.0,gibbs,custom,False,full,169,0.01,1e-05,1,1.0,1000,300,43,True,0.044120875208093935,-3.126698359706274,-3.08257748449818,0.05666849482804537,0.061130761789778866,0.011872170340316401,,0.013128098544346937,2.628622756960491,18.33922853693366
1d,169,169,3.044,,1.0,gibbs,custom,False,full,169,0.01,1e-05,2,1.0,1000,300,45,True,0.04286550677789425,-3.126698359706274,-3.0838328529283796,0.059393735602498055,0.06109704095870257,0.012349921591584767,,0.031617499764556536,2.7493668431416154,18.32911228761077
1d,169,169,3.044,,1.0,gibbs,custom,False,full,169,0.01,1e-05,3,1.0,1000,300,30,True,0.05056357896514818,-3.126698359706274,-3.0761347807411257,0.0573180690407753,0.06089249291767677,0.011858116928081142,,0.05905110227046083,1.826774787530303,18.26774787530303
1d,169,169,3.044,,1.0,gibbs,custom,False,full,169,0.01,1e-05,4,1.0,1000,300,36,True,0.04757415190313097,-3.126698359706274,-3.079124207803143,0.060518994182348254,0.0615386792520682,0.011736560426627296,,0.026395573248199276,2.2153924530744553,18.46160377562046
1d,169,169,3.044,,1.0,gibbs,custom,False,full,169,0.01,1e-05,5,1.0,1000,300,33,True,0.04964565572716495,-3.126698359706274,-3.077052703979109,0.06004040855914354,0.06071565246830384,0.01192103368127162,,0.06824044419878172,2.0036165314540266,18.214695740491152
1d,169,169,0.5,,1.0,lsb,custom,True,full,169,0.0003,1e-05,1,1.0,1000,300,280,False,0.478034164556716,-1.063544409973365,-0.5855102454166491,0.10619035344570875,0.11347140507151683,0.478034164556716,,0.8213425599690384,31.771993420024714,34.04142152145505
1d,169,169,0.5,,1.0,lsb,custom,True,full,169,0.01,1e-05,1,1.0,1000,300,155,True,0.028024525953455948,-1.063544409973365,-1.0355198840199091,0.10632453355938196,0.1063091657559077,0.023264448489614953,,0.0022988961063033254,16.477920692165693,31.89274972677231
1d,169,169,0.5,,1.0,lsb,custom,True,full,169,0.01,1e-05,2,1.0,1000,300,155,True,0.029364665376537147,-1.063544409973365,-1.034179744596828,0.10603378619998693,0.11356712027142445,0.022348880244343894,,0.006563197581328234,17.60290364207079,34.070136081427336
1d,169,169,0.5,,1.0,lsb,custom,True,full,169,0.01,1e-05,3,1.0,1000,300,144,True,0.015300276363917398,-1.063544409973365,-1.0482441336094477,0.10682369824498891,0.10664316893865665,0.012658572236659449,,0.0045385086152238555,15.356616327166558,31.992950681596994
1d,169,169,0.5,,1.0,lsb,custom,True,full,169,0.01,1e-05,4,1.0,1000,300,150,True,0.021858795215913274,-1.063544409973365,-1.0416856147574518,0.10653129518032074,0.10647825689365466,0.01972141490421464,,0.0037902669043139514,15.971738534048198,31.943477068096396
1d,169,169,0.5,,1.0,lsb,custom,True,full,169,0.01,1e-05,5,1.0,1000,300,170,True,0.028660885775790845,-1.063544409973365,-1.0348835241975742,0.10658892877399921,0.10654509720702966,0.023471607387475224,,0.004547176426366604,18.112666525195042,31.963529162108898
1d,169,169,1.0,,1.0,lsb,custom,True,full,169,0.0003,1e-05,1,1.0,1000,300,280,False,0.1924684047597358,-1.2732578775685,-1.0807894728087641,0.10657429322600365,0.10618443338821332,0.1924684047597358,,0.8332063002624848,29.73164134869973,31.855330016463995
1d,169,169,1.0,,1.0,lsb,custom,True,full,169,0.01,1e-05,1,1.0,1000,300,78,True,0.06304419157262031,-1.2732578775685,-1.3363020691411203,0.10707377847284079,0.10708425434927146,0.02970074327544725,,0.0010609441877061938,8.352571839243174,32.12527630478144
1d,169,169,1.0,,1.0,lsb,custom,True,full,169,0.01,1e-05,2,1.0,1000,300,73,True,0.0634473338805297,-1.2732578775685,-1.3367052114490297,0.10698284488171339,0.10652003304411968,0.03883427077942714,,0.00250761592260694,7.7759624122207365,31.956009913235903
1d,169,169,1.0,,1.0,lsb,custom,True,full,169,0.01,1e-05,3,1.0,1000,300,82,True,0.06998197542222684,-1.2732578775685,-1.3432398529907268,0.10680598001927137,0.1066657134393851,0.037682538079546024,,0.0011342590304495494,8.746588502029578,31.99971403181553
1d,169,169,1.0,,1.0,lsb,custom,True,full,169,0.01,1e-05,4,1.0,1000,300,58,True,0.06760213632216994,-1.2732578775685,-1.3408600138906699,0.10667764265090227,0.10671432770788669,0.033064240490675356,,0.002439639899560255,6.189431007057428,32.01429831236601
1d,169,169,1.0,,1.0,lsb,custom,True,full,169,0.01,1e-05,5,1.0,1000,300,84,True,0.05956691087424848,-1.2732578775685,-1.3328247884427484,0.10678950548171998,0.1065760355318586,0.0323848647751972,,0.002571912515027061,8.952386984676123,31.97281065955758
1d,169,169,2.0,,1.0,lsb,custom,True,full,169,0.0003,1e-05,1,1.0,1000,300,9,True,0.12376962613315312,-2.12708881994673,-2.003319193813577,0.10679175145924091,0.10669315186639627,0.05461575080403369,,0.8619109282516322,0.9602383667975665,32.00794555991888
1d,169,169,2.0,,1.0,lsb,custom,True,full,169,0.01,1e-05,1,1.0,1000,300,37,True,0.04946849146470278,-2.12708881994673,-2.176557311411433,0.10761103350669146,0.10712543562054634,0.02830129876395704,,0.009674256854883413,3.9636411179602145,32.1376306861639
1d,169,169,2.0,,1.0,lsb,custom,True,full,169,0.01,1e-05,2,1.0,1000,300,40,True,0.05098350326903356,-2.12708881994673,-2.1780723232157637,0.10709886159747839,0.10651324080924193,0.028301967447695642,,0.010582170456585854,4.2605296323696775,31.95397224277258
1d,169,169,2.0,,1.0,lsb,custom,True,full,169,0.01,1e-05,3,1.0,1000,300,41,True,0.05449466239444556,-2.12708881994673,-2.1815834823411757,0.10670196935534478,0.10658277751257023,0.023247570851178345,,0.018878772507300343,4.369893878015379,31.974833253771067
1d,169,169,2.0,,1.0,lsb,custom,True,full,169,0.01,1e-05,4,1.0,1000,300,43,True,0.05296016144959115,-2.12708881994673,-2.1800489813963213,0.10679814144968987,0.10646878930429618,0.029560812363229605,,0.017921944082921,4.578157940084735,31.940636791288853
1d,169,169,2.0,,1.0,lsb,custom,True,full,169,0.01,1e-05,5,1.0,1000,300,39,True,0.051559623089860285,-2.12708881994673,-2.1786484430365904,0.10685587637126445,0.10650649605939785,0.02528693946350513,,0.001252108458257908,4.153753346316516,31.951948817819357
1d,169,169,3.044,,1.0,lsb,custom,True,full,169,0.0003,1e-05,1,1.0,1000,300,1,True,0.08332842106347993,-3.126698359706274,-3.043369938642794,0.10680990982800723,0.10684002554665009,0.017495699877496218,,0.8862401677859006,0.10684002554665009,32.05200766399503
1d,169,169,3.044,,1.0,lsb,custom,True,full,169,0.01,1e-05,1,1.0,1000,300,29,True,0.03620446692933221,-3.126698359706274,-3.162902826635606,0.10727745629847049,0.10688523349662622,0.02376634061414329,,0.020488266713156206,3.0996717714021607,32.065570048987865
1d,169,169,3.044,,1.0,lsb,custom,True,full,169,0.01,1e-05,2,1.0,1000,300,31,True,0.03567248774727716,-3.126698359706274,-3.162370847453551,0.10606192350387574,0.10622439843912919,0.022513403617446137,,0.07369089433042376,3.2929563516130047,31.867319531738758
1d,169,169,3.044,,1.0,lsb,custom,True,full,169,0.01,1e-05,3,1.0,1000,300,29,True,0.0366397665140048,-3.126698359706274,-3.1633381262202787,0.10770806558430195,0.10678351240853469,0.022648603583058424,,0.058978596415642855,3.096721859847506,32.035053722560406
1d,169,169,3.044,,1.0,lsb,custom,True,full,169,0.01,1e-05,4,1.0,1000,300,29,True,0.03611585537478268,-3.126698359706274,-3.1628142150810565,0.10680066589266062,0.10614671260118484,0.021479747263852822,,0.03269994388034768,3.0782546654343603,31.844013780355453
1d,169,169,3.044,,1.0,lsb,custom,True,full,169,0.01,1e-05,5,1.0,1000,300,30,True,0.03687909688226254,-3.126698359706274,-3.1635774565885364,0.10661278702318669,0.10612352554996808,0.023706428409925095,,0.06344745290950606,3.1837057664990422,31.837057664990425
1d,169,169,0.5,,1.0,metropolis,custom,False,full,169,0.01,1e-05,1,1.0,1000,300,239,True,0.06292125425455075,-1.063544409973365,-1.0006231557188143,5.429463763907552,5.460840423492094,0.05888740984203933,,0.02667608582401059,1305.1408612146104,1638.2521270476282
1d,169,169,0.5,,1.0,metropolis,custom,False,full,169,0.01,1e-05,2,1.0,1000,300,196,True,0.03183690651609972,-1.063544409973365,-1.0317075034572654,5.3773117300122975,5.442918727472424,0.028437134110709694,,0.04271066952192645,1066.8120705845952,1632.8756182417274
1d,169,169,0.5,,1.0,metropolis,custom,False,full,169,0.01,1e-05,3,1.0,1000,300,228,True,0.04632107908961358,-1.063544409973365,-1.0172233308837515,5.446241516061127,5.466410209213694,0.043505294769226266,,0.028479245642062216,1246.3415277007223,1639.9230627641082
1d,169,169,0.5,,1.0,metropolis,custom,False,full,169,0.01,1e-05,4,1.0,1000,300,193,True,0.0757554599470126,-1.063544409973365,-0.9877889500263525,5.3607380477711555,5.42126463851581,0.07159445204874015,,0.01721178255960944,1046.3040752335512,1626.379391554743
1d,169,169,0.5,,1.0,metropolis,custom,False,full,169,0.01,1e-05,5,1.0,1000,300,228,True,0.04682440486600403,-1.063544409973365,-1.016720005107361,5.412420277297497,5.450932782441377,0.043192346186161634,,0.04029071719023337,1242.812674396634,1635.2798347324133
1d,169,169,1.0,,1.0,metropolis,custom,False,full,169,0.01,1e-05,1,1.0,1000,300,280,False,0.044993701553946996,-1.2732578775685,-1.228264176014553,5.442856374569237,5.497488371344904,0.044993701553946996,,0.0014675232483652213,1539.296743976573,1649.2465114034712
1d,169,169,1.0,,1.0,metropolis,custom,False,full,169,0.01,1e-05,2,1.0,1000,300,277,True,0.040134050268472166,-1.2732578775685,-1.2331238273000278,5.486109043844044,5.5005111289148525,0.039644138021493136,,0.0027659165224613235,1523.6415827094143,1650.1533386744557
1d,169,169,1.0,,1.0,metropolis,custom,False,full,169,0.01,1e-05,3,1.0,1000,300,267,True,0.04457884959827707,-1.2732578775685,-1.2286790279702229,5.448675863817334,5.496423611404995,0.042309633901936206,,0.001671274485739001,1467.5451042451336,1648.9270834214985
1d,169,169,1.0,,1.0,metropolis,custom,False,full,169,0.01,1e-05,4,1.0,1000,300,270,True,0.039615633997087896,-1.2732578775685,-1.233642243571412,5.359474476613104,5.457541863967975,0.03802783145084532,,0.00767586726703728,1473.5363032713533,1637.2625591903925
1d,169,169,1.0,,1.0,metropolis,custom,False,full,169,0.01,1e-05,5,1.0,1000,300,280,False,0.05435162120870274,-1.2732578775685,-1.2189062563597972,5.455928413011134,5.502965880930423,0.05435162120870274,,0.0024308869103695256,1540.8304466605186,1650.8897642791271
1d,169,169,2.0,,1.0,metropolis,custom,False,full,169,0.01,1e-05,1,1.0,1000,300,117,True,0.04900905239436559,-2.12708881994673,-2.0780797675523646,5.520488110557198,5.520819259832303,0.025382678505442957,,0.005813736730239363,645.9358534003794,1656.2457779496908
1d,169,169,2.0,,1.0,metropolis,custom,False,full,169,0.01,1e-05,2,1.0,1000,300,107,True,0.05029708110017328,-2.12708881994673,-2.076791738846557,5.52181076426059,5.521107704117894,0.02569427248714007,,0.007914007332328471,590.7585243406147,1656.3323112353683
1d,169,169,2.0,,1.0,metropolis,custom,False,full,169,0.01,1e-05,3,1.0,1000,300,104,True,0.050740127518525746,-2.12708881994673,-2.0763486924282044,5.522165463864804,5.520543011849125,0.025790433834735005,,0.005146927500079303,574.1364732323091,1656.1629035547376
1d,169,169,2.0,,1.0,metropolis,custom,False,full,169,0.01,1e-05,4,1.0,1000,300,80,True,0.059483405133709866,-2.12708881994673,-2.0676054148130203,5.521782963350415,5.515628533288837,0.0258319896686654,,0.015202457567217933,441.25028266310693,1654.688559986651
1d,169,169,2.0,,1.0,metropolis,custom,False,full,169,0.01,1e-05,5,1.0,1000,300,99,True,0.05384017070335512,-2.12708881994673,-2.073248649243375,5.520550165325403,5.520228365361691,0.02592306469879757,,0.01968695594654589,546.5026081708073,1656.0685096085072
1d,169,169,3.044,,1.0,metropolis,custom,False,full,169,0.01,1e-05,1,1.0,1000,300,38,True,0.04674398365290022,-3.126698359706274,-3.0799543760533736,5.523484504409135,5.522006848864257,0.011684624395791765,,0.029714015706286213,209.83626025684177,1656.6020546592772
1d,169,169,3.044,,1.0,metropolis,custom,False,full,169,0.01,1e-05,2,1.0,1000,300,42,True,0.04455680930138417,-3.126698359706274,-3.0821415504048897,5.524133429117501,5.525847012475133,0.012052908705778353,,0.07365119579395164,232.0855745239556,1657.7541037425399
1d,169,169,3.044,,1.0,metropolis,custom,False,full,169,0.01,1e-05,3,1.0,1000,300,43,True,0.043943345886739316,-3.126698359706274,-3.0827550138195345,5.524057800881565,5.521875014652808,0.012585626608510037,,0.03953135722188356,237.44062563007077,1656.5625043958426
1d,169,169,3.044,,1.0,metropolis,custom,False,full,169,0.01,1e-05,4,1.0,1000,300,29,True,0.051230321886071906,-3.126698359706274,-3.075468037820202,5.521846318431199,5.521395075892409,0.011772709897638123,,0.09135509439072749,160.12045720087986,1656.4185227677226
1d,169,169,3.044,,1.0,metropolis,custom,False,full,169,0.01,1e-05,5,1.0,1000,300,35,True,0.0487600810005091,-3.126698359706274,-3.0779382787057648,5.523076115734876,5.504261478558183,0.011400717199822719,,0.08233413049615423,192.6491517495364,1651.2784435674548
1d,196,196,0.5,,1.0,gibbs,custom,False,full,196,0.0003,1e-05,1,1.0,1000,300,280,False,0.555056303441904,-1.063544409973365,-0.508488106531461,0.06226915903389454,0.06934134012709062,0.555056303441904,,0.9234786667933045,19.415575235585372,20.802402038127184
1d,196,196,0.5,,1.0,gibbs,custom,False,full,196,0.01,1e-05,1,1.0,1000,300,218,True,0.06668692058289682,-1.063544409973365,-0.9968574893904683,0.06377697978168725,0.06341614084939162,0.06076879708265981,,0.004641017192511461,13.824718705167374,19.024842254817486
1d,196,196,0.5,,1.0,gibbs,custom,False,full,196,0.01,1e-05,2,1.0,1000,300,265,True,0.09552241879945211,-1.063544409973365,-0.968021991173913,0.06049019359052181,0.068491532082359,0.09317338880566561,,0.011267558837310327,18.150256001825134,20.547459624707702
1d,196,196,0.5,,1.0,gibbs,custom,False,full,196,0.01,1e-05,3,1.0,1000,300,280,False,0.059898721151290024,-1.063544409973365,-1.003645688822075,0.06301764510571957,0.06396041182180245,0.059898721151290024,,0.012554776079178903,17.90891531010469,19.188123546540737
1d,196,196,0.5,,1.0,gibbs,custom,False,full,196,0.01,1e-05,4,1.0,1000,300,223,True,0.04108270644978007,-1.063544409973365,-1.022461703523585,0.05969935972243547,0.06368393341700236,0.03761861475049999,,0.01732600261154099,14.201517151991526,19.105180025100708
1d,196,196,0.5,,1.0,gibbs,custom,False,full,196,0.01,1e-05,5,1.0,1000,300,257,True,0.05355246364283972,-1.063544409973365,-1.0099919463305254,0.0661285325884819,0.06524735658119123,0.05024446140824401,,0.009349050235994739,16.768570641366146,19.574206974357367
1d,196,196,1.0,,1.0,gibbs,custom,False,full,196,0.0003,1e-05,1,1.0,1000,300,115,True,0.270365030782016,-1.2732531745430324,-1.0028881437610164,0.06379899885505438,0.06373728856444359,0.265223777035801,,0.9247692084280389,7.329788184911013,19.121186569333076
1d,196,196,1.0,,1.0,gibbs,custom,False,full,196,0.01,1e-05,1,1.0,1000,300,280,False,0.05673488798603743,-1.2732531745430324,-1.216518286556995,0.06311953235417604,0.06417566947638989,0.05673488798603743,,0.002288172261874376,17.969187453389168,19.252700842916965
1d,196,196,1.0,,1.0,gibbs,custom,False,full,196,0.01,1e-05,2,1.0,1000,300,272,True,0.04309371869098322,-1.2732531745430324,-1.2301594558520492,0.061909394338727,0.06411427931239208,0.0416850850777708,,0.0011284705277541352,17.439083972970646,19.234283793717623
1d,196,196,1.0,,1.0,gibbs,custom,False,full,196,0.01,1e-05,3,1.0,1000,300,280,False,0.036243808404121,-1.2732531745430324,-1.2370093661389114,0.06378656234592199,0.064678482512633,0.036243808404121,,0.003048354421678009,18.10997510353724,19.4035447537899
1d,196,196,1.0,,1.0,gibbs,custom,False,full,196,0.01,1e-05,4,1.0,1000,300,276,True,0.04584172540231757,-1.2732531745430324,-1.2274114491407149,0.06272960584610701,0.0641081977263093,0.04545643328323545,,0.004884444302772822,17.693862572461367,19.23245931789279
1d,196,196,1.0,,1.0,gibbs,custom,False,full,196,0.01,1e-05,5,1.0,1000,300,280,False,0.05133182050960938,-1.2732531745430324,-1.221921354033423,0.05987905450165272,0.0645271175975601,0.05133182050960938,,0.0010233034161737636,18.067592927316827,19.358135279268026
1d,196,196,2.0,,1.0,gibbs,custom,False,full,196,0.0003,1e-05,1,1.0,1000,300,11,True,0.1273586016434145,-2.12708881994673,-1.9997302183033157,0.06671088635921478,0.06462651092559099,0.11926760516177692,,0.9292399613417428,0.7108916201815009,19.387953277677298
1d,196,196,2.0,,1.0,gibbs,custom,False,full,196,0.01,1e-05,1,1.0,1000,300,133,True,0.05411034405005832,-2.12708881994673,-2.072978475896672,0.06405631583184004,0.06454213898628951,0.03304841637959566,,0.003964337007076408,8.584104485176505,19.362641695886854
1d,196,196,2.0,,1.0,gibbs,custom,False,full,196,0.01,1e-05,2,1.0,1000,300,114,True,0.05969561691155123,-2.12708881994673,-2.067393203035179,0.0635842414572835,0.06426658934603134,0.03350221742725168,,0.005057539382503232,7.326391185447573,19.2799768038094
1d,196,196,2.0,,1.0,gibbs,custom,False,full,196,0.01,1e-05,3,1.0,1000,300,114,True,0.05865172976337529,-2.12708881994673,-2.068437090183355,0.06490589268505573,0.06353357362250488,0.03266801073042824,,0.003480079252377133,7.242827392965556,19.060072086751465
1d,196,196,2.0,,1.0,gibbs,custom,False,full,196,0.01,1e-05,4,1.0,1000,300,97,True,0.06448592281460863,-2.12708881994673,-2.0626028971321215,0.06721184477210045,0.06512075656404098,0.03263802591004383,,0.008139232633743646,6.316713386711975,19.536226969212294
1d,196,196,2.0,,1.0,gibbs,custom,False,full,196,0.01,1e-05,5,1.0,1000,300,81,True,0.07124415896278435,-2.12708881994673,-2.055844660983946,0.06106234788894653,0.06403420296808084,0.0332421548372519,,0.003008472151357484,5.186770440414548,19.21026089042425
1d,196,196,3.044,,1.0,gibbs,custom,False,full,196,0.0003,1e-05,1,1.0,1000,300,0,True,0.08337019273070734,-3.1266983597062747,-3.0433281669755674,0.08594631608575583,0.06388314958661795,0.07538329802212207,,0.9349836571851746,0.0,19.164944875985384
1d,196,196,3.044,,1.0,gibbs,custom,False,full,196,0.01,1e-05,1,1.0,1000,300,20,True,0.06216171906696477,-3.1266983597062747,-3.06453664063931,0.060863867215812203,0.06268762717644373,0.015509853477209123,,0.019674967051551986,1.2537525435288746,18.80628815293312
1d,196,196,3.044,,1.0,gibbs,custom,False,full,196,0.01,1e-05,2,1.0,1000,300,34,True,0.05569643750482811,-3.1266983597062747,-3.0710019222014466,0.06163657978177071,0.06328958425670862,0.015755471326485804,,0.07751392687076798,2.1518458647280934,18.986875277012587
1d,196,196,3.044,,1.0,gibbs,custom,False,full,196,0.01,1e-05,3,1.0,1000,300,34,True,0.05494603499897721,-3.1266983597062747,-3.0717523247072975,0.060590184107422826,0.06368659019470214,0.01510119044310132,,0.030943264100712718,2.165344066619873,19.105977058410645
1d,196,196,3.044,,1.0,gibbs,custom,False,full,196,0.01,1e-05,4,1.0,1000,300,35,True,0.054167290087760556,-3.1266983597062747,-3.072531069618514,0.06264425721019506,0.06402236059308052,0.015462154154044505,,0.03109107885699649,2.240782620757818,19.206708177924156
1d,196,196,3.044,,1.0,gibbs,custom,False,full,196,0.01,1e-05,5,1.0,1000,300,18,True,0.06371124346401258,-3.1266983597062747,-3.062987116242262,0.0647599097341299,0.06498153254389763,0.01554370555904283,,0.03607733398710809,1.1696675857901573,19.49445976316929
1d,196,196,0.5,,1.0,lsb,custom,True,full,196,0.0003,1e-05,1,1.0,1000,300,280,False,0.5024278479247966,-1.063544409973365,-0.5611165620485685,0.13934839982539415,0.14721869334578513,0.5024278479247966,,0.8176845202594563,41.22123413681984,44.16560800373554
1d,196,196,0.5,,1.0,lsb,custom,True,full,196,0.01,1e-05,1,1.0,1000,300,145,True,0.026943762505406754,-1.063544409973365,-1.0366006474679583,0.1384827522560954,0.13853516119221845,0.021728811201451093,,0.0052529833319302855,20.087598372871675,41.56054835766554
1d,196,196,0.5,,1.0,lsb,custom,True,full,196,0.01,1e-05,2,1.0,1000,300,191,True,0.026177273093090925,-1.063544409973365,-1.0373671368802742,0.13890633396804333,0.14678319630523523,0.021089785853760423,,0.0042146046370480535,28.035590494299928,44.03495889157057
1d,196,196,0.5,,1.0,lsb,custom,True,full,196,0.01,1e-05,3,1.0,1000,300,180,True,0.028171019721678237,-1.063544409973365,-1.0353733902516868,0.13974411096423864,0.13967574684570233,0.020500893403013087,,0.002842259664752878,25.141634432226418,41.9027240537107
1d,196,196,0.5,,1.0,lsb,custom,True,full,196,0.01,1e-05,4,1.0,1000,300,165,True,0.03101106830258238,-1.063544409973365,-1.0325333416707827,0.13904784228652717,0.13909206392864387,0.02323673653095404,,0.0023976444808689146,22.95019054822624,41.72761917859316
1d,196,196,0.5,,1.0,lsb,custom,True,full,196,0.01,1e-05,5,1.0,1000,300,170,True,0.028239313007045075,-1.063544409973365,-1.03530509696632,0.139878611266613,0.13981095485389233,0.021899934364671303,,0.004928244408776534,23.767862325161698,41.9432864561677
1d,196,196,1.0,,1.0,lsb,custom,True,full,196,0.0003,1e-05,1,1.0,1000,300,280,False,0.21576603563480834,-1.2732531745430324,-1.057487138908224,0.14013205356895925,0.13987724824498096,0.21576603563480834,,0.8345275264417407,39.16562950859467,41.96317447349429
1d,196,196,1.0,,1.0,lsb,custom,True,full,196,0.01,1e-05,1,1.0,1000,300,69,True,0.05449032882633076,-1.2732531745430324,-1.3277435033693632,0.1388475477695465,0.1391438358525435,0.022134609268576355,,0.0025097451566920403,9.600924673825501,41.743150755763054
1d,196,196,1.0,,1.0,lsb,custom,True,full,196,0.01,1e-05,2,1.0,1000,300,67,True,0.05060829037111381,-1.2732531745430324,-1.3238614649141462,0.13996841367334129,0.13977843256046374,0.02971634594610162,,0.006415178179940671,9.36515498155107,41.933529768139124
1d,196,196,1.0,,1.0,lsb,custom,True,full,196,0.01,1e-05,3,1.0,1000,300,72,True,0.05480685790501072,-1.2732531745430324,-1.3280600324480432,0.1397457556799054,0.13987002099553744,0.034253797401957,,0.001453179734551349,10.070641511678696,41.96100629866123
1d,196,196,1.0,,1.0,lsb,custom,True,full,196,0.01,1e-05,4,1.0,1000,300,89,True,0.05479460430948513,-1.2732531745430324,-1.3280477788525176,0.13984139170497656,0.13981145036717255,0.03110799296982214,,0.002430556899733115,12.443219082678356,41.94343511015176
1d,196,196,1.0,,1.0,lsb,custom,True,full,196,0.01,1e-05,5,1.0,1000,300,76,True,0.05553194349400026,-1.2732531745430324,-1.3287851180370327,0.13994948379695415,0.1397277179112037,0.03100027012859341,,0.002481161054759921,10.61930656125148,41.91831537336111
1d,196,196,2.0,,1.0,lsb,custom,True,full,196,0.0003,1e-05,1,1.0,1000,300,23,True,0.12462280065186215,-2.12708881994673,-2.002466019294868,0.13993742037564516,0.13980162411928176,0.07569415646551958,,0.8585094914124297,3.2154373547434805,41.94048723578453
1d,196,196,2.0,,1.0,lsb,custom,True,full,196,0.01,1e-05,1,1.0,1000,300,48,True,0.04091632370270304,-2.12708881994673,-2.168005143649433,0.13972359299659728,0.1395219795157512,0.02090579267672288,,0.014865393897246646,6.6970550167560585,41.85659385472536
1d,196,196,2.0,,1.0,lsb,custom,True,full,196,0.01,1e-05,2,1.0,1000,300,44,True,0.03871285577589889,-2.12708881994673,-2.165801675722629,0.13977507278323173,0.13984767265617848,0.016750867576992956,,0.0024808439753300723,6.1532975968718535,41.95430179685354
1d,196,196,2.0,,1.0,lsb,custom,True,full,196,0.01,1e-05,3,1.0,1000,300,44,True,0.03851632996274912,-2.12708881994673,-2.1656051499094793,0.14037577975541354,0.13985740415751935,0.013916883580498585,,0.008286501172077083,6.153725782930851,41.9572212472558
1d,196,196,2.0,,1.0,lsb,custom,True,full,196,0.01,1e-05,4,1.0,1000,300,48,True,0.04463919147085793,-2.12708881994673,-2.171728011417588,0.13986935652792454,0.1399063509951035,0.019086438875901557,,0.006483649433273415,6.715504847764969,41.971905298531055
1d,196,196,2.0,,1.0,lsb,custom,True,full,196,0.01,1e-05,5,1.0,1000,300,45,True,0.04096245581447855,-2.12708881994673,-2.1680512757612087,0.13986793607473375,0.14002630246182282,0.018957105724199952,,0.018459283136930123,6.301183610782027,42.00789073854685
1d,196,196,3.044,,1.0,lsb,custom,True,full,196,0.0003,1e-05,1,1.0,1000,300,1,True,0.08819521763736171,-3.1266983597062747,-3.038503142068913,0.14041043519973756,0.14023776565988857,0.03670913121157238,,0.8736251269455132,0.14023776565988857,42.071329697966576
1d,196,196,3.044,,1.0,lsb,custom,True,full,196,0.01,1e-05,1,1.0,1000,300,36,True,0.027134074897456895,-3.1266983597062747,-3.1538324346037316,0.14088872466236352,0.14028471445043883,0.02512579310966867,,0.08314261832764315,5.050249720215798,42.08541433513165
1d,196,196,3.044,,1.0,lsb,custom,True,full,196,0.01,1e-05,2,1.0,1000,300,36,True,0.02796629684705243,-3.1266983597062747,-3.154664656553327,0.1406363107264042,0.14002829511960346,0.028289256639002947,,0.022161392249177077,5.041018624305725,42.00848853588104
1d,196,196,3.044,,1.0,lsb,custom,True,full,196,0.01,1e-05,3,1.0,1000,300,35,True,0.026867019723336938,-3.1266983597062747,-3.1535653794296117,0.14050657525658608,0.1400842510908842,0.025679945757664413,,0.08274191966045472,4.9029487881809475,42.02527532726526
1d,196,196,3.044,,1.0,lsb,custom,True,full,196,0.01,1e-05,4,1.0,1000,300,36,True,0.02987414308174241,-3.1266983597062747,-3.156572502788017,0.14064777903258802,0.14009481416394312,0.025908494960265926,,0.06350797379387513,5.043413309901952,42.02844424918294
1d,196,196,3.044,,1.0,lsb,custom,True,full,196,0.01,1e-05,5,1.0,1000,300,37,True,0.027379698549660603,-3.1266983597062747,-3.1540780582559353,0.13991649281233548,0.14005371684829393,0.02585676297426298,,0.04376462099224296,5.1819875233868755,42.01611505448818
1d,196,196,0.5,,1.0,metropolis,custom,False,full,196,0.01,1e-05,1,1.0,1000,300,196,True,0.06626396313035987,-1.063544409973365,-0.9972804468430052,7.734003541432321,7.777749078969161,0.0617720277428222,,0.010714188358670152,1524.4388194779556,2333.324723690748
1d,196,196,0.5,,1.0,metropolis,custom,False,full,196,0.01,1e-05,2,1.0,1000,300,205,True,0.1073458988270709,-1.063544409973365,-0.9561985111462942,7.6156128400936725,7.714297181839744,0.10181673898111687,,0.010557877713232473,1581.4309222771476,2314.2891545519233
1d,196,196,1.0,,1.0,metropolis,custom,False,full,196,0.01,1e-05,1,1.0,1000,300,280,False,0.04848531260322475,-1.2732531745430324,-1.2247678619398077,7.711638483591377,7.813366728958984,0.04848531260322475,,0.0013008607611252128,2187.7426841085157,2344.0100186876953
1d,196,196,1.0,,1.0,metropolis,custom,False,full,196,0.01,1e-05,2,1.0,1000,300,280,False,0.049205290143350844,-1.2732531745430324,-1.2240478843996816,7.663554587960244,7.809808310916027,0.049205290143350844,,0.0012278134532660882,2186.7463270564876,2342.942493274808
1d,196,196,2.0,,1.0,metropolis,custom,False,full,196,0.01,1e-05,1,1.0,1000,300,114,True,0.059311508619097175,-2.12708881994673,-2.067777311327633,7.921856009960175,7.909429794549942,0.03324900935850428,,0.008444732977266708,901.6749965786934,2372.8289383649826
1d,196,196,3.044,,1.0,metropolis,custom,False,full,196,0.01,1e-05,1,1.0,1000,300,36,True,0.05429072794370038,-3.1266983597062747,-3.0724076317625744,7.958757350035012,7.93001337369283,0.01521501469232911,,0.020327764202494582,285.4804814529419,2379.004012107849
1d,200,200,0.5,,1.0,gibbs,custom,False,full,200,0.0003,1e-05,1,1.0,1000,300,280,False,0.5559516195632763,-1.0635444099733649,-0.5075927904100885,0.06578536275774241,0.07053640874723593,0.5559516195632763,,0.928476724426077,19.75019444922606,21.16092262417078
1d,200,200,0.5,,1.0,gibbs,custom,False,full,200,0.01,1e-05,1,1.0,1000,300,280,False,0.08831738570363845,-1.0635444099733649,-0.9752270242697264,0.06489691622555256,0.06359202640751997,0.08831738570363845,,0.005896455103870164,17.805767394105594,19.077607922255993
1d,200,200,1.0,,1.0,gibbs,custom,False,full,200,0.0003,1e-05,1,1.0,1000,300,280,False,0.2656999798228341,-1.2732526347987565,-1.0075526549759224,0.06352731492370367,0.06404703779766957,0.2656999798228341,,0.9329740454136368,17.93317058334748,19.21411133930087
1d,200,200,1.0,,1.0,gibbs,custom,False,full,200,0.01,1e-05,1,1.0,1000,300,280,False,0.047742476151166,-1.2732526347987565,-1.2255101586475905,0.05934371408075094,0.06437294993549586,0.047742476151166,,0.004622881778538128,18.02442598193884,19.31188498064876
1d,200,200,2.0,,1.0,gibbs,custom,False,full,200,0.0003,1e-05,1,1.0,1000,300,11,True,0.1268270524523536,-2.1270888199467297,-2.000261767494376,0.06274377629160881,0.0638338370124499,0.11982518246317264,,0.9340341389814649,0.702172207136949,19.150151103734974
1d,200,200,2.0,,1.0,gibbs,custom,False,full,200,0.01,1e-05,1,1.0,1000,300,111,True,0.06263118415851032,-2.1270888199467297,-2.0644576357882194,0.06576210577040911,0.06469496471186478,0.03386825510941005,,0.007074030132182702,7.181141083016991,19.408489413559433
1d,200,200,3.044,,1.0,gibbs,custom,False,full,200,0.0003,1e-05,1,1.0,1000,300,0,True,0.08297314353623664,-3.1266983597062743,-3.0437252161700377,0.0841540653258562,0.06535864349454641,0.07584712997735465,,0.9393441736428786,0.0,19.607593048363924
1d,200,200,3.044,,1.0,gibbs,custom,False,full,200,0.01,1e-05,1,1.0,1000,300,37,True,0.0546897774566113,-3.1266983597062743,-3.072008582249663,0.06505663637071848,0.06387129468222459,0.015962499998135815,,0.04172111256318147,2.36323790324231,19.161388404667377
1d,200,200,0.5,,1.0,lsb,custom,True,full,200,0.0003,1e-05,1,1.0,1000,300,280,False,0.5050893579998443,-1.0635444099733649,-0.5584550519735205,0.14231374636292457,0.14907682850956916,0.5050893579998443,,0.8415440928723098,41.74151198267936,44.72304855287075
1d,200,200,0.5,,1.0,lsb,custom,True,full,200,0.01,1e-05,1,1.0,1000,300,155,True,0.033759259049135126,-1.0635444099733649,-1.0297851509242297,0.14130925703793765,0.14120914650460084,0.02339796048788978,,0.0012289649151481844,21.887417708213132,42.36274395138025
1d,200,200,1.0,,1.0,lsb,custom,True,full,200,0.0003,1e-05,1,1.0,1000,300,280,False,0.21818380867512577,-1.2732526347987565,-1.0550688261236307,0.1426680063828826,0.1422084967667858,0.21818380867512577,,0.8567452568926641,39.81837909470002,42.662549030035734
1d,200,200,1.0,,1.0,lsb,custom,True,full,200,0.01,1e-05,1,1.0,1000,300,91,True,0.04922847544010134,-1.2732526347987565,-1.3224811102388578,0.142397434823215,0.14176740479966005,0.024556668672398807,,0.0062925922962809066,12.900833836769063,42.530221439898014
1d,200,200,2.0,,1.0,lsb,custom,True,full,200,0.0003,1e-05,1,1.0,1000,300,19,True,0.12591778511784835,-2.1270888199467297,-2.0011710348288814,0.14197051916271447,0.1421239385008812,0.07790173946493484,,0.8767573346393218,2.700354831516743,42.63718155026436
1d,200,200,2.0,,1.0,lsb,custom,True,full,200,0.01,1e-05,1,1.0,1000,300,46,True,0.03991726195963263,-2.1270888199467297,-2.1670060819063623,0.14226318299770355,0.14167826842516662,0.018354578139009536,,0.018027607451831806,6.517200347557664,42.50348052754999
1d,200,200,3.044,,1.0,lsb,custom,True,full,200,0.0003,1e-05,1,1.0,1000,300,1,True,0.08822792808544122,-3.1266983597062743,-3.038470431620833,0.14155927207320929,0.14215790502727033,0.038719642079092065,,0.8896697953120489,0.14215790502727033,42.647371508181095
1d,200,200,3.044,,1.0,lsb,custom,True,full,200,0.01,1e-05,1,1.0,1000,300,42,True,0.031995632987471545,-3.1266983597062743,-3.158693992693746,0.14203240759670735,0.14223255217075348,0.029603447881598743,,0.08837755317994964,5.973767191171646,42.669765651226044
1d,25,25,0.5,,1.0,gibbs,custom,False,full,25,0.0003,1e-05,1,1.0,1000,300,280,False,0.42039309832670835,-1.06354441009277,-0.6431513117660617,0.03142511490732432,0.03747399059434732,0.42039309832670835,,0.5685314000374705,10.49271736641725,11.242197178304195
1d,25,25,0.5,,1.0,gibbs,custom,False,full,25,0.01,1e-05,1,1.0,1000,300,182,True,0.006046883849380569,-1.06354441009277,-1.0574975262433894,0.028876037150621415,0.03658404373874267,0.0002702371635858736,,0.6638321645736893,6.658295960451166,10.9752131216228
1d,25,25,0.5,,1.0,gibbs,custom,False,full,25,0.01,1e-05,2,1.0,1000,300,190,True,0.002821596482207811,-1.06354441009277,-1.0607228136105622,0.0305918475612998,0.03617456888159116,0.00021169460927961126,,0.6582398690049281,6.87316808750232,10.852370664477348
1d,25,25,0.5,,1.0,gibbs,custom,False,full,25,0.01,1e-05,3,1.0,1000,300,170,True,0.004396190035032443,-1.06354441009277,-1.0591482200577376,0.02961919382214546,0.03134163650373618,0.000234961066765349,,0.6616655901198039,5.32807820563515,9.402490951120853
1d,25,25,0.5,,1.0,gibbs,custom,False,full,25,0.01,1e-05,4,1.0,1000,300,170,True,0.006411408375062377,-1.06354441009277,-1.0571330017177076,0.02915008645504713,0.030745927256842453,0.00027110263811569446,,0.6680476464477988,5.226807633663217,9.223778177052736
1d,25,25,0.5,,1.0,gibbs,custom,False,full,25,0.01,1e-05,5,1.0,1000,300,150,True,0.003843790737302788,-1.06354441009277,-1.0597006193554672,0.028191721066832542,0.03091187679519256,9.058049297472337e-05,,0.6637958471540034,4.636781519278884,9.273563038557768
1d,25,25,1.0,,1.0,gibbs,custom,False,full,25,0.0003,1e-05,1,1.0,1000,300,280,False,0.15115566150540438,-1.2740776887926923,-1.122922027287288,0.030506155081093313,0.03135337609797716,0.15115566150540438,,0.6038840547657566,8.778945307433606,9.406012829393148
1d,25,25,1.0,,1.0,gibbs,custom,False,full,25,0.01,1e-05,1,1.0,1000,300,72,True,0.010181870652832714,-1.2740776887926923,-1.2638958181398596,0.0320868693292141,0.03199889918168386,0.0011781721251218347,,0.04502106043454478,2.303920741081238,9.599669754505157
1d,25,25,1.0,,1.0,gibbs,custom,False,full,25,0.01,1e-05,2,1.0,1000,300,66,True,0.010950994233795308,-1.2740776887926923,-1.263126694558897,0.028862614743411542,0.03116441817333301,0.0012153392833338383,,0.061536324017895314,2.0568515994399785,9.349325451999903
1d,25,25,1.0,,1.0,gibbs,custom,False,full,25,0.01,1e-05,3,1.0,1000,300,68,True,0.010369197577870137,-1.2740776887926923,-1.2637084912148222,0.029216511361300945,0.03112336102873087,0.0009602911742647713,,0.05749314466184344,2.116388549953699,9.33700830861926
1d,25,25,1.0,,1.0,gibbs,custom,False,full,25,0.01,1e-05,4,1.0,1000,300,69,True,0.010705558269167748,-1.2740776887926923,-1.2633721305235246,0.03187486976385116,0.03127579572300116,0.0010440387560652908,,0.057247376761115805,2.15802990488708,9.382738716900349
1d,25,25,1.0,,1.0,gibbs,custom,False,full,25,0.01,1e-05,5,1.0,1000,300,72,True,0.008350966776919266,-1.2740776887926923,-1.265726722015773,0.027373393066227436,0.031092658725877603,0.0008096957940699756,,0.058425471551844625,2.2386714282631877,9.32779761776328
1d,25,25,2.0,,1.0,gibbs,custom,False,full,25,0.0003,1e-05,1,1.0,1000,300,280,False,0.03474190439125646,-2.12708882018554,-2.0923469157942836,0.027920822612941265,0.031363777853548526,0.03474190439125646,,0.692009771191597,8.781857798993586,9.409133356064558
1d,25,25,2.0,,1.0,gibbs,custom,False,full,25,0.01,1e-05,1,1.0,1000,300,19,True,0.002408388024901509,-2.12708882018554,-2.1246804321606385,0.030407709442079066,0.031747332699596884,2.2396639356436765e-06,,0.19013318340192426,0.6031993212923408,9.524199809879065
1d,25,25,2.0,,1.0,gibbs,custom,False,full,25,0.01,1e-05,2,1.0,1000,300,21,True,0.002256489486276436,-2.12708882018554,-2.1248323306992636,0.030666577257215978,0.031292213263611,3.213636867727132e-08,,0.24463393463568797,0.657136478535831,9.3876639790833
1d,25,25,2.0,,1.0,gibbs,custom,False,full,25,0.01,1e-05,3,1.0,1000,300,21,True,0.0025901622183628348,-2.12708882018554,-2.124498657967177,0.031912338174879554,0.03129638310521841,4.843441467894394e-06,,0.22430037823416846,0.6572240452095865,9.388914931565521
1d,25,25,2.0,,1.0,gibbs,custom,False,full,25,0.01,1e-05,4,1.0,1000,300,21,True,0.0023774544881081106,-2.12708882018554,-2.124711365697432,0.028804687410593034,0.03138604289541642,1.6360730734632511e-06,,0.209075666268661,0.6591069008037448,9.415812868624926
1d,25,25,2.0,,1.0,gibbs,custom,False,full,25,0.01,1e-05,5,1.0,1000,300,22,True,0.0022985923971621247,-2.12708882018554,-2.124790227788378,0.030659940280020236,0.03181977013746897,2.0655796983959362e-06,,0.18639817856162882,0.7000349430243173,9.545931041240692
1d,25,25,3.044,,1.0,gibbs,custom,False,full,25,0.0003,1e-05,1,1.0,1000,300,147,True,0.024444447075745224,-3.1266983597062854,-3.10225391263054,0.028957012481987475,0.032203739223380885,0.011400420543609346,,0.748351446704085,4.73394966583699,9.661121767014265
1d,25,25,3.044,,1.0,gibbs,custom,False,full,25,0.01,1e-05,1,1.0,1000,300,10,True,0.002334688450649658,-3.1266983597062854,-3.1243636712556357,0.028422493673861026,0.032475061602890494,1.1227577045858084e-07,,0.513056611923348,0.3247506160289049,9.742518480867147
1d,25,25,3.044,,1.0,gibbs,custom,False,full,25,0.01,1e-05,2,1.0,1000,300,11,True,0.002742742444213242,-3.1266983597062854,-3.123955617262072,0.031496061384677886,0.03200307205319405,1.4700850856641523e-06,,0.4190558874698722,0.3520337925851345,9.600921615958214
1d,25,25,3.044,,1.0,gibbs,custom,False,full,25,0.01,1e-05,3,1.0,1000,300,12,True,0.002177879210636835,-3.1266983597062854,-3.1245204804956486,0.03089082408696413,0.031802731802066164,9.653891854810581e-07,,0.46658943902353295,0.38163278162479397,9.54081954061985
1d,25,25,3.044,,1.0,gibbs,custom,False,full,25,0.01,1e-05,4,1.0,1000,300,11,True,0.0020209506171964264,-3.1266983597062854,-3.124677409089089,0.031511159241199495,0.03220281320313612,1.8864763799975037e-06,,0.5421453368962623,0.35423094523449733,9.660843960940836
1d,25,25,3.044,,1.0,gibbs,custom,False,full,25,0.01,1e-05,5,1.0,1000,300,12,True,0.0016885866742617495,-3.1266983597062854,-3.1250097730320237,0.030041708052158354,0.031145238801836967,1.9180605281832186e-07,,0.4904329977337617,0.3737428656220436,9.34357164055109
1d,25,25,0.5,,1.0,lsb,custom,True,full,25,0.0003,1e-05,1,1.0,1000,300,280,False,0.18498425131131813,-1.06354441009277,-0.8785601587814519,0.01907402593642473,0.024887229551871618,0.18498425131131813,,0.6888862915447177,6.968424274524053,7.466168865561485
1d,25,25,0.5,,1.0,lsb,custom,True,full,25,0.01,1e-05,1,1.0,1000,300,280,False,0.04322300210678476,-1.06354441009277,-1.0203214079859853,0.01903398260474205,0.01852489821612835,0.04322300210678476,,0.13783158278110647,5.186971500515938,5.557469464838505
1d,25,25,0.5,,1.0,lsb,custom,True,full,25,0.01,1e-05,2,1.0,1000,300,280,False,0.04164821257608309,-1.06354441009277,-1.021896197516687,0.01852613836526871,0.02481059913833936,0.04164821257608309,,0.13660379745408938,6.9469677587350205,7.443179741501808
1d,25,25,0.5,,1.0,lsb,custom,True,full,25,0.01,1e-05,3,1.0,1000,300,280,False,0.041416078505080556,-1.06354441009277,-1.0221283315876895,0.01912078373134136,0.018822701449195543,0.041416078505080556,,0.1947067350296855,5.270356405774752,5.646810434758663
1d,25,25,0.5,,1.0,lsb,custom,True,full,25,0.01,1e-05,4,1.0,1000,300,258,True,0.04794530944145192,-1.06354441009277,-1.015599100651318,0.018656174093484877,0.018813352175056933,0.04362626300929384,,0.12158464626487789,4.8538448611646885,5.644005652517079
1d,25,25,0.5,,1.0,lsb,custom,True,full,25,0.01,1e-05,5,1.0,1000,300,232,True,0.05177776223379715,-1.06354441009277,-1.0117666478589729,0.019591919146478176,0.018788483378787836,0.04456916829881141,,0.11977597685388953,4.358928143878778,5.636545013636351
1d,25,25,1.0,,1.0,lsb,custom,True,full,25,0.0003,1e-05,1,1.0,1000,300,280,False,0.047346184359349675,-1.2740776887926923,-1.321423873152042,0.018661835975944997,0.01867715789626042,0.047346184359349675,,0.7172954179199836,5.2296042109529175,5.603147368878126
1d,25,25,1.0,,1.0,lsb,custom,True,full,25,0.01,1e-05,1,1.0,1000,300,51,True,0.007270549449567287,-1.2740776887926923,-1.266807139343125,0.01814197823405266,0.018662350103259086,0.003708635608468791,,0.015299862091262755,0.9517798552662134,5.598705030977726
1d,25,25,1.0,,1.0,lsb,custom,True,full,25,0.01,1e-05,2,1.0,1000,300,51,True,0.009146287531593522,-1.2740776887926923,-1.2649314012610988,0.018243611417710782,0.018663416889806588,0.003909508456994004,,0.012867669224808115,0.951834261380136,5.5990250669419765
1d,25,25,1.0,,1.0,lsb,custom,True,full,25,0.01,1e-05,3,1.0,1000,300,47,True,0.010003857994851373,-1.2740776887926923,-1.264073830797841,0.018613621406257153,0.018754283152520656,0.003804616976014863,,0.023191058443865317,0.8814513081684708,5.626284945756197
1d,25,25,1.0,,1.0,lsb,custom,True,full,25,0.01,1e-05,4,1.0,1000,300,51,True,0.009292162466176146,-1.2740776887926923,-1.2647855263265162,0.01840633638203144,0.018730541877448558,0.0018563853793327478,,0.012645289462375559,0.9552576357498764,5.619162563234568
1d,25,25,1.0,,1.0,lsb,custom,True,full,25,0.01,1e-05,5,1.0,1000,300,47,True,0.009116194251461929,-1.2740776887926923,-1.2649614945412304,0.018819908425211907,0.018459963810940585,0.004087595464606242,,0.013014679514743029,0.8676182991142075,5.537989143282175
1d,25,25,2.0,,1.0,lsb,custom,True,full,25,0.0003,1e-05,1,1.0,1000,300,280,False,0.10632336622497363,-2.12708882018554,-2.2334121864105136,0.01888676956295967,0.018713701454301675,0.10632336622497363,,0.771089393511874,5.239836407204469,5.6141104362905025
1d,25,25,2.0,,1.0,lsb,custom,True,full,25,0.01,1e-05,1,1.0,1000,300,39,True,0.005318209339051361,-2.12708882018554,-2.1324070295245914,0.01834752820432186,0.018598316187659898,2.865748462888007e-05,,0.28401103953331297,0.725334331318736,5.57949485629797
1d,25,25,2.0,,1.0,lsb,custom,True,full,25,0.01,1e-05,2,1.0,1000,300,37,True,0.0053401308206626474,-2.12708882018554,-2.1324289510062027,0.0189640324562788,0.018696718513965607,8.495483971016071e-05,,0.28472101742381856,0.6917785850167275,5.609015554189682
1d,25,25,2.0,,1.0,lsb,custom,True,full,25,0.01,1e-05,3,1.0,1000,300,40,True,0.005059685174935158,-2.12708882018554,-2.132148505360475,0.0184646213427186,0.018771274437506993,1.4141213878993142e-05,,0.23727780374442456,0.7508509775002797,5.631382331252098
1d,25,25,2.0,,1.0,lsb,custom,True,full,25,0.01,1e-05,4,1.0,1000,300,40,True,0.005616642163389418,-2.12708882018554,-2.1327054623489294,0.019411175139248373,0.01876134457687537,8.463323300356151e-05,,0.27237031101872267,0.7504537830750148,5.628403373062611
1d,25,25,2.0,,1.0,lsb,custom,True,full,25,0.01,1e-05,5,1.0,1000,300,41,True,0.005249803750275284,-2.12708882018554,-2.1323386239358153,0.018671893142163755,0.01872605361044407,7.967342069603589e-05,,0.2715870438471035,0.7677681980282068,5.617816083133221
1d,25,25,3.044,,1.0,lsb,custom,True,full,25,0.0003,1e-05,1,1.0,1000,300,124,True,0.10120569624277698,-3.1266983597062854,-3.2279040559490624,0.018264484778046607,0.018537158916393917,0.08550463915760265,,0.8179330184561069,2.2986077056328456,5.561147674918175
1d,25,25,3.044,,1.0,lsb,custom,True,full,25,0.01,1e-05,1,1.0,1000,300,23,True,0.004545883544370799,-3.1266983597062854,-3.131244243250656,0.01884470507502556,0.018628595160941282,6.79313307827556e-05,,0.622244435826771,0.4284576887016495,5.588578548282385
1d,25,25,3.044,,1.0,lsb,custom,True,full,25,0.01,1e-05,2,1.0,1000,300,20,True,0.0052458768381375975,-3.1266983597062854,-3.131944236544423,0.019347845017910002,0.01892868921160698,3.901608458534156e-07,,0.6058749343133151,0.3785737842321396,5.678606763482094
1d,25,25,3.044,,1.0,lsb,custom,True,full,25,0.01,1e-05,3,1.0,1000,300,24,True,0.004909085800179902,-3.1266983597062854,-3.1316074455064653,0.01893385946750641,0.018836651692787806,4.919150347415524e-05,,0.5947313018679907,0.4520796406269073,5.650995507836342
1d,25,25,3.044,,1.0,lsb,custom,True,full,25,0.01,1e-05,4,1.0,1000,300,24,True,0.005090816726867509,-3.1266983597062854,-3.131789176433153,0.018671303428709506,0.018860084302723408,6.0175325326206064e-05,,0.5947417767961954,0.4526420232653618,5.658025290817022
1d,25,25,3.044,,1.0,lsb,custom,True,full,25,0.01,1e-05,5,1.0,1000,300,24,True,0.004927024369345556,-3.1266983597062854,-3.131625384075631,0.018459885381162167,0.018828934406240783,1.776975022593774e-05,,0.5732985203608775,0.4518944257497788,5.648680321872234
1d,25,25,0.5,,1.0,metropolis,custom,False,full,25,0.01,1e-05,1,1.0,1000,300,189,True,0.0038609391457986586,-1.06354441009277,-1.0596834709469714,0.1813620664179325,0.18646348368376495,0.00026902537083706157,,0.6551379236416089,35.241598416231575,55.93904510512949
1d,25,25,0.5,,1.0,metropolis,custom,False,full,25,0.01,1e-05,2,1.0,1000,300,173,True,0.005429958081427655,-1.06354441009277,-1.0581144520113424,0.18251570966094732,0.18215946576247613,0.0002007120065437018,,0.6647023331224978,31.51358757690837,54.64783972874284
1d,25,25,0.5,,1.0,metropolis,custom,False,full,25,0.01,1e-05,3,1.0,1000,300,168,True,0.004424668570609969,-1.06354441009277,-1.05911974152216,0.1822803860530257,0.18165556923796733,0.00024772564227926175,,0.6895845816414692,30.51813563197851,54.4966707713902
1d,25,25,0.5,,1.0,metropolis,custom,False,full,25,0.01,1e-05,4,1.0,1000,300,179,True,0.0038815708171429097,-1.06354441009277,-1.059662839275627,0.18064195793122054,0.1812602150067687,0.0002247622576598829,,0.6749221276750955,32.445578486211595,54.37806450203061
1d,25,25,0.5,,1.0,metropolis,custom,False,full,25,0.01,1e-05,5,1.0,1000,300,148,True,0.00345797589896657,-1.06354441009277,-1.0600864341938034,0.18199537843465804,0.18214555462201437,0.00013902531084375447,,0.6789352708265121,26.957542084058126,54.64366638660431
1d,25,25,1.0,,1.0,metropolis,custom,False,full,25,0.01,1e-05,1,1.0,1000,300,68,True,0.010671833646083817,-1.2740776887926923,-1.2634058551466085,0.18123935330659152,0.181489494604369,0.0012932758059132077,,0.04380470961007456,12.341285633097092,54.4468483813107
1d,25,25,1.0,,1.0,metropolis,custom,False,full,25,0.01,1e-05,2,1.0,1000,300,70,True,0.01055414418323286,-1.2740776887926923,-1.2635235446094595,0.18236039765179157,0.1821440385033687,0.001172119362291113,,0.06832978814532688,12.750082695235808,54.64321155101061
1d,25,25,1.0,,1.0,metropolis,custom,False,full,25,0.01,1e-05,3,1.0,1000,300,73,True,0.00920868977907019,-1.2740776887926923,-1.2648689990136222,0.18255398161709308,0.18215057025353112,0.001142108247286,,0.0634813318633733,13.296991628507772,54.645171076059334
1d,25,25,1.0,,1.0,metropolis,custom,False,full,25,0.01,1e-05,4,1.0,1000,300,67,True,0.011192957753412447,-1.2740776887926923,-1.26288473103928,0.18226803578436374,0.18207551762461663,0.0010892330661538274,,0.056371367761643386,12.199059680849315,54.62265528738499
1d,25,25,1.0,,1.0,metropolis,custom,False,full,25,0.01,1e-05,5,1.0,1000,300,70,True,0.008649282485028609,-1.2740776887926923,-1.2654284063076637,0.18190614748746156,0.18222270011901856,0.0007886194918791389,,0.06338405522400722,12.755589008331299,54.666810035705566
1d,25,25,2.0,,1.0,metropolis,custom,False,full,25,0.01,1e-05,1,1.0,1000,300,19,True,0.002291665941776433,-2.12708882018554,-2.1247971542437636,0.18164486512541772,0.18190350886434317,4.1915112714008274e-08,,0.16822534780726214,3.45616666842252,54.57105265930295
1d,25,25,2.0,,1.0,metropolis,custom,False,full,25,0.01,1e-05,2,1.0,1000,300,21,True,0.002352565286158903,-2.12708882018554,-2.124736254899381,0.18209784366190435,0.1821868059411645,1.8575365605677518e-06,,0.21938070929240644,3.825922924764454,54.65604178234935
1d,25,25,2.0,,1.0,metropolis,custom,False,full,25,0.01,1e-05,3,1.0,1000,300,22,True,0.0021701864557424067,-2.12708882018554,-2.1249186337297976,0.18172159008681774,0.18219051893800497,5.810250058857491e-10,,0.21498218187121088,4.00819141663611,54.65715568140149
1d,25,25,2.0,,1.0,metropolis,custom,False,full,25,0.01,1e-05,4,1.0,1000,300,19,True,0.002648199771302817,-2.12708882018554,-2.124440620414237,0.181890525855124,0.18201478846371175,1.4828375811681838e-06,,0.24488251157154536,3.4582809808105233,54.60443653911352
1d,25,25,2.0,,1.0,metropolis,custom,False,full,25,0.01,1e-05,5,1.0,1000,300,23,True,0.0017950452031061381,-2.12708882018554,-2.125293774982434,0.1822701809927821,0.18214066341519355,1.2920098879654063e-06,,0.2244048867292,4.189235258549452,54.64219902455807
1d,25,25,3.044,,1.0,metropolis,custom,False,full,25,0.01,1e-05,1,1.0,1000,300,10,True,0.0024016406443556626,-3.1266983597062854,-3.1242967190619297,0.18285216335207224,0.18326481379568577,1.147508509546924e-06,,0.4708126964367303,1.8326481379568578,54.97944413870573
1d,25,25,3.044,,1.0,metropolis,custom,False,full,25,0.01,1e-05,2,1.0,1000,300,11,True,0.002297617719597689,-3.1266983597062854,-3.1244007419866877,0.18120234813541175,0.18147714176525673,7.008039908384944e-07,,0.47274244722676156,1.996248559417824,54.44314252957702
1d,25,25,3.044,,1.0,metropolis,custom,False,full,25,0.01,1e-05,3,1.0,1000,300,12,True,0.0018966414022631994,-3.1266983597062854,-3.124801718304022,0.18249829802662135,0.18271952913453182,1.754571593348686e-06,,0.543251010884595,2.192634349614382,54.815858740359545
1d,25,25,3.044,,1.0,metropolis,custom,False,full,25,0.01,1e-05,4,1.0,1000,300,10,True,0.0022322119316720013,-3.1266983597062854,-3.1244661477746134,0.18229326829314232,0.18260944330443937,1.5074765213896058e-07,,0.48353534220746625,1.8260944330443938,54.78283299133181
1d,25,25,3.044,,1.0,metropolis,custom,False,full,25,0.01,1e-05,5,1.0,1000,300,12,True,0.0020760926899745513,-3.1266983597062854,-3.124622267016311,0.1823160570114851,0.18242912704745928,1.6255221604311032e-06,,0.5010010619389714,2.1891495245695114,54.728738114237785
1d,36,36,0.5,,1.0,gibbs,custom,False,full,36,0.0003,1e-05,1,1.0,1000,300,280,False,0.4233200342486839,-1.0635444099733984,-0.6402243757247145,0.04089256655424833,0.04416198122004668,0.4233200342486839,,0.4725378219851767,12.36535474161307,13.248594366014004
1d,36,36,0.5,,1.0,gibbs,custom,False,full,36,0.01,1e-05,1,1.0,1000,300,194,True,0.004463519566857199,-1.0635444099733984,-1.0590808904065412,0.03711140789091587,0.04291034976641337,0.00025817528971994186,,0.5566290238775201,8.324607854684194,12.873104929924011
1d,36,36,0.5,,1.0,gibbs,custom,False,full,36,0.01,1e-05,2,1.0,1000,300,186,True,0.004382362585043875,-1.0635444099733984,-1.0591620473883545,0.03721921741962433,0.043616115612288314,0.0003649824027056603,,0.5491397251279563,8.112597503885626,13.084834683686495
1d,36,36,0.5,,1.0,gibbs,custom,False,full,36,0.01,1e-05,3,1.0,1000,300,182,True,0.0036075525126026964,-1.0635444099733984,-1.0599368574607957,0.04012224040925503,0.038741098828613756,0.0001644626066801269,,0.5406391132851026,7.050879986807703,11.622329648584127
1d,36,36,0.5,,1.0,gibbs,custom,False,full,36,0.01,1e-05,4,1.0,1000,300,184,True,0.0038620864222125295,-1.0635444099733984,-1.0596823235511859,0.0410804096609354,0.03849950979153315,0.0002110886747588303,,0.5416301950177022,7.0839098016421005,11.549852937459946
1d,36,36,0.5,,1.0,gibbs,custom,False,full,36,0.01,1e-05,5,1.0,1000,300,181,True,0.004214942076689043,-1.0635444099733984,-1.0593294678967093,0.03599020801484585,0.03585385233163833,0.00020677196982044066,,0.5608220339575989,6.489547272026538,10.7561556994915
1d,36,36,1.0,,1.0,gibbs,custom,False,full,36,0.0003,1e-05,1,1.0,1000,300,280,False,0.15332226233826773,-1.2736436458918527,-1.120321383553585,0.03703050054609776,0.0392915540933609,0.15332226233826773,,0.471916008997771,11.001635146141053,11.78746622800827
1d,36,36,1.0,,1.0,gibbs,custom,False,full,36,0.01,1e-05,1,1.0,1000,300,84,True,0.008132211590763827,-1.2736436458918527,-1.265511434301089,0.03508981186896563,0.03785707061489423,0.0013922980217646597,,0.014981754842948447,3.1799939316511154,11.35712118446827
1d,36,36,1.0,,1.0,gibbs,custom,False,full,36,0.01,1e-05,2,1.0,1000,300,90,True,0.00836759341198201,-1.2736436458918527,-1.2652760524798707,0.043880307115614414,0.040034610256552694,0.0014616001717959737,,0.01344998941150923,3.6031149230897426,12.010383076965809
1d,36,36,1.0,,1.0,gibbs,custom,False,full,36,0.01,1e-05,3,1.0,1000,300,83,True,0.008522834286030623,-1.2736436458918527,-1.2651208116058221,0.0403663020581007,0.0378909720480442,0.0012477241235453462,,0.012283167210029679,3.144950679987669,11.367291614413261
1d,36,36,1.0,,1.0,gibbs,custom,False,full,36,0.01,1e-05,4,1.0,1000,300,84,True,0.008530891934618534,-1.2736436458918527,-1.2651127539572342,0.04200940579175949,0.03960851815839608,0.001265818483647596,,0.009255380925387054,3.327115525305271,11.882555447518826
1d,36,36,1.0,,1.0,gibbs,custom,False,full,36,0.01,1e-05,5,1.0,1000,300,85,True,0.009020655129554633,-1.2736436458918527,-1.2646229907622981,0.035796279460191725,0.0371184220785896,0.001348650262296136,,0.009169282438334467,3.155065876680116,11.13552662357688
1d,36,36,2.0,,1.0,gibbs,custom,False,full,36,0.0003,1e-05,1,1.0,1000,300,280,False,0.03573512010204327,-2.1270888199467968,-2.0913536998447535,0.03406874909996986,0.03830720644444227,0.03573512010204327,,0.6301565026137917,10.726017804443837,11.492161933332682
1d,36,36,2.0,,1.0,gibbs,custom,False,full,36,0.01,1e-05,1,1.0,1000,300,24,True,0.003923314735637007,-2.1270888199467968,-2.1231655052111598,0.04042822737246752,0.0388022248322765,1.0120346529696178e-06,,0.15977307999737753,0.9312533959746361,11.640667449682951
1d,36,36,2.0,,1.0,gibbs,custom,False,full,36,0.01,1e-05,2,1.0,1000,300,24,True,0.005936252111740092,-2.1270888199467968,-2.1211525678350567,0.03753707092255354,0.03887718349695206,1.5224284410919608e-06,,0.10540358969050578,0.9330524039268494,11.663155049085617
1d,36,36,2.0,,1.0,gibbs,custom,False,full,36,0.01,1e-05,3,1.0,1000,300,24,True,0.00443616378101952,-2.1270888199467968,-2.1226526561657773,0.03598542250692845,0.036430474954346814,2.7163728888446315e-06,,0.15716785423304724,0.8743313989043235,10.929142486304045
1d,36,36,2.0,,1.0,gibbs,custom,False,full,36,0.01,1e-05,4,1.0,1000,300,22,True,0.004806174456435386,-2.1270888199467968,-2.1222826454903614,0.037678463570773604,0.038861600048840046,1.0908220793304224e-06,,0.0998980694770032,0.854955201074481,11.658480014652014
1d,36,36,2.0,,1.0,gibbs,custom,False,full,36,0.01,1e-05,5,1.0,1000,300,24,True,0.00374035582648391,-2.1270888199467968,-2.123348464120313,0.03457145821303129,0.03696087516844273,3.3097974969642507e-06,,0.10536227139806743,0.8870610040426254,11.08826255053282
1d,36,36,3.044,,1.0,gibbs,custom,False,full,36,0.0003,1e-05,1,1.0,1000,300,117,True,0.03311418964103474,-3.1266983597062743,-3.0935841700652396,0.0400772325694561,0.03826803193738063,0.011783521944119801,,0.6896300675590145,4.477359736673534,11.48040958121419
1d,36,36,3.044,,1.0,gibbs,custom,False,full,36,0.01,1e-05,1,1.0,1000,300,10,True,0.004429213016455158,-3.1266983597062743,-3.122269146689819,0.03350415751338005,0.038836792993048826,9.059855576865061e-08,,0.29155582839327904,0.38836792993048824,11.651037897914648
1d,36,36,3.044,,1.0,gibbs,custom,False,full,36,0.01,1e-05,2,1.0,1000,300,10,True,0.005185009783748473,-3.1266983597062743,-3.121513349922526,0.03642167262732983,0.03834861505776644,2.5421170666284354e-06,,0.36756658756055177,0.3834861505776644,11.504584517329931
1d,36,36,3.044,,1.0,gibbs,custom,False,full,36,0.01,1e-05,3,1.0,1000,300,10,True,0.0044904016008096015,-3.1266983597062743,-3.1222079581054647,0.0376742672175169,0.03903078393389781,3.4072274841534522e-06,,0.4361329555064274,0.3903078393389781,11.709235180169344
1d,36,36,3.044,,1.0,gibbs,custom,False,full,36,0.01,1e-05,4,1.0,1000,300,11,True,0.0037235893723481794,-3.1266983597062743,-3.122974770333926,0.03569345530122518,0.03810900943974654,2.2209255079452817e-06,,0.3771113119991588,0.41919910383721193,11.432702831923962
1d,36,36,3.044,,1.0,gibbs,custom,False,full,36,0.01,1e-05,5,1.0,1000,300,10,True,0.003693632400816771,-3.1266983597062743,-3.1230047273054575,0.034933386743068694,0.03701289804031452,9.010510870766097e-08,,0.43966453453220156,0.3701289804031452,11.103869412094355
1d,36,36,0.5,,1.0,lsb,custom,True,full,36,0.0003,1e-05,1,1.0,1000,300,280,False,0.18360764780616523,-1.0635444099733984,-0.8799367621672332,0.025454168021678925,0.03182527914643288,0.18360764780616523,,0.5733625305112897,8.911078161001205,9.547583743929863
1d,36,36,0.5,,1.0,lsb,custom,True,full,36,0.01,1e-05,1,1.0,1000,300,220,True,0.04819298198019162,-1.0635444099733984,-1.0153514279932068,0.026072442717850208,0.025149752212067444,0.0409881368274887,,0.043853060162973495,5.532945486654838,7.5449256636202335
1d,36,36,0.5,,1.0,lsb,custom,True,full,36,0.01,1e-05,2,1.0,1000,300,198,True,0.0496433979687112,-1.0635444099733984,-1.0139010120046872,0.024920610152184962,0.030718695608278116,0.04061420638030522,,0.04494996591030084,6.082301730439067,9.215608682483435
1d,36,36,0.5,,1.0,lsb,custom,True,full,36,0.01,1e-05,3,1.0,1000,300,251,True,0.04036004112577274,-1.0635444099733984,-1.0231843688476256,0.025520562753081323,0.025007620317240555,0.0371164870714451,,0.05788348305123287,6.276912699627379,7.502286095172166
1d,36,36,0.5,,1.0,lsb,custom,True,full,36,0.01,1e-05,4,1.0,1000,300,226,True,0.050585310322214694,-1.0635444099733984,-1.0129590996511837,0.023866881616413593,0.02510423185924689,0.043198045172449406,,0.041991510644852036,5.673556400189797,7.531269557774067
1d,36,36,0.5,,1.0,lsb,custom,True,full,36,0.01,1e-05,5,1.0,1000,300,242,True,0.045398577381273064,-1.0635444099733984,-1.0181458325921253,0.025319731794297695,0.02488257779429356,0.04037322482907735,,0.06399449852716017,6.021583826219041,7.464773338288068
1d,36,36,1.0,,1.0,lsb,custom,True,full,36,0.0003,1e-05,1,1.0,1000,300,280,False,0.04844953553961284,-1.2736436458918527,-1.3220931814314656,0.025418156385421754,0.025258482458690803,0.04844953553961284,,0.6152991772066626,7.072375088433425,7.577544737607241
1d,36,36,1.0,,1.0,lsb,custom,True,full,36,0.01,1e-05,1,1.0,1000,300,74,True,0.01422451934868496,-1.2736436458918527,-1.2878681652405377,0.023664033226668834,0.02489682481934627,0.0009801569356988615,,0.0026538849656100555,1.842365036631624,7.469047445803881
1d,36,36,1.0,,1.0,lsb,custom,True,full,36,0.01,1e-05,2,1.0,1000,300,112,True,0.004335841899314685,-1.2736436458918527,-1.2779794877911674,0.025699452310800553,0.025406259981294473,0.0019497501149949859,,0.003933115694522866,2.845501117904981,7.621877994388342
1d,36,36,1.0,,1.0,lsb,custom,True,full,36,0.01,1e-05,3,1.0,1000,300,97,True,0.004066240820194356,-1.2736436458918527,-1.277709886712047,0.02462469320744276,0.024981705906490483,0.000851127459053469,,0.002636082362224681,2.423225472929577,7.494511771947145
1d,36,36,1.0,,1.0,lsb,custom,True,full,36,0.01,1e-05,4,1.0,1000,300,79,True,0.005503392522699935,-1.2736436458918527,-1.2791470384145527,0.02519178781658411,0.025172193497419358,0.0009395660006488171,,0.0017177944807119877,1.9886032862961294,7.551658049225807
1d,36,36,1.0,,1.0,lsb,custom,True,full,36,0.01,1e-05,5,1.0,1000,300,81,True,0.003899612301327293,-1.2736436458918527,-1.27754325819318,0.024338702857494354,0.024916446271042027,0.002568027272774609,,0.0026861556024342535,2.018232147954404,7.474933881312608
1d,36,36,2.0,,1.0,lsb,custom,True,full,36,0.0003,1e-05,1,1.0,1000,300,280,False,0.10392437206894645,-2.1270888199467968,-2.231013192015743,0.025047853030264376,0.025191411152482034,0.10392437206894645,,0.6785974792103384,7.053595122694969,7.557423345744611
1d,36,36,2.0,,1.0,lsb,custom,True,full,36,0.01,1e-05,1,1.0,1000,300,50,True,0.005891926202736819,-2.1270888199467968,-2.1329807461495336,0.02479074876755476,0.025326422589520614,0.00036314413629146003,,0.18516506815028536,1.2663211294760308,7.597926776856184
1d,36,36,2.0,,1.0,lsb,custom,True,full,36,0.01,1e-05,2,1.0,1000,300,54,True,0.006355964321659524,-2.1270888199467968,-2.1334447842684563,0.025494443997740746,0.02526068759461244,0.00031408165568835855,,0.15132722699547646,1.3640771301090717,7.578206278383732
1d,36,36,2.0,,1.0,lsb,custom,True,full,36,0.01,1e-05,3,1.0,1000,300,52,True,0.007022523956231819,-2.1270888199467968,-2.1341113439030286,0.02387336492538452,0.02491206449766954,0.0004670730516393995,,0.18760745733833195,1.295427353878816,7.473619349300861
1d,36,36,2.0,,1.0,lsb,custom,True,full,36,0.01,1e-05,4,1.0,1000,300,49,True,0.005155361925961888,-2.1270888199467968,-2.1322441818727587,0.025360355153679848,0.025126064990957576,0.00029131874236298927,,0.18626256008235045,1.2311771845569213,7.5378194972872725
1d,36,36,2.0,,1.0,lsb,custom,True,full,36,0.01,1e-05,5,1.0,1000,300,51,True,0.0062003798555183565,-2.1270888199467968,-2.133289199802315,0.02520145960152149,0.02517514705657959,0.0003327156845220891,,0.2296217492090181,1.283932499885559,7.552544116973877
1d,36,36,3.044,,1.0,lsb,custom,True,full,36,0.0003,1e-05,1,1.0,1000,300,136,True,0.09749563417599694,-3.1266983597062743,-3.2241939938822712,0.025294148363173008,0.025368846481045086,0.0815833987079837,,0.7267349837018066,3.4501631214221318,7.610653944313526
1d,36,36,3.044,,1.0,lsb,custom,True,full,36,0.01,1e-05,1,1.0,1000,300,25,True,0.004899241111432584,-3.1266983597062743,-3.131597600817707,0.025015108101069928,0.02519856832921505,1.5534871354194735e-05,,0.4873677763179086,0.6299642082303762,7.559570498764515
1d,36,36,3.044,,1.0,lsb,custom,True,full,36,0.01,1e-05,2,1.0,1000,300,25,True,0.005331502073807393,-3.1266983597062743,-3.1320298617800817,0.024936576187610627,0.025125712603330613,2.8045274381049978e-05,,0.5089036313451019,0.6281428150832653,7.537713780999184
1d,36,36,3.044,,1.0,lsb,custom,True,full,36,0.01,1e-05,3,1.0,1000,300,25,True,0.005211860579735106,-3.1266983597062743,-3.1319102202860094,0.02490831259638071,0.02506718661636114,7.884059871043902e-05,,0.44643065275033805,0.6266796654090285,7.520155984908342
1d,36,36,3.044,,1.0,lsb,custom,True,full,36,0.01,1e-05,4,1.0,1000,300,24,True,0.005543483894270285,-3.1266983597062743,-3.1322418436005446,0.02513871304690838,0.0251775728041927,8.16695351280039e-05,,0.482994085117707,0.6042617473006249,7.553271841257811
1d,36,36,3.044,,1.0,lsb,custom,True,full,36,0.01,1e-05,5,1.0,1000,300,23,True,0.006645498135618322,-3.1266983597062743,-3.1333438578418926,0.0255516542121768,0.025323937038580577,0.00021442996809417636,,0.4457714721479584,0.5824505518873533,7.597181111574173
1d,36,36,0.5,,1.0,metropolis,custom,False,full,36,0.01,1e-05,1,1.0,1000,300,191,True,0.00483952655768527,-1.0635444099733984,-1.0587048834157131,0.4484881669282913,0.4419647764414549,0.0003001711866454926,,0.536922412000538,84.41527230031788,132.58943293243647
1d,36,36,0.5,,1.0,metropolis,custom,False,full,36,0.01,1e-05,2,1.0,1000,300,187,True,0.003425224481014899,-1.0635444099733984,-1.0601191854923835,0.41171468514949083,0.417864626335601,0.00022388905607062526,,0.5388192237530558,78.14068512475738,125.3593879006803
1d,36,36,0.5,,1.0,metropolis,custom,False,full,36,0.01,1e-05,3,1.0,1000,300,175,True,0.004442988527528113,-1.0635444099733984,-1.0591014214458703,0.414156524091959,0.41899167754997807,0.00017035350277594397,,0.5660128260093573,73.32354357124616,125.69750326499341
1d,36,36,0.5,,1.0,metropolis,custom,False,full,36,0.01,1e-05,4,1.0,1000,300,176,True,0.004066823174900369,-1.0635444099733984,-1.059477586798498,0.4066540779545903,0.4130515535796682,0.0002265796954643573,,0.544980455940345,72.6970734300216,123.91546607390046
1d,36,36,0.5,,1.0,metropolis,custom,False,full,36,0.01,1e-05,5,1.0,1000,300,173,True,0.0036659176120150683,-1.0635444099733984,-1.0598784923613833,0.39686087928712366,0.4105148132145405,0.0001923595546176049,,0.5180913154849778,71.0190626861155,123.15444396436214
1d,36,36,1.0,,1.0,metropolis,custom,False,full,36,0.01,1e-05,1,1.0,1000,300,88,True,0.008203551805527676,-1.2736436458918527,-1.265440094086325,0.4442013693973422,0.44795547814418873,0.0014112506549481818,,0.01314901740225072,39.42008207668861,134.38664344325662
1d,36,36,1.0,,1.0,metropolis,custom,False,full,36,0.01,1e-05,2,1.0,1000,300,87,True,0.00901309264629857,-1.2736436458918527,-1.2646305532455542,0.43355743754655124,0.4346301576619347,0.0014429830933229137,,0.012945335475026172,37.81282371658832,130.3890472985804
1d,36,36,1.0,,1.0,metropolis,custom,False,full,36,0.01,1e-05,3,1.0,1000,300,83,True,0.008515277072728145,-1.2736436458918527,-1.2651283688191246,0.44318258501589297,0.4469715772320827,0.001262193931219846,,0.010987296340251307,37.098640910262866,134.0914731696248
1d,36,36,1.0,,1.0,metropolis,custom,False,full,36,0.01,1e-05,4,1.0,1000,300,83,True,0.008418067982897126,-1.2736436458918527,-1.2652255779089556,0.4398532997816801,0.4416971411183476,0.0013269112273801564,,0.01062578680577477,36.660862712822855,132.5091423355043
1d,36,36,1.0,,1.0,metropolis,custom,False,full,36,0.01,1e-05,5,1.0,1000,300,90,True,0.007766305257659534,-1.2736436458918527,-1.2658773406341932,0.43451375905424355,0.43892999706168967,0.0012988503908983873,,0.011653103030967817,39.50369973555207,131.6789991185069
1d,36,36,2.0,,1.0,metropolis,custom,False,full,36,0.01,1e-05,1,1.0,1000,300,26,True,0.004068125628009067,-2.1270888199467968,-2.1230206943187877,0.44991470109671355,0.45059546834478775,4.173932068418651e-06,,0.15141722304937558,11.715482176964482,135.17864050343633
1d,36,36,2.0,,1.0,metropolis,custom,False,full,36,0.01,1e-05,2,1.0,1000,300,25,True,0.005330607320842784,-2.1270888199467968,-2.121758212625954,0.4498154541477561,0.44466671597212554,2.4469232768886684e-06,,0.0810314973624857,11.116667899303138,133.40001479163766
1d,36,36,2.0,,1.0,metropolis,custom,False,full,36,0.01,1e-05,3,1.0,1000,300,21,True,0.005624905416367287,-2.1270888199467968,-2.1214639145304295,0.4555527713149786,0.4605033531039953,3.1096287456122695e-07,,0.13228257313433436,9.670570415183901,138.1510059311986
1d,36,36,2.0,,1.0,metropolis,custom,False,full,36,0.01,1e-05,4,1.0,1000,300,20,True,0.006034608514168038,-2.1270888199467968,-2.1210542114326287,0.4509689761325717,0.4544222255423665,4.6605433778879046e-07,,0.11931760630469795,9.08844451084733,136.32666766270995
1d,36,36,2.0,,1.0,metropolis,custom,False,full,36,0.01,1e-05,5,1.0,1000,300,25,True,0.004518196514043282,-2.1270888199467968,-2.1225706234327535,0.45398387163877485,0.46050681961079437,4.52595717082005e-06,,0.10623790968692254,11.512670490269858,138.15204588323832
1d,36,36,3.044,,1.0,metropolis,custom,False,full,36,0.01,1e-05,1,1.0,1000,300,11,True,0.004186676615154816,-3.1266983597062743,-3.1225116830911195,0.45960318874567746,0.4632985981181264,5.863660677007942e-07,,0.35033335513829383,5.0962845792993905,138.98957943543792
1d,36,36,3.044,,1.0,metropolis,custom,False,full,36,0.01,1e-05,2,1.0,1000,300,13,True,0.0031917915726968893,-3.1266983597062743,-3.1235065681335774,0.45629336815327404,0.4603141921261946,1.6361270209763745e-06,,0.3497773047579989,5.98408449764053,138.0942576378584
1d,36,36,3.044,,1.0,metropolis,custom,False,full,36,0.01,1e-05,3,1.0,1000,300,12,True,0.0034135413856213326,-3.1266983597062743,-3.123284818320653,0.4603548999875784,0.46459600908060866,3.238030106267331e-07,,0.36255823716490826,5.575152108967304,139.3788027241826
1d,36,36,3.044,,1.0,metropolis,custom,False,full,36,0.01,1e-05,4,1.0,1000,300,10,True,0.0047095129160905636,-3.1266983597062743,-3.1219888467901837,0.45699914917349815,0.45317305522660417,2.9958378484629122e-06,,0.4458878804133335,4.531730552266041,135.95191656798124
1d,36,36,3.044,,1.0,metropolis,custom,False,full,36,0.01,1e-05,5,1.0,1000,300,9,True,0.004219231622149877,-3.1266983597062743,-3.1224791280841244,0.4592928109690547,0.46211154002696275,2.928831793536091e-06,,0.3440597297263682,4.159003860242665,138.63346200808883
1d,49,49,0.5,,1.0,gibbs,custom,False,full,49,0.0003,1e-05,1,1.0,1000,300,280,False,0.43846911066954775,-1.0635444099733649,-0.6250752993038171,0.04482530001550913,0.04850497547537089,0.43846911066954775,,0.4015736140814854,13.581393133103848,14.551492642611267
1d,49,49,0.5,,1.0,gibbs,custom,False,full,49,0.01,1e-05,1,1.0,1000,300,274,True,0.005021694847644476,-1.0635444099733649,-1.0585227151257204,0.04308774825185537,0.04425764879832665,0.0040855543564330965,,0.4329081753505452,12.126595770741503,13.277294639497995
1d,49,49,0.5,,1.0,gibbs,custom,False,full,49,0.01,1e-05,2,1.0,1000,300,209,True,0.007779540396005702,-1.0635444099733649,-1.0557648695773592,0.044992911629378796,0.048572075677414735,0.0007547936359526553,,0.4602923144474439,10.15156381657968,14.57162270322442
1d,49,49,0.5,,1.0,gibbs,custom,False,full,49,0.01,1e-05,3,1.0,1000,300,208,True,0.0037339910418503486,-1.0635444099733649,-1.0598104189315145,0.04429329000413418,0.04340026387323936,0.00026415949907776515,,0.4160588552750708,9.027254885633786,13.020079161971807
1d,49,49,0.5,,1.0,gibbs,custom,False,full,49,0.01,1e-05,4,1.0,1000,300,241,True,0.006632358152620643,-1.0635444099733649,-1.0569120518207442,0.04535333793610334,0.043321212120354176,0.0018722177485246405,,0.4075790006040317,10.440412121005357,12.996363636106253
1d,49,49,0.5,,1.0,gibbs,custom,False,full,49,0.01,1e-05,5,1.0,1000,300,189,True,0.007967470498904339,-1.0635444099733649,-1.0555769394744605,0.04282414484769106,0.044764976104100546,0.0008082140544845018,,0.40373410568920054,8.460580483675002,13.429492831230164
1d,49,49,1.0,,1.0,gibbs,custom,False,full,49,0.0003,1e-05,1,1.0,1000,300,280,False,0.1649106381254528,-1.2734576461755247,-1.108547008050072,0.04107391480356455,0.04451751963545879,0.1649106381254528,,0.46875342561429334,12.464905497928461,13.355255890637636
1d,49,49,1.0,,1.0,gibbs,custom,False,full,49,0.01,1e-05,1,1.0,1000,300,130,True,0.019295362077598854,-1.2734576461755247,-1.2541622840979259,0.04179978836327791,0.04362559915830692,0.005399651864373078,,0.0016654276901352345,5.671327890579899,13.087679747492075
1d,49,49,1.0,,1.0,gibbs,custom,False,full,49,0.01,1e-05,2,1.0,1000,300,163,True,0.01620822788685672,-1.2734576461755247,-1.257249418288668,0.0378975186496973,0.04228624489158392,0.006026107712630013,,0.010582804171268608,6.892657917328179,12.685873467475176
1d,49,49,1.0,,1.0,gibbs,custom,False,full,49,0.01,1e-05,3,1.0,1000,300,141,True,0.01597143136672674,-1.2734576461755247,-1.257486214808798,0.047509141638875006,0.04585478129486243,0.00467616846793506,,0.0025940383020197255,6.465524162575603,13.756434388458729
1d,49,49,1.0,,1.0,gibbs,custom,False,full,49,0.01,1e-05,4,1.0,1000,300,79,True,0.02855283195831304,-1.2734576461755247,-1.2449048142172117,0.03811350129544735,0.04307888732602199,0.0065993303440223805,,0.0028234087183025966,3.4032320987557374,12.923666197806597
1d,49,49,1.0,,1.0,gibbs,custom,False,full,49,0.01,1e-05,5,1.0,1000,300,82,True,0.027052406329511225,-1.2734576461755247,-1.2464052398460135,0.04171439856290817,0.0422861273214221,0.00473715967305588,,0.009853799715498693,3.467462440356612,12.685838196426628
1d,49,49,2.0,,1.0,gibbs,custom,False,full,49,0.0003,1e-05,1,1.0,1000,300,258,True,0.0453383912998051,-2.1270888199467297,-2.0817504286469246,0.04247515518218279,0.04517605450004339,0.04251596690137882,,0.5350214442875184,11.655422061011194,13.552816350013016
1d,49,49,2.0,,1.0,gibbs,custom,False,full,49,0.01,1e-05,1,1.0,1000,300,22,True,0.00926356417661145,-2.1270888199467297,-2.1178252557701183,0.04183829706162214,0.04389700911939144,0.0029966885086856188,,0.08383900212319377,0.9657342006266117,13.169102735817432
1d,49,49,2.0,,1.0,gibbs,custom,False,full,49,0.01,1e-05,2,1.0,1000,300,25,True,0.009437236336121035,-2.1270888199467297,-2.1176515836106087,0.04137704968452453,0.04308986309915781,0.0029698060667686654,,0.06956486739292633,1.0772465774789453,12.926958929747343
1d,49,49,2.0,,1.0,gibbs,custom,False,full,49,0.01,1e-05,3,1.0,1000,300,22,True,0.010299503497761986,-2.1270888199467297,-2.1167893164489677,0.04757683295756578,0.04401720811923345,0.0030364943067335837,,0.0601177897159915,0.9683785786231359,13.205162435770035
1d,49,49,2.0,,1.0,gibbs,custom,False,full,49,0.01,1e-05,4,1.0,1000,300,23,True,0.009631975745087118,-2.1270888199467297,-2.1174568442016426,0.041077788732945916,0.04392140936106444,0.002714790703593817,,0.07032597401329128,1.0101924153044821,13.17642280831933
1d,49,49,2.0,,1.0,gibbs,custom,False,full,49,0.01,1e-05,5,1.0,1000,300,21,True,0.009671547563626426,-2.1270888199467297,-2.1174172723831033,0.04186967127025128,0.04379598102221886,0.0026669779714993957,,0.07121510380511639,0.9197156014665961,13.138794306665659
1d,49,49,3.044,,1.0,gibbs,custom,False,full,49,0.0003,1e-05,1,1.0,1000,300,85,True,0.04474641474904928,-3.126698359706274,-3.0819519449572246,0.04384101610630751,0.0443234945833683,0.016024448189927654,,0.6438857989848228,3.767497039586306,13.29704837501049
1d,49,49,3.044,,1.0,gibbs,custom,False,full,49,0.01,1e-05,1,1.0,1000,300,10,True,0.006227992068823518,-3.126698359706274,-3.1204703676374503,0.04439904801547527,0.04459903130928675,0.0019424008485078303,,0.2984923888441628,0.4459903130928675,13.379709392786026
1d,49,49,3.044,,1.0,gibbs,custom,False,full,49,0.01,1e-05,2,1.0,1000,300,10,True,0.006424918487171194,-3.126698359706274,-3.1202734412191027,0.036227908730506894,0.04142942895491918,0.0017156090785803713,,0.293117302616703,0.41429428954919184,12.428828686475756
1d,49,49,3.044,,1.0,gibbs,custom,False,full,49,0.01,1e-05,3,1.0,1000,300,10,True,0.006515564522143524,-3.126698359706274,-3.1201827951841303,0.04020084291696548,0.04334828866024812,0.0013138122014084708,,0.3196484390527739,0.4334828866024812,13.004486598074436
1d,49,49,3.044,,1.0,gibbs,custom,False,full,49,0.01,1e-05,4,1.0,1000,300,10,True,0.006263853372019845,-3.126698359706274,-3.120434506334254,0.040368986502289775,0.04397851724177599,0.001664277007062065,,0.3071058252178755,0.4397851724177599,13.193555172532797
1d,49,49,3.044,,1.0,gibbs,custom,False,full,49,0.01,1e-05,5,1.0,1000,300,10,True,0.005901585671407972,-3.126698359706274,-3.120796774034866,0.04159905184060335,0.04376873911668857,0.001783911611360267,,0.2782341222181579,0.4376873911668857,13.13062173500657
1d,49,49,0.5,,1.0,lsb,custom,True,full,49,0.0003,1e-05,1,1.0,1000,300,280,False,0.17056637794089968,-1.0635444099733649,-0.8929780320324652,0.032284314185380934,0.0400398679325978,0.17056637794089968,,0.52859158037133,11.211163021127383,12.011960379779339
1d,49,49,0.5,,1.0,lsb,custom,True,full,49,0.01,1e-05,1,1.0,1000,300,79,True,0.04143164910463604,-1.0635444099733649,-1.0221127608687288,0.032454243116080764,0.03287047074486812,0.021235209547975753,,0.04142445271022922,2.596767188844581,9.861141223460436
1d,49,49,0.5,,1.0,lsb,custom,True,full,49,0.01,1e-05,2,1.0,1000,300,113,True,0.03931892834197526,-1.0635444099733649,-1.0242254816313896,0.03326506819576025,0.039518979527056214,0.02273408089420803,,0.031896854186217856,4.4656446865573525,11.855693858116863
1d,49,49,0.5,,1.0,lsb,custom,True,full,49,0.01,1e-05,3,1.0,1000,300,79,True,0.040999882742998484,-1.0635444099733649,-1.0225445272303664,0.0335136778652668,0.032827584023276964,0.02306430549104954,,0.0362559915981682,2.59337913783888,9.84827520698309
1d,49,49,0.5,,1.0,lsb,custom,True,full,49,0.01,1e-05,4,1.0,1000,300,82,True,0.04190019482620677,-1.0635444099733649,-1.021644215147158,0.033558682911098,0.032862728672722975,0.02242838366250699,,0.04238321411326343,2.694743751163284,9.858818601816893
1d,49,49,0.5,,1.0,lsb,custom,True,full,49,0.01,1e-05,5,1.0,1000,300,104,True,0.041258782903227154,-1.0635444099733649,-1.0222856270701377,0.032979732379317284,0.032865066317220526,0.023652051778505268,,0.03750347668982575,3.4179668969909347,9.859519895166159
1d,49,49,1.0,,1.0,lsb,custom,True,full,49,0.0003,1e-05,1,1.0,1000,300,280,False,0.06329053056916845,-1.2734576461755247,-1.3367481767446932,0.0329413291066885,0.0333366816987594,0.06329053056916845,,0.5670346829780953,9.334270875652631,10.001004509627819
1d,49,49,1.0,,1.0,lsb,custom,True,full,49,0.01,1e-05,1,1.0,1000,300,98,True,0.04127062733930753,-1.2734576461755247,-1.3147282735148322,0.033078675717115404,0.032847198757032556,0.02532976779356977,,0.001778819875195721,3.2190254781891903,9.854159627109766
1d,49,49,1.0,,1.0,lsb,custom,True,full,49,0.01,1e-05,2,1.0,1000,300,104,True,0.04218135811877799,-1.2734576461755247,-1.3156390042943027,0.03297868520021439,0.032852804946402706,0.03203492669158692,,0.0018460773198501943,3.4166917144258813,9.85584148392081
1d,49,49,1.0,,1.0,lsb,custom,True,full,49,0.01,1e-05,3,1.0,1000,300,96,True,0.04406418270325574,-1.2734576461755247,-1.3175218288787804,0.03278947416692972,0.0327434740588069,0.03256404670049906,,0.0030743712711442115,3.1433735096454622,9.823042217642069
1d,49,49,1.0,,1.0,lsb,custom,True,full,49,0.01,1e-05,4,1.0,1000,300,92,True,0.04406533314104788,-1.2734576461755247,-1.3175229793165726,0.03345485758036375,0.03309311240911484,0.029689818148977976,,0.03292889865998285,3.044566341638565,9.927933722734451
1d,49,49,1.0,,1.0,lsb,custom,True,full,49,0.01,1e-05,5,1.0,1000,300,105,True,0.039117405103724856,-1.2734576461755247,-1.3125750512792496,0.03151227924972773,0.03247144524008036,0.02945239137116018,,0.021103331447015542,3.4095017502084377,9.741433572024109
1d,49,49,2.0,,1.0,lsb,custom,True,full,49,0.0003,1e-05,1,1.0,1000,300,150,True,0.10460551967119658,-2.1270888199467297,-2.2316943396179263,0.03337134141474962,0.03310912363231182,0.11903628441524772,,0.6010368807801203,4.966368544846773,9.932737089693546
1d,49,49,2.0,,1.0,lsb,custom,True,full,49,0.01,1e-05,1,1.0,1000,300,62,True,0.01435531536443957,-2.1270888199467297,-2.1414441353111693,0.033266734518110755,0.03284118591497342,0.006125967935752374,,0.1558609118557326,2.036153526728352,9.852355774492025
1d,49,49,2.0,,1.0,lsb,custom,True,full,49,0.01,1e-05,2,1.0,1000,300,59,True,0.015792853419002384,-2.1270888199467297,-2.142881673365732,0.03274529166519642,0.03281927107522885,0.004453174662005122,,0.15833520476836058,1.936336993438502,9.845781322568655
1d,49,49,2.0,,1.0,lsb,custom,True,full,49,0.01,1e-05,3,1.0,1000,300,66,True,0.014406937913896023,-2.1270888199467297,-2.1414957578606257,0.03338458277285099,0.033072078836460905,0.007524473387797048,,0.14645463211374893,2.1827572032064197,9.921623650938272
1d,49,49,2.0,,1.0,lsb,custom,True,full,49,0.01,1e-05,4,1.0,1000,300,64,True,0.014018458847002258,-2.1270888199467297,-2.141107278793732,0.03168987836688757,0.03257484103242556,0.004827108548948633,,0.14685146671833244,2.084789826075236,9.772452309727669
1d,49,49,2.0,,1.0,lsb,custom,True,full,49,0.01,1e-05,5,1.0,1000,300,63,True,0.014447983646497686,-2.1270888199467297,-2.1415368035932274,0.03196024931967258,0.03227820049971342,0.005796591676528795,,0.1689823656979765,2.0335266314819456,9.683460149914026
1d,49,49,3.044,,1.0,lsb,custom,True,full,49,0.0003,1e-05,1,1.0,1000,300,94,True,0.09195969110213831,-3.126698359706274,-3.218658050808412,0.0340416694059968,0.033130621711413066,0.09617179445791502,,0.6713942507739271,3.114278440872828,9.93918651342392
1d,49,49,3.044,,1.0,lsb,custom,True,full,49,0.01,1e-05,1,1.0,1000,300,31,True,0.0025133435887889632,-3.126698359706274,-3.129211703295063,0.03189369197934866,0.03313721929987272,0.0012438139211390364,,0.41340264457694564,1.0272537982960543,9.941165789961817
1d,49,49,3.044,,1.0,lsb,custom,True,full,49,0.01,1e-05,2,1.0,1000,300,34,True,0.001968427572001552,-3.126698359706274,-3.1286667872782754,0.03196807857602835,0.03329451702535152,0.0008600832770171429,,0.3759397039960748,1.1320135788619519,9.988355107605457
1d,49,49,3.044,,1.0,lsb,custom,True,full,49,0.01,1e-05,3,1.0,1000,300,33,True,0.003982438799908561,-3.126698359706274,-3.1306807985061824,0.03238773439079523,0.03310894608497619,5.2057869536437096e-05,,0.4347052481806292,1.0925952208042145,9.932683825492857
1d,49,49,3.044,,1.0,lsb,custom,True,full,49,0.01,1e-05,4,1.0,1000,300,34,True,0.002198368263389483,-3.126698359706274,-3.1288967279696633,0.03317915070801973,0.03317686637242635,0.0008488460896169947,,0.398260082163279,1.128013456662496,9.953059911727905
1d,49,49,3.044,,1.0,lsb,custom,True,full,49,0.01,1e-05,5,1.0,1000,300,31,True,0.0026847201036908075,-3.126698359706274,-3.1293830798099647,0.032376536168158054,0.03308874988307556,0.0012682046124186108,,0.3391032671656534,1.0257512463753422,9.926624964922667
1d,49,49,0.5,,1.0,metropolis,custom,False,full,49,0.01,1e-05,1,1.0,1000,300,193,True,0.006086930304129101,-1.0635444099733649,-1.0574574796692358,0.5976297130808235,0.6174520280584693,0.0003775921348971867,,0.4515956790669989,119.16824141528458,185.2356084175408
1d,49,49,0.5,,1.0,metropolis,custom,False,full,49,0.01,1e-05,2,1.0,1000,300,233,True,0.010598048978290864,-1.0635444099733649,-1.052946360995074,0.6375059027224779,0.6350179129218062,0.004474895529171796,,0.4100866288788926,147.95917371078085,190.50537387654185
1d,49,49,0.5,,1.0,metropolis,custom,False,full,49,0.01,1e-05,3,1.0,1000,300,220,True,0.006604975605030594,-1.0635444099733649,-1.0569394343683343,0.6274402286857367,0.6266547697161635,0.002022556539665654,,0.43701366690497667,137.86404933755597,187.99643091484904
1d,49,49,0.5,,1.0,metropolis,custom,False,full,49,0.01,1e-05,4,1.0,1000,300,198,True,0.0045216331505613105,-1.0635444099733649,-1.0590227768228035,0.6363114662468433,0.6367587787906329,0.0006584495508861199,,0.43340573763423634,126.07823820054531,191.02763363718987
1d,49,49,0.5,,1.0,metropolis,custom,False,full,49,0.01,1e-05,5,1.0,1000,300,173,True,0.007125387435890085,-1.0635444099733649,-1.0564190225374748,0.6286461217328906,0.6366959918042024,0.002098411169372927,,0.4375846415436276,110.14840658212702,191.00879754126072
1d,49,49,1.0,,1.0,metropolis,custom,False,full,49,0.01,1e-05,1,1.0,1000,300,131,True,0.017912479497520284,-1.2734576461755247,-1.2555451666780044,0.6463851124048233,0.6456307796264689,0.0037434211359097525,,0.01412818752479118,84.57763213106742,193.68923388794065
1d,49,49,1.0,,1.0,metropolis,custom,False,full,49,0.01,1e-05,2,1.0,1000,300,149,True,0.017959183006345247,-1.2734576461755247,-1.2554984631691795,0.6457926325500012,0.6471616582696637,0.0060492709990696,,0.003378575724343215,96.42708708217988,194.1484974808991
1d,49,49,1.0,,1.0,metropolis,custom,False,full,49,0.01,1e-05,3,1.0,1000,300,76,True,0.02894494520051305,-1.2734576461755247,-1.2445127009750117,0.6443907156586647,0.641797668573757,0.005798879211790009,,0.007651630177662757,48.77662281160553,192.5393005721271
1d,49,49,1.0,,1.0,metropolis,custom,False,full,49,0.01,1e-05,4,1.0,1000,300,166,True,0.012504389494832457,-1.2734576461755247,-1.2609532566806922,0.6470904717221856,0.6485703948140145,0.004605282123250731,,0.002705603426280958,107.6626855391264,194.57111844420433
1d,49,49,1.0,,1.0,metropolis,custom,False,full,49,0.01,1e-05,5,1.0,1000,300,119,True,0.021009082740110596,-1.2734576461755247,-1.252448563435414,0.6473957495763898,0.6479948233440518,0.0052366189130435,,0.010763742601114689,77.11138397794217,194.39844700321552
1d,49,49,2.0,,1.0,metropolis,custom,False,full,49,0.01,1e-05,1,1.0,1000,300,21,True,0.010267964921548689,-2.1270888199467297,-2.116820855025181,0.6533983474597335,0.653206403615574,0.0024965722407293,,0.09510608889480364,13.717334475927055,195.9619210846722
1d,49,49,2.0,,1.0,metropolis,custom,False,full,49,0.01,1e-05,2,1.0,1000,300,23,True,0.00950778058706847,-2.1270888199467297,-2.1175810393596612,0.6535414339974522,0.6534198301409682,0.0026433522645956664,,0.028927666151904795,15.028656093242267,196.02594904229045
1d,49,49,2.0,,1.0,metropolis,custom,False,full,49,0.01,1e-05,3,1.0,1000,300,21,True,0.010638985732541073,-2.1270888199467297,-2.1164498342141886,0.6491716662421823,0.6487204210584362,0.002513922605474672,,0.04525480379504404,13.62312884222716,194.61612631753087
1d,49,49,2.0,,1.0,metropolis,custom,False,full,49,0.01,1e-05,4,1.0,1000,300,23,True,0.009219844137763555,-2.1270888199467297,-2.117868975808966,0.6536356460303068,0.6533600778753559,0.0020173511733201366,,0.06405492120715298,15.027281791133186,196.00802336260676
1d,49,49,2.0,,1.0,metropolis,custom,False,full,49,0.01,1e-05,5,1.0,1000,300,30,True,0.007809618578142441,-2.1270888199467297,-2.1192792013685873,0.6540913878008723,0.6532229067136844,0.003144046940056988,,0.08349512560118034,19.596687201410532,195.96687201410532
1d,49,49,3.044,,1.0,metropolis,custom,False,full,49,0.01,1e-05,1,1.0,1000,300,10,True,0.006454331257973234,-3.126698359706274,-3.1202440284483006,0.6538470463827253,0.6537471991653244,0.0023202425511450464,,0.301260910427892,6.537471991653244,196.12415974959734
1d,49,49,3.044,,1.0,metropolis,custom,False,full,49,0.01,1e-05,2,1.0,1000,300,10,True,0.006569060275925409,-3.126698359706274,-3.1201292994303484,0.6538946090266109,0.6535747278233369,0.0011429689720579006,,0.2692103238434174,6.535747278233369,196.07241834700108
1d,49,49,3.044,,1.0,metropolis,custom,False,full,49,0.01,1e-05,3,1.0,1000,300,10,True,0.006472967313493783,-3.126698359706274,-3.12022539239278,0.6532346434891224,0.653524471744895,0.001606080305515345,,0.252027735669256,6.5352447174489505,196.05734152346852
1d,49,49,3.044,,1.0,metropolis,custom,False,full,49,0.01,1e-05,4,1.0,1000,300,10,True,0.006592442107127283,-3.126698359706274,-3.1201059175991466,0.6538534559309482,0.6536572019259135,0.0012979130397265948,,0.31361628774431827,6.536572019259134,196.09716057777405
1d,49,49,3.044,,1.0,metropolis,custom,False,full,49,0.01,1e-05,5,1.0,1000,300,10,True,0.0063312838703892815,-3.126698359706274,-3.1203670758358846,0.6529942998662591,0.6536811984827121,0.0019424847078268748,,0.30633320355188215,6.536811984827121,196.10435954481363
1d,64,64,0.5,,1.0,gibbs,custom,False,full,64,0.0003,1e-05,1,1.0,1000,300,280,False,0.47642811482982084,-1.0635444099733649,-0.587116295143544,0.029909497871994973,0.03716859507064025,0.47642811482982084,,0.26327311207732207,10.40720661977927,11.150578521192076
1d,64,64,0.5,,1.0,gibbs,custom,False,full,64,0.01,1e-05,1,1.0,1000,300,182,True,0.03626380605007418,-1.0635444099733649,-1.0272806039232907,0.029776646941900253,0.03248913186291853,0.02185366444315706,,0.15780714402865412,5.913021999051173,9.746739558875559
1d,64,64,0.5,,1.0,gibbs,custom,False,full,64,0.01,1e-05,2,1.0,1000,300,206,True,0.0096955919393924,-1.0635444099733649,-1.0538488180339725,0.031905522011220454,0.037601835069557034,0.0019100210652032157,,0.3631506669492142,7.745978024328749,11.28055052086711
1d,64,64,0.5,,1.0,gibbs,custom,False,full,64,0.01,1e-05,3,1.0,1000,300,184,True,0.028747038212069365,-1.0635444099733649,-1.0347973717612955,0.030545415170490742,0.03295053572704395,0.013734866489084174,,0.2255870763772934,6.062898573776087,9.885160718113184
1d,64,64,0.5,,1.0,gibbs,custom,False,full,64,0.01,1e-05,4,1.0,1000,300,205,True,0.008929275829656858,-1.0635444099733649,-1.054615134143708,0.03259274456650019,0.03298234656453133,0.003038141566663599,,0.3151026413423734,6.761381045728922,9.894703969359398
1d,64,64,0.5,,1.0,gibbs,custom,False,full,64,0.01,1e-05,5,1.0,1000,300,191,True,0.015819936069549012,-1.0635444099733649,-1.0477244739038158,0.03245557770133019,0.03263584095984697,0.008783534611689792,,0.29023978218204255,6.233445623330772,9.790752287954092
1d,64,64,1.0,,1.0,gibbs,custom,False,full,64,0.0003,1e-05,1,1.0,1000,300,280,False,0.19498551944876574,-1.2733673854519645,-1.0783818660031987,0.030827770568430425,0.03322203865895668,0.19498551944876574,,0.4491271280863546,9.302170824507872,9.966611597687004
1d,64,64,1.0,,1.0,gibbs,custom,False,full,64,0.01,1e-05,1,1.0,1000,300,110,True,0.028790665881062605,-1.2733673854519645,-1.2445767195709019,0.030040324106812476,0.033144258509079615,0.01645037027216545,,0.0019616647681481108,3.6458684359987577,9.943277552723885
1d,64,64,1.0,,1.0,gibbs,custom,False,full,64,0.01,1e-05,2,1.0,1000,300,117,True,0.027229655307795086,-1.2733673854519645,-1.2461377301441694,0.030106436088681222,0.032762599736452104,0.01646401913394291,,0.0017227355307496517,3.8332241691648963,9.82877992093563
1d,64,64,1.0,,1.0,gibbs,custom,False,full,64,0.01,1e-05,3,1.0,1000,300,141,True,0.02404839735156883,-1.2733673854519645,-1.2493189881003957,0.03139786086976528,0.03249046773960193,0.015510029955980498,,0.0029469879841913056,4.581155951283872,9.747140321880579
1d,64,64,1.0,,1.0,gibbs,custom,False,full,64,0.01,1e-05,4,1.0,1000,300,131,True,0.025839675679171892,-1.2733673854519645,-1.2475277097727926,0.03448194414377213,0.034137093673149745,0.016586825008664485,,0.0015579145576205564,4.471959271182617,10.241128101944923
1d,64,64,1.0,,1.0,gibbs,custom,False,full,64,0.01,1e-05,5,1.0,1000,300,115,True,0.028312447998321222,-1.2733673854519645,-1.2450549374536433,0.031198225170373916,0.03331321054448684,0.01615369977058112,,0.006878800334803987,3.8310192126159865,9.993963163346052
1d,64,64,2.0,,1.0,gibbs,custom,False,full,64,0.0003,1e-05,1,1.0,1000,300,280,False,0.06222547529899902,-2.1270888199467297,-2.0648633446477307,0.031390863470733166,0.03281772763778766,0.06222547529899902,,0.5407245487848676,9.188963738580545,9.845318291336298
1d,64,64,2.0,,1.0,gibbs,custom,False,full,64,0.01,1e-05,1,1.0,1000,300,35,True,0.012131028291980872,-2.1270888199467297,-2.114957791654749,0.03212687522172928,0.03299608686318,0.007584056598488154,,0.09481990576575622,1.1548630402113,9.898826058954
1d,64,64,2.0,,1.0,gibbs,custom,False,full,64,0.01,1e-05,2,1.0,1000,300,32,True,0.01345485635215704,-2.1270888199467297,-2.1136339635945727,0.03184559922665357,0.03352320504685243,0.007723427951734418,,0.05974507512547899,1.0727425614992778,10.056961514055729
1d,64,64,2.0,,1.0,gibbs,custom,False,full,64,0.01,1e-05,3,1.0,1000,300,34,True,0.012887729639159407,-2.1270888199467297,-2.1142010903075703,0.03199343644082546,0.034034829599161945,0.0074025356666056474,,0.06377827606988173,1.157184206371506,10.210448879748583
1d,64,64,2.0,,1.0,gibbs,custom,False,full,64,0.01,1e-05,4,1.0,1000,300,32,True,0.01372606269909138,-2.1270888199467297,-2.1133627572476383,0.03292294293642044,0.03301581819852193,0.007758998877547718,,0.06914491271749311,1.0565061823527018,9.90474545955658
1d,64,64,2.0,,1.0,gibbs,custom,False,full,64,0.01,1e-05,5,1.0,1000,300,38,True,0.01187447021456034,-2.1270888199467297,-2.1152143497321694,0.029758974350988864,0.0326104329029719,0.007836323408323853,,0.06555459328247473,1.2391964503129322,9.78312987089157
1d,64,64,3.044,,1.0,gibbs,custom,False,full,64,0.0003,1e-05,1,1.0,1000,300,83,True,0.05739420295325681,-3.1266983597062743,-3.0693041567530175,0.030727482214570046,0.038287435322999955,0.0289479468158782,,0.6900776198437396,3.177857131808996,11.486230596899986
1d,64,64,3.044,,1.0,gibbs,custom,False,full,64,0.01,1e-05,1,1.0,1000,300,18,True,0.009238284457087964,-3.1266983597062743,-3.1174600752491863,0.03349771648645401,0.03368057424823443,0.0034543865522089767,,0.1925882202949657,0.6062503364682198,10.10417227447033
1d,64,64,3.044,,1.0,gibbs,custom,False,full,64,0.01,1e-05,2,1.0,1000,300,18,True,0.009602632218781437,-3.1266983597062743,-3.117095727487493,0.03191812131553888,0.0336592918013533,0.0036485932759995343,,0.1679636580431974,0.6058672524243593,10.097787540405989
1d,64,64,3.044,,1.0,gibbs,custom,False,full,64,0.01,1e-05,3,1.0,1000,300,18,True,0.009006977418323903,-3.1266983597062743,-3.1176913822879504,0.031283792667090894,0.033612627275288104,0.0031846628305820524,,0.20959674872510786,0.6050272909551859,10.083788182586432
1d,64,64,3.044,,1.0,gibbs,custom,False,full,64,0.01,1e-05,4,1.0,1000,300,17,True,0.009532204328796201,-3.1266983597062743,-3.117166155377478,0.03139641284942627,0.03363284961630901,0.0037841830878089233,,0.21906131262651438,0.5717584434772531,10.089854884892704
1d,64,64,3.044,,1.0,gibbs,custom,False,full,64,0.01,1e-05,5,1.0,1000,300,19,True,0.00844559223188357,-3.1266983597062743,-3.1182527674743907,0.034112006425857544,0.03314777749280135,0.003758974415232874,,0.28647525192071394,0.6298077723632257,9.944333247840406
1d,64,64,0.5,,1.0,lsb,custom,True,full,64,0.0003,1e-05,1,1.0,1000,300,280,False,0.18122314097019898,-1.0635444099733649,-0.8823212690031659,0.03652987480163574,0.04335417274385691,0.18122314097019898,,0.46647369722346876,12.139168368279934,13.006251823157074
1d,64,64,0.5,,1.0,lsb,custom,True,full,64,0.01,1e-05,1,1.0,1000,300,105,True,0.02189292072881921,-1.0635444099733649,-1.0416514892445456,0.03562387377023697,0.03577207411328952,0.00010525315602594176,,0.0031591019641165376,3.7560677818953994,10.731622233986855
1d,64,64,0.5,,1.0,lsb,custom,True,full,64,0.01,1e-05,2,1.0,1000,300,106,True,0.02213500215287567,-1.0635444099733649,-1.0414094078204892,0.035937240719795226,0.04265629300226768,0.007416442763165776,,0.0011001367869250542,4.5215670582403735,12.796887900680304
1d,64,64,0.5,,1.0,lsb,custom,True,full,64,0.01,1e-05,3,1.0,1000,300,73,True,0.020506007756496913,-1.0635444099733649,-1.043038402216868,0.03673197887837887,0.036013630256056785,0.01073662007788867,,0.011109629266664815,2.6289950086921454,10.804089076817036
1d,64,64,0.5,,1.0,lsb,custom,True,full,64,0.01,1e-05,4,1.0,1000,300,97,True,0.023462814890297112,-1.0635444099733649,-1.0400815950830677,0.03617656286805868,0.03599443974594275,0.021955143695894908,,0.0040116922517857735,3.4914606553564465,10.798331923782824
1d,64,64,0.5,,1.0,lsb,custom,True,full,64,0.01,1e-05,5,1.0,1000,300,158,True,0.021039879346750556,-1.0635444099733649,-1.0425045306266143,0.03582731727510691,0.03581202098478874,0.0013317711114713138,,0.004331741163047913,5.65829931559662,10.74360629543662
1d,64,64,1.0,,1.0,lsb,custom,True,full,64,0.0003,1e-05,1,1.0,1000,300,280,False,0.06189963242219454,-1.2733673854519645,-1.335267017874159,0.03671516310423613,0.03612124522527059,0.06189963242219454,,0.5020383073871877,10.113948663075766,10.836373567581177
1d,64,64,1.0,,1.0,lsb,custom,True,full,64,0.01,1e-05,1,1.0,1000,300,125,True,0.05761733691653137,-1.2733673854519645,-1.3309847223684959,0.03559490218758583,0.035692626498639586,0.05176789962082995,,0.006558932062435613,4.461578312329948,10.707787949591875
1d,64,64,1.0,,1.0,lsb,custom,True,full,64,0.01,1e-05,2,1.0,1000,300,124,True,0.05715122995646782,-1.2733673854519645,-1.3305186154084323,0.03592048864811659,0.03595212746411562,0.056490765803003606,,0.015042336441037458,4.458063805550337,10.785638239234686
1d,64,64,1.0,,1.0,lsb,custom,True,full,64,0.01,1e-05,3,1.0,1000,300,112,True,0.05988529908354612,-1.2733673854519645,-1.3332526845355106,0.036219363659620286,0.035853477406005065,0.04975454288593739,,0.006114043684456063,4.015589469472567,10.75604322180152
1d,64,64,1.0,,1.0,lsb,custom,True,full,64,0.01,1e-05,4,1.0,1000,300,127,True,0.05726054755518062,-1.2733673854519645,-1.330627933007145,0.03602865226566791,0.03580496237923702,0.05116871408366297,,0.015771256772746774,4.547230222163101,10.741488713771107
1d,64,64,1.0,,1.0,lsb,custom,True,full,64,0.01,1e-05,5,1.0,1000,300,115,True,0.05893883469439487,-1.2733673854519645,-1.3323062201463594,0.03589679263532162,0.035848062907656034,0.06257891111524749,,0.0012114829681565517,4.122527234380444,10.75441887229681
1d,64,64,2.0,,1.0,lsb,custom,True,full,64,0.0003,1e-05,1,1.0,1000,300,234,True,0.12269356627976036,-2.1270888199467297,-2.24978238622649,0.03564703334122896,0.036152591966092586,0.13197685916368496,,0.5734517982088971,8.459706520065666,10.845777589827776
1d,64,64,2.0,,1.0,lsb,custom,True,full,64,0.01,1e-05,1,1.0,1000,300,68,True,0.028907866080446265,-2.1270888199467297,-2.155996686027176,0.03557209968566895,0.035831830364962416,0.012250731911072954,,0.08629973591255799,2.4365644648174443,10.749549109488726
1d,64,64,2.0,,1.0,lsb,custom,True,full,64,0.01,1e-05,2,1.0,1000,300,78,True,0.023652672208462455,-2.1270888199467297,-2.150741492155192,0.03581301607191563,0.03605092488229275,0.011417901638037353,,0.09934786864600395,2.8119721408188347,10.815277464687826
1d,64,64,2.0,,1.0,lsb,custom,True,full,64,0.01,1e-05,3,1.0,1000,300,89,True,0.02032481149836718,-2.1270888199467297,-2.147413631445097,0.03632976561784744,0.035972048553327717,0.011087491916044634,,0.10633874881736918,3.2015123212461667,10.791614565998316
1d,64,64,2.0,,1.0,lsb,custom,True,full,64,0.01,1e-05,4,1.0,1000,300,72,True,0.02710602185806632,-2.1270888199467297,-2.154194841804796,0.03657253291457892,0.036193894470731416,0.009573691052294109,,0.11879392205982668,2.605960401892662,10.858168341219425
1d,64,64,2.0,,1.0,lsb,custom,True,full,64,0.01,1e-05,5,1.0,1000,300,72,True,0.02738040807204234,-2.1270888199467297,-2.154469228018772,0.03555107358843088,0.036209224959214525,0.009438035529634625,,0.10088291012909983,2.607064197063446,10.862767487764359
1d,64,64,3.044,,1.0,lsb,custom,True,full,64,0.0003,1e-05,1,1.0,1000,300,133,True,0.09362895248422554,-3.1266983597062743,-3.2203273121905,0.03619722686707973,0.03616302112738291,0.11740551816684475,,0.6715216219851791,4.809681809941927,10.848906338214874
1d,64,64,3.044,,1.0,lsb,custom,True,full,64,0.01,1e-05,1,1.0,1000,300,45,True,0.009441733009044384,-3.1266983597062743,-3.1361400927153187,0.03590730298310518,0.03584021601825953,0.002126390590327709,,0.3006267348230914,1.6128097208216787,10.752064805477858
1d,64,64,3.044,,1.0,lsb,custom,True,full,64,0.01,1e-05,2,1.0,1000,300,44,True,0.006912563422103002,-3.1266983597062743,-3.1336109231283773,0.03571929167956114,0.0360289974262317,0.002986448917049689,,0.26794613473030476,1.585275886754195,10.80869922786951
1d,64,64,3.044,,1.0,lsb,custom,True,full,64,0.01,1e-05,3,1.0,1000,300,44,True,0.010001298736406206,-3.1266983597062743,-3.1366996584426805,0.03520268425345421,0.03608163218945265,0.0031386919741476227,,0.34293592684126106,1.5875918163359166,10.824489656835794
1d,64,64,3.044,,1.0,lsb,custom,True,full,64,0.01,1e-05,4,1.0,1000,300,48,True,0.007308455731866115,-3.1266983597062743,-3.1340068154381404,0.0358858909457922,0.03629882867137591,0.0027613357083908774,,0.22225048055015498,1.7423437762260439,10.889648601412773
1d,64,64,3.044,,1.0,lsb,custom,True,full,64,0.01,1e-05,5,1.0,1000,300,44,True,0.00920510575413891,-3.1266983597062743,-3.135903465460413,0.03594206254929304,0.036190129493673645,0.0011164254630164905,,0.3004555448471827,1.5923656977216405,10.857038848102093
1d,64,64,0.5,,1.0,metropolis,custom,False,full,64,0.01,1e-05,1,1.0,1000,300,183,True,0.007393720843858809,-1.0635444099733649,-1.056150689129506,0.7774227699264884,0.7961663744226098,0.0010282073529777058,,0.327405974330326,145.6984465193376,238.84991232678294
1d,64,64,0.5,,1.0,metropolis,custom,False,full,64,0.01,1e-05,2,1.0,1000,300,222,True,0.02281690189744956,-1.0635444099733649,-1.0407275080759153,0.7842503789812326,0.7958475425466895,0.018765160864075314,,0.1800399555510931,176.67815444536507,238.75426276400685
1d,64,64,0.5,,1.0,metropolis,custom,False,full,64,0.01,1e-05,3,1.0,1000,300,175,True,0.019655423768611957,-1.0635444099733649,-1.043888986204753,0.7812959689646959,0.7970425087213516,0.010174256902207635,,0.28500824333090186,139.48243902623653,239.1127526164055
1d,64,64,0.5,,1.0,metropolis,custom,False,full,64,0.01,1e-05,4,1.0,1000,300,215,True,0.018478176637376276,-1.0635444099733649,-1.0450662333359886,0.7919684266671538,0.7979737233743072,0.012693445520987279,,0.23937407073847095,171.56435052547604,239.39211701229215
1d,64,64,0.5,,1.0,metropolis,custom,False,full,64,0.01,1e-05,5,1.0,1000,300,178,True,0.014597226254782658,-1.0635444099733649,-1.0489471837185822,0.7709687544032932,0.7944748668372631,0.00935465255926693,,0.2621050989071293,141.41652629703282,238.34246005117893
1d,64,64,1.0,,1.0,metropolis,custom,False,full,64,0.01,1e-05,1,1.0,1000,300,144,True,0.02349098144678563,-1.2733673854519645,-1.2498764040051789,0.8104670332744718,0.8087700785944859,0.015339431771152157,,0.0038226717984605686,116.46289131760597,242.63102357834578
1d,64,64,1.0,,1.0,metropolis,custom,False,full,64,0.01,1e-05,2,1.0,1000,300,110,True,0.028291582224444056,-1.2733673854519645,-1.2450758032275204,0.8117686042562127,0.809856991134584,0.01698298201289372,,0.002678414051834514,89.08426902480424,242.95709734037519
1d,64,64,1.0,,1.0,metropolis,custom,False,full,64,0.01,1e-05,3,1.0,1000,300,172,True,0.021219959975142366,-1.2733673854519645,-1.2521474254768221,0.8146113714203238,0.8151701178525885,0.015364560552750595,,0.0013886592264561962,140.20926027064522,244.55103535577655
1d,64,64,1.0,,1.0,metropolis,custom,False,full,64,0.01,1e-05,4,1.0,1000,300,115,True,0.02835856373602974,-1.2733673854519645,-1.2450088217159347,0.8102215414866805,0.8097138837724924,0.017646570316603327,,0.0014612271639744252,93.11709663383662,242.91416513174772
1d,64,64,1.0,,1.0,metropolis,custom,False,full,64,0.01,1e-05,5,1.0,1000,300,129,True,0.02608266912526691,-1.2733673854519645,-1.2472847163266976,0.8102286415174603,0.8095201543470224,0.01658044937694436,,0.001533807736038591,104.4280999107659,242.8560463041067
1d,64,64,2.0,,1.0,metropolis,custom,False,full,64,0.01,1e-05,1,1.0,1000,300,32,True,0.012878292392577873,-2.1270888199467297,-2.114210527554152,0.8108940495178103,0.8108817833537857,0.007956864951776943,,0.0706062924920684,25.948217067321142,243.2645350061357
1d,64,64,2.0,,1.0,metropolis,custom,False,full,64,0.01,1e-05,2,1.0,1000,300,40,True,0.01183798567363814,-2.1270888199467297,-2.1152508342730916,0.8119814174249769,0.8122007422645887,0.007290610532167285,,0.019530487720565,32.488029690583545,243.6602226793766
1d,64,64,2.0,,1.0,metropolis,custom,False,full,64,0.01,1e-05,3,1.0,1000,300,31,True,0.01400791708874305,-2.1270888199467297,-2.1130809028579867,0.8173017023131252,0.8169367895647883,0.007604451418884661,,0.04256546321468832,25.325040476508438,245.0810368694365
1d,64,64,2.0,,1.0,metropolis,custom,False,full,64,0.01,1e-05,4,1.0,1000,300,35,True,0.012791320212346413,-2.1270888199467297,-2.1142974997343833,0.812288230843842,0.812342464675506,0.007468731771605341,,0.05216189890522619,28.43198626364271,243.7027394026518
1d,64,64,2.0,,1.0,metropolis,custom,False,full,64,0.01,1e-05,5,1.0,1000,300,29,True,0.014706473897487804,-2.1270888199467297,-2.112382346049242,0.8117446249350906,0.8110434219489495,0.00747894422870754,,0.06474071942979111,23.520259236519536,243.31302658468485
1d,64,64,3.044,,1.0,metropolis,custom,False,full,64,0.01,1e-05,1,1.0,1000,300,16,True,0.010106143595660644,-3.1266983597062743,-3.1165922161106137,0.8126989085227251,0.8173059167464575,0.003673487104658868,,0.20023904989825336,13.07689466794332,245.19177502393725
1d,64,64,3.044,,1.0,metropolis,custom,False,full,64,0.01,1e-05,2,1.0,1000,300,19,True,0.00869084402001663,-3.1266983597062743,-3.1180075156862577,0.8124266101047397,0.8150225344051918,0.0033626769765398024,,0.13674712642593512,15.485428153698644,244.50676032155755
1d,64,64,3.044,,1.0,metropolis,custom,False,full,64,0.01,1e-05,3,1.0,1000,300,15,True,0.010414977855819796,-3.1266983597062743,-3.1162833818504545,0.8184265214949846,0.8184006718918682,0.0036332266267664615,,0.25021854533138577,12.276010078378022,245.52020156756043
1d,64,64,3.044,,1.0,metropolis,custom,False,full,64,0.01,1e-05,4,1.0,1000,300,18,True,0.009628231421987543,-3.1266983597062743,-3.1170701282842868,0.8128854651004076,0.8126131223887205,0.003426247472535504,,0.29401254090366935,14.627036202996969,243.78393671661615
1d,64,64,3.044,,1.0,metropolis,custom,False,full,64,0.01,1e-05,5,1.0,1000,300,17,True,0.009653573172919927,-3.1266983597062743,-3.1170447865333544,0.8132067326456308,0.8146801006793976,0.0036812680235618345,,0.20450963741503164,13.84956171154976,244.40403020381927
1d,81,81,0.5,,1.0,gibbs,custom,False,full,81,0.0003,1e-05,1,1.0,1000,300,280,False,0.506788568506946,-1.063544409973365,-0.5567558414664191,0.041649766452610495,0.0493254462381204,0.506788568506946,,0.6389045959144185,13.811124946673711,14.79763387143612
1d,81,81,0.5,,1.0,gibbs,custom,False,full,81,0.01,1e-05,1,1.0,1000,300,184,True,0.03262464444127566,-1.063544409973365,-1.0309197655320894,0.046128024533391,0.04650271600733201,0.028619134720223816,,0.15796886893516043,8.55649974534909,13.950814802199602
1d,81,81,0.5,,1.0,gibbs,custom,False,full,81,0.01,1e-05,2,1.0,1000,300,193,True,0.022781335887658072,-1.063544409973365,-1.040763074085707,0.04407231025397777,0.051330380514264105,0.018074898468878997,,0.09569204325887297,9.906763439252972,15.399114154279232
1d,81,81,0.5,,1.0,gibbs,custom,False,full,81,0.01,1e-05,3,1.0,1000,300,200,True,0.032070869712424566,-1.063544409973365,-1.0314735402609405,0.04123782496899366,0.04649824224412441,0.029315827438703534,,0.1749415702482807,9.299648448824883,13.949472673237324
1d,81,81,0.5,,1.0,gibbs,custom,False,full,81,0.01,1e-05,4,1.0,1000,300,165,True,0.02989415753931368,-1.063544409973365,-1.0336502524340514,0.04669187404215336,0.04647853554536899,0.02635862067501349,,0.011655376677446226,7.668958364985883,13.943560663610697
1d,81,81,0.5,,1.0,gibbs,custom,False,full,81,0.01,1e-05,5,1.0,1000,300,194,True,0.031183426571197215,-1.063544409973365,-1.0323609834021679,0.04778757989406586,0.045543801101545496,0.023167741705545808,,0.0445316160438564,8.835497413699827,13.66314033046365
1d,81,81,1.0,,1.0,gibbs,custom,False,full,81,0.0003,1e-05,1,1.0,1000,300,280,False,0.22103311637035317,-1.273319352957899,-1.0522862365875458,0.03967441357672215,0.04396047126501799,0.22103311637035317,,0.6638820967782345,12.308931954205036,13.188141379505396
1d,81,81,1.0,,1.0,gibbs,custom,False,full,81,0.01,1e-05,1,1.0,1000,300,146,True,0.031014515578560164,-1.273319352957899,-1.2423048373793388,0.046142392233014105,0.044774288398524126,0.022506284206663674,,0.0037387522012372956,6.537046106184523,13.432286519557238
1d,81,81,1.0,,1.0,gibbs,custom,False,full,81,0.01,1e-05,2,1.0,1000,300,126,True,0.03385598069399265,-1.273319352957899,-1.2394633722639063,0.04591650869697332,0.04502558232595523,0.020254280492171928,,0.002115144226702594,5.673223373070359,13.50767469778657
1d,81,81,1.0,,1.0,gibbs,custom,False,full,81,0.01,1e-05,3,1.0,1000,300,225,True,0.024663377915589813,-1.273319352957899,-1.2486559750423092,0.04403003640472889,0.044693948527177174,0.02262310640034859,,0.0022600822468172924,10.056138418614864,13.408184558153152
1d,81,81,1.0,,1.0,gibbs,custom,False,full,81,0.01,1e-05,4,1.0,1000,300,163,True,0.02802716701217145,-1.273319352957899,-1.2452921859457275,0.04347707070410252,0.04479817816366752,0.021869459587841478,,0.00524353832263135,7.302103040677806,13.439453449100256
1d,81,81,1.0,,1.0,gibbs,custom,False,full,81,0.01,1e-05,5,1.0,1000,300,161,True,0.028454197010225224,-1.273319352957899,-1.2448651559476738,0.04204582162201405,0.04529105809827646,0.02141607694250358,,0.0010681870979044536,7.29186035382251,13.587317429482937
1d,81,81,2.0,,1.0,gibbs,custom,False,full,81,0.0003,1e-05,1,1.0,1000,300,182,True,0.09535848860281382,-2.12708881994673,-2.0317303313439163,0.03756420351564884,0.043238159914811454,0.08207741586232187,,0.7210333473714315,7.869345104495685,12.971447974443436
1d,81,81,2.0,,1.0,gibbs,custom,False,full,81,0.01,1e-05,1,1.0,1000,300,48,True,0.019728018262739067,-2.12708881994673,-2.107360801683991,0.04063757490366697,0.04204823970794678,0.00919776143645512,,0.04109505487051297,2.0183155059814455,12.614471912384033
1d,81,81,2.0,,1.0,gibbs,custom,False,full,81,0.01,1e-05,2,1.0,1000,300,58,True,0.016557133441427396,-2.12708881994673,-2.1105316865053028,0.03564147856086493,0.04018165599554777,0.009338981324611417,,0.05208004638262926,2.330536047741771,12.054496798664331
1d,81,81,2.0,,1.0,gibbs,custom,False,full,81,0.01,1e-05,3,1.0,1000,300,53,True,0.018504070740427814,-2.12708881994673,-2.1085847492063023,0.04127281103283167,0.04086636050293843,0.008767890825406521,,0.002204378350527206,2.165917106655737,12.259908150881529
1d,81,81,2.0,,1.0,gibbs,custom,False,full,81,0.01,1e-05,4,1.0,1000,300,44,True,0.02040987100853897,-2.12708881994673,-2.106678948938191,0.03918891455978155,0.04117446292191744,0.008903035059191211,,0.049681488871542896,1.8116763685643673,12.352338876575232
1d,81,81,2.0,,1.0,gibbs,custom,False,full,81,0.01,1e-05,5,1.0,1000,300,57,True,0.01699804784786485,-2.12708881994673,-2.1100907720988653,0.0405992928892374,0.041643663520614306,0.008952247307964178,,0.05208061519068511,2.3736888206750155,12.493099056184292
1d,81,81,3.044,,1.0,gibbs,custom,False,full,81,0.0003,1e-05,1,1.0,1000,300,18,True,0.07741133718821658,-3.1266983597062743,-3.0492870225180577,0.050024986267089844,0.04378604614486297,0.04333852192040766,,0.7486271733444912,0.7881488306075335,13.135813843458891
1d,81,81,3.044,,1.0,gibbs,custom,False,full,81,0.01,1e-05,1,1.0,1000,300,26,True,0.014778345473184462,-3.1266983597062743,-3.11192001423309,0.03863415084779263,0.038949251684049765,0.004492304262808222,,0.172004413143541,1.012680543785294,11.68477550521493
1d,81,81,3.044,,1.0,gibbs,custom,False,full,81,0.01,1e-05,2,1.0,1000,300,27,True,0.014882157161769882,-3.1266983597062743,-3.1118162025445044,0.03674690406769514,0.0392420914893349,0.004043983417171493,,0.14746522312314705,1.0595364702120422,11.77262744680047
1d,81,81,3.044,,1.0,gibbs,custom,False,full,81,0.01,1e-05,3,1.0,1000,300,26,True,0.014423383602011786,-3.1266983597062743,-3.1122749761042625,0.03487625401467085,0.03761276559283336,0.003768088443705242,,0.1375629546136794,0.9779319054136673,11.283829677850008
1d,81,81,3.044,,1.0,gibbs,custom,False,full,81,0.01,1e-05,4,1.0,1000,300,25,True,0.015595443604282888,-3.1266983597062743,-3.1111029161019914,0.040676964446902275,0.040803615227341654,0.0045307924277135925,,0.15064186902584745,1.0200903806835413,12.241084568202496
1d,81,81,3.044,,1.0,gibbs,custom,False,full,81,0.01,1e-05,5,1.0,1000,300,22,True,0.0162729600549536,-3.1266983597062743,-3.1104253996513207,0.042029110714793205,0.03945938835541407,0.004287912859682663,,0.14161174844473914,0.8681065438191096,11.837816506624222
1d,81,81,0.5,,1.0,lsb,custom,True,full,81,0.0003,1e-05,1,1.0,1000,300,280,False,0.23840704544152125,-1.063544409973365,-0.8251373645318438,0.04759965930134058,0.05160852046062549,0.23840704544152125,,0.48963986091742695,14.450385728975137,15.482556138187647
1d,81,81,0.5,,1.0,lsb,custom,True,full,81,0.01,1e-05,1,1.0,1000,300,107,True,0.013568338478691544,-1.063544409973365,-1.0499760714946735,0.04703901242464781,0.045969146105150384,0.0059122877073602975,,0.001065138586838767,4.918698633251091,13.790743831545115
1d,81,81,0.5,,1.0,lsb,custom,True,full,81,0.01,1e-05,2,1.0,1000,300,160,True,0.021045622846895595,-1.063544409973365,-1.0424987871264695,0.04809253178536892,0.054137984725336236,0.0013608458826450676,,0.0020837396439967477,8.662077556053799,16.24139541760087
1d,81,81,0.5,,1.0,lsb,custom,True,full,81,0.01,1e-05,3,1.0,1000,300,126,True,0.01690484790637692,-1.063544409973365,-1.0466395620669882,0.04481387138366699,0.045865601586798824,0.0015876543730874992,,0.00417588975524842,5.779065799936652,13.759680476039646
1d,81,81,0.5,,1.0,lsb,custom,True,full,81,0.01,1e-05,4,1.0,1000,300,88,True,0.013652335597063248,-1.063544409973365,-1.0498920743763018,0.04487875122576952,0.048151883631944656,0.0025075650014518835,,0.0010438669222841237,4.23736575961113,14.445565089583397
1d,81,81,0.5,,1.0,lsb,custom,True,full,81,0.01,1e-05,5,1.0,1000,300,143,True,0.020664972277016025,-1.063544409973365,-1.042879437696349,0.045816902071237564,0.04624998903522889,0.004776856648745165,,0.0010016201119615361,6.613748432037731,13.874996710568666
1d,81,81,1.0,,1.0,lsb,custom,True,full,81,0.0003,1e-05,1,1.0,1000,300,280,False,0.017210335362393137,-1.273319352957899,-1.2905296883202921,0.0433621296659112,0.043300185948610306,0.017210335362393137,,0.49836939368320193,12.124052065610886,12.990055784583092
1d,81,81,1.0,,1.0,lsb,custom,True,full,81,0.01,1e-05,1,1.0,1000,300,144,True,0.06869850225612328,-1.273319352957899,-1.3420178552140223,0.04509895574301481,0.04688551086932421,0.0863133311458768,,0.003224200481432903,6.751513565182686,14.065653260797262
1d,81,81,1.0,,1.0,lsb,custom,True,full,81,0.01,1e-05,2,1.0,1000,300,130,True,0.07285960533101421,-1.273319352957899,-1.3461789582889132,0.043951116316020486,0.046801290040214855,0.07258824409100928,,0.010857657351746697,6.084167705227931,14.040387012064457
1d,81,81,1.0,,1.0,lsb,custom,True,full,81,0.01,1e-05,3,1.0,1000,300,129,True,0.07294414461016352,-1.273319352957899,-1.3462634975680625,0.047240049578249454,0.045691169078151385,0.0879560341098713,,0.005718129677930203,5.8941608110815285,13.707350723445415
1d,81,81,1.0,,1.0,lsb,custom,True,full,81,0.01,1e-05,4,1.0,1000,300,30,True,0.10829798043861061,-1.273319352957899,-1.3816173333965096,0.04448431339114904,0.04526278905570507,0.07928875203564689,,0.0016025177716304695,1.3578836716711522,13.578836716711521
1d,81,81,1.0,,1.0,lsb,custom,True,full,81,0.01,1e-05,5,1.0,1000,300,137,True,0.07053540880178555,-1.273319352957899,-1.3438547617596845,0.047498077340424064,0.045555054148038225,0.07787674812404122,,0.0013782127052363858,6.2410424182812365,13.666516244411467
1d,81,81,2.0,,1.0,lsb,custom,True,full,81,0.0003,1e-05,1,1.0,1000,300,280,False,0.10708377706509298,-2.12708881994673,-2.234172597011823,0.04559221342206001,0.04361879874020815,0.10708377706509298,,0.6334368144075844,12.213263647258282,13.085639622062446
1d,81,81,2.0,,1.0,lsb,custom,True,full,81,0.01,1e-05,1,1.0,1000,300,102,True,0.026853242748841488,-2.12708881994673,-2.1539420626955716,0.0430253230035305,0.04476883692046007,0.01769581740732651,,0.034015469192191325,4.566421365886927,13.430651076138021
1d,81,81,2.0,,1.0,lsb,custom,True,full,81,0.01,1e-05,2,1.0,1000,300,94,True,0.03229088827123272,-2.12708881994673,-2.159379708217963,0.046920457109808925,0.04588730209817489,0.01718048547912021,,0.05109720155873265,4.31340639722844,13.766190629452467
1d,81,81,2.0,,1.0,lsb,custom,True,full,81,0.01,1e-05,3,1.0,1000,300,94,True,0.032491272657676706,-2.12708881994673,-2.159580092604407,0.044482572749257085,0.04481014696260293,0.0191819247060514,,0.10205095438586821,4.212153814484675,13.443044088780878
1d,81,81,2.0,,1.0,lsb,custom,True,full,81,0.01,1e-05,4,1.0,1000,300,98,True,0.029194134579592745,-2.12708881994673,-2.156282954526323,0.0447525342926383,0.04585738394409418,0.018216050749863655,,0.08984047029574463,4.49402362652123,13.757215183228254
1d,81,81,2.0,,1.0,lsb,custom,True,full,81,0.01,1e-05,5,1.0,1000,300,87,True,0.033594005776597324,-2.12708881994673,-2.1606828257233275,0.045341189019382,0.04512676551938057,0.016769462288583004,,0.11097399547134029,3.9260286001861098,13.538029655814173
1d,81,81,3.044,,1.0,lsb,custom,True,full,81,0.0003,1e-05,1,1.0,1000,300,172,True,0.07639755466650255,-3.1266983597062743,-3.203095914372777,0.04199019186198712,0.04387981458256642,0.10685655865606858,,0.6930072916940682,7.547328108201425,13.163944374769926
1d,81,81,3.044,,1.0,lsb,custom,True,full,81,0.01,1e-05,1,1.0,1000,300,62,True,0.01200794547222861,-3.1266983597062743,-3.138706305178503,0.043244210071861744,0.04334744590024153,0.00019407846265950823,,0.17229823226704247,2.6875416458149752,13.00423377007246
1d,81,81,3.044,,1.0,lsb,custom,True,full,81,0.01,1e-05,2,1.0,1000,300,56,True,0.01661541824271673,-3.1266983597062743,-3.143313777948991,0.04442623946815729,0.043797737012306846,9.760265406777435e-05,,0.2395111709243391,2.4526732726891836,13.139321103692055
1d,81,81,3.044,,1.0,lsb,custom,True,full,81,0.01,1e-05,3,1.0,1000,300,65,True,0.01403158833819873,-3.1266983597062743,-3.140729948044473,0.045362121798098086,0.04418563855191072,0.00019572459062944247,,0.23862491760241294,2.8720665058741965,13.255691565573215
1d,81,81,3.044,,1.0,lsb,custom,True,full,81,0.01,1e-05,4,1.0,1000,300,56,True,0.0177121099034947,-3.1266983597062743,-3.144410469609769,0.04366605840623379,0.0439841436346372,0.000672729503166547,,0.2442854080680041,2.463112043539683,13.19524309039116
1d,81,81,3.044,,1.0,lsb,custom,True,full,81,0.01,1e-05,5,1.0,1000,300,56,True,0.017201804616709726,-3.1266983597062743,-3.143900164322984,0.045711352862417697,0.04370315143217643,0.0001684565224415735,,0.20564274765577462,2.4473764802018803,13.11094542965293
1d,81,81,0.5,,1.0,metropolis,custom,False,full,81,0.01,1e-05,1,1.0,1000,300,178,True,0.03162621102039287,-1.063544409973365,-1.0319181989529722,1.328249072097242,1.3674741474290688,0.028510574117203147,,0.1625852611066178,243.41039824237424,410.24224422872066
1d,81,81,0.5,,1.0,metropolis,custom,False,full,81,0.01,1e-05,2,1.0,1000,300,167,True,0.03170300999536635,-1.063544409973365,-1.0318413999779987,1.337745813652873,1.3722901081914702,0.0282951611602269,,0.13122523932249489,229.17244806797552,411.6870324574411
1d,81,81,0.5,,1.0,metropolis,custom,False,full,81,0.01,1e-05,3,1.0,1000,300,222,True,0.013670504679015538,-1.063544409973365,-1.0498739052943495,1.3275847041979432,1.368119321068128,0.007712051017832122,,0.17918625768813445,303.7224892771244,410.4357963204384
1d,81,81,0.5,,1.0,metropolis,custom,False,full,81,0.01,1e-05,4,1.0,1000,300,171,True,0.019871307366583935,-1.063544409973365,-1.0436731026067811,1.3249124083667994,1.3622749850650628,0.013674826466170131,,0.1139183584393244,232.94902244612575,408.68249551951885
1d,81,81,0.5,,1.0,metropolis,custom,False,full,81,0.01,1e-05,5,1.0,1000,300,192,True,0.012124015259285192,-1.063544409973365,-1.0514203947140799,1.310229233838618,1.3606713493789235,0.006762751511160792,,0.22101109571815047,261.2488990807533,408.2014048136771
1d,81,81,1.0,,1.0,metropolis,custom,False,full,81,0.01,1e-05,1,1.0,1000,300,126,True,0.03359099173114366,-1.273319352957899,-1.2397283612267553,1.4103406593203545,1.4098855892196298,0.02260406193983422,,0.004024334012448004,177.64558424167336,422.96567676588893
1d,81,81,1.0,,1.0,metropolis,custom,False,full,81,0.01,1e-05,2,1.0,1000,300,121,True,0.03403333473247461,-1.273319352957899,-1.2392860182254244,1.421459798887372,1.4192453923324744,0.02120050993366207,,0.0020539089198129807,171.7286924722294,425.7736176997423
1d,81,81,1.0,,1.0,metropolis,custom,False,full,81,0.01,1e-05,3,1.0,1000,300,144,True,0.031574334099406354,-1.273319352957899,-1.2417450188584926,1.4191853875294327,1.4193514906490843,0.021977587811133015,,0.0011272042237706647,204.38661465346814,425.8054471947253
1d,81,81,1.0,,1.0,metropolis,custom,False,full,81,0.01,1e-05,4,1.0,1000,300,163,True,0.02867846151470288,-1.273319352957899,-1.2446408914431961,1.4172090154141188,1.4187607877453168,0.020381621655588544,,0.0016410705742424538,231.25800840248664,425.62823632359505
1d,81,81,1.0,,1.0,metropolis,custom,False,full,81,0.01,1e-05,5,1.0,1000,300,135,True,0.031134221868644785,-1.273319352957899,-1.2421851310892542,1.419900493696332,1.4186408594995736,0.020465537776136244,,0.002271602120778596,191.51651603244244,425.5922578498721
1d,81,81,2.0,,1.0,metropolis,custom,False,full,81,0.01,1e-05,1,1.0,1000,300,58,True,0.01607700855254457,-2.12708881994673,-2.1110118113941856,1.4239610686898232,1.4214395389705896,0.009148286714559806,,0.00929781294522221,82.4434932602942,426.4318616911769
1d,81,81,2.0,,1.0,metropolis,custom,False,full,81,0.01,1e-05,2,1.0,1000,300,48,True,0.018798482045066844,-2.12708881994673,-2.1082903379016633,1.424281319975853,1.4230893837039669,0.008750969202843795,,0.016887470004758296,68.3082904177904,426.9268151111901
1d,81,81,2.0,,1.0,metropolis,custom,False,full,81,0.01,1e-05,3,1.0,1000,300,52,True,0.01819178638842267,-2.12708881994673,-2.1088970335583075,1.4228107018396259,1.423200973495841,0.00911355810955028,,0.031155246079172624,74.00645062178374,426.9602920487523
1d,81,81,2.0,,1.0,metropolis,custom,False,full,81,0.01,1e-05,4,1.0,1000,300,52,True,0.018027205398362334,-2.12708881994673,-2.109061614548368,1.4227504612877966,1.4227315166468422,0.008846111111433075,,0.05727181194796202,73.98203886563579,426.81945499405265
1d,81,81,2.0,,1.0,metropolis,custom,False,full,81,0.01,1e-05,5,1.0,1000,300,56,True,0.017443617929927324,-2.12708881994673,-2.109645202016803,1.4230963738635183,1.4232743691901366,0.009208631867950068,,0.022116034134662503,79.70336467464764,426.982310757041
1d,81,81,3.044,,1.0,metropolis,custom,False,full,81,0.01,1e-05,1,1.0,1000,300,25,True,0.015821278522839766,-3.1266983597062743,-3.1108770811834345,1.426105172932148,1.4255251313000918,0.004334418761783532,,0.16371615617832397,35.638128282502294,427.6575393900276
1d,81,81,3.044,,1.0,metropolis,custom,False,full,81,0.01,1e-05,2,1.0,1000,300,23,True,0.016260286128734425,-3.1266983597062743,-3.11043807357754,1.4269678005948663,1.4258483924716712,0.004018928245745457,,0.08845965659676049,32.794513026848435,427.75451774150133
1d,81,81,3.044,,1.0,metropolis,custom,False,full,81,0.01,1e-05,3,1.0,1000,300,25,True,0.015687729440328813,-3.1266983597062743,-3.1110106302659455,1.42718724925071,1.4258258617669344,0.004096719173189101,,0.18475048169639788,35.64564654417336,427.7477585300803
1d,81,81,3.044,,1.0,metropolis,custom,False,full,81,0.01,1e-05,4,1.0,1000,300,23,True,0.016069850695478838,-3.1266983597062743,-3.1106285090107955,1.4273619320243598,1.4258990494161845,0.003890380695161788,,0.23813374894942133,32.79567813657224,427.7697148248553
1d,81,81,3.044,,1.0,metropolis,custom,False,full,81,0.01,1e-05,5,1.0,1000,300,27,True,0.01383301337876075,-3.1266983597062743,-3.1128653463275135,1.4270557407289743,1.4258512965465586,0.004152259486506882,,0.16083177856612016,38.497985006757084,427.75538896396756
2d,10,100,0.5,,1.0,gibbs,custom,False,full,100,0.0003,1e-05,1,1.0,1000,300,280,False,,,-0.6033688737400389,0.04008383061736822,0.047387052786846955,,,0.179962723593444,13.268374780317147,14.216115836054087
2d,10,100,0.5,,1.0,gibbs,custom,False,full,100,0.01,1e-05,1,1.0,1000,300,59,True,,,-2.029142878614981,0.047606738097965715,0.05282722294330597,,,0.683457115658453,3.116806153655052,15.84816688299179
2d,10,100,0.5,,1.0,gibbs,custom,False,full,100,0.01,1e-05,2,1.0,1000,300,62,True,,,-2.02913030173944,0.044694901630282405,0.04577841607232889,,,0.604704805935214,2.838261796484391,13.733524821698666
2d,10,100,0.5,,1.0,gibbs,custom,False,full,100,0.01,1e-05,3,1.0,1000,300,63,True,,,-2.0273800156216657,0.042919517122209074,0.04560908686369657,,,0.63819997756626,2.873372472412884,13.682726059108973
2d,10,100,0.5,,1.0,gibbs,custom,False,full,100,0.01,1e-05,4,1.0,1000,300,61,True,,,-2.0291670922745273,0.04527643099427223,0.04567429708937804,,,0.603249483305933,2.7861321224520608,13.702289126813413
2d,10,100,0.5,,1.0,gibbs,custom,False,full,100,0.01,1e-05,5,1.0,1000,300,60,True,,,-2.0290425588964407,0.047119544446468355,0.045201219754914444,,,0.6497199389828643,2.7120731852948667,13.560365926474333
2d,10,100,1.0,,1.0,gibbs,custom,False,full,100,0.0003,1e-05,1,1.0,1000,300,280,False,,,-1.0951459226726432,0.038248082250356676,0.042455041110515596,,,0.3558007838559598,11.887411510944366,12.736512333154678
2d,10,100,1.0,,1.0,gibbs,custom,False,full,100,0.01,1e-05,1,1.0,1000,300,62,True,,,-2.1232065127837543,0.04654151741415262,0.04672020877401034,,,0.23234899318884925,2.896652943988641,14.016062632203102
2d,10,100,1.0,,1.0,gibbs,custom,False,full,100,0.01,1e-05,2,1.0,1000,300,66,True,,,-2.1227942059874216,0.04482925329357386,0.047227145060896876,,,0.2248132908585991,3.116991574019194,14.168143518269062
2d,10,100,1.0,,1.0,gibbs,custom,False,full,100,0.01,1e-05,3,1.0,1000,300,61,True,,,-2.1231548388519768,0.043964996561408044,0.04631747659295797,,,0.22231141149839267,2.825366072170436,13.895242977887392
2d,10,100,1.0,,1.0,gibbs,custom,False,full,100,0.01,1e-05,4,1.0,1000,300,61,True,,,-2.123122258766941,0.04904304724186659,0.04687932488818963,,,0.2078040076203514,2.8596388181795676,14.06379746645689
2d,10,100,1.0,,1.0,gibbs,custom,False,full,100,0.01,1e-05,5,1.0,1000,300,64,True,,,-2.123257920346089,0.04616147745400667,0.047490285560488704,,,0.19079147358427698,3.039378275871277,14.247085668146612
2d,10,100,2.0,,1.0,gibbs,custom,False,full,100,0.0003,1e-05,1,1.0,1000,300,280,False,,,-2.0811547277829647,0.0423924908041954,0.04361227824042241,,,0.2793241805435198,12.211437907318274,13.083683472126722
2d,10,100,2.0,,1.0,gibbs,custom,False,full,100,0.01,1e-05,1,1.0,1000,300,72,True,,,-2.5037922066084244,0.048205314017832276,0.046899897418916224,,,0.0018355905609532706,3.376792614161968,14.069969225674868
2d,10,100,2.0,,1.0,gibbs,custom,False,full,100,0.01,1e-05,2,1.0,1000,300,77,True,,,-2.5035054442882982,0.04863290693610907,0.04699475112060706,,,0.003176418176380527,3.618595836286744,14.098425336182117
2d,10,100,2.0,,1.0,gibbs,custom,False,full,100,0.01,1e-05,3,1.0,1000,300,71,True,,,-2.5029526214292277,0.04323595501482487,0.047055298661192256,,,0.0041111271288007565,3.34092620494465,14.116589598357677
2d,10,100,2.0,,1.0,gibbs,custom,False,full,100,0.01,1e-05,4,1.0,1000,300,74,True,,,-2.5038156622846803,0.04880671799182892,0.04737782068550587,,,0.0017242121475456727,3.5059587307274342,14.21334620565176
2d,10,100,2.0,,1.0,gibbs,custom,False,full,100,0.01,1e-05,5,1.0,1000,300,71,True,,,-2.504034429351252,0.04439765531569719,0.04768620854864518,,,0.0027713482002802515,3.385720806953808,14.305862564593554
2d,10,100,3.044,,1.0,gibbs,custom,False,full,100,0.0003,1e-05,1,1.0,1000,300,45,True,,,-3.0568192347240863,0.040310394018888474,0.04268702714393536,,,0.40343315186875306,1.9209162214770912,12.806108143180607
2d,10,100,3.044,,1.0,gibbs,custom,False,full,100,0.01,1e-05,1,1.0,1000,300,45,True,,,-3.199823617003967,0.045561200194060805,0.04699520748108625,,,0.003167325978106392,2.1147843366488814,14.098562244325876
2d,10,100,3.044,,1.0,gibbs,custom,False,full,100,0.01,1e-05,2,1.0,1000,300,54,True,,,-3.2028353605290283,0.043660081923007965,0.04631285231560469,,,0.002780752436088361,2.5008940250426535,13.893855694681408
2d,10,100,3.044,,1.0,gibbs,custom,False,full,100,0.01,1e-05,3,1.0,1000,300,56,True,,,-3.2046312729934727,0.04148783553391695,0.046220358510812125,,,0.004688273085956708,2.588340076605479,13.866107553243637
2d,10,100,3.044,,1.0,gibbs,custom,False,full,100,0.01,1e-05,4,1.0,1000,300,46,True,,,-3.199286018473639,0.04447755366563797,0.04643646188080311,,,0.0023548974818123776,2.136077246516943,13.930938564240932
2d,10,100,3.044,,1.0,gibbs,custom,False,full,100,0.01,1e-05,5,1.0,1000,300,42,True,,,-3.1983162297848646,0.04287312906235456,0.04525858938694,,,0.002381003921921705,1.9008607542514802,13.577576816082
2d,10,100,0.5,,1.0,lsb,custom,True,full,100,0.0003,1e-05,1,1.0,1000,300,280,False,,,-1.2583968161129042,0.052026976458728315,0.051136633406082786,,,0.014494689275454754,14.31825735370318,15.340990021824837
2d,10,100,0.5,,1.0,lsb,custom,True,full,100,0.01,1e-05,1,1.0,1000,300,200,True,,,-2.0260649595471123,0.05233041495084763,0.05156532672544321,,,0.9124586670197012,10.313065345088642,15.469598017632961
2d,10,100,0.5,,1.0,lsb,custom,True,full,100,0.01,1e-05,2,1.0,1000,300,218,True,,,-2.027824759878297,0.050537355802953245,0.05099313302586476,,,0.9280816846223714,11.116502999638517,15.297939907759428
2d,10,100,0.5,,1.0,lsb,custom,True,full,100,0.01,1e-05,3,1.0,1000,300,214,True,,,-2.0238760292087066,0.050451721623539926,0.05135090845326583,,,0.9407995014947071,10.989094408998888,15.405272535979748
2d,10,100,0.5,,1.0,lsb,custom,True,full,100,0.01,1e-05,4,1.0,1000,300,207,True,,,-2.023272619660491,0.054831459559500216,0.05211723214636246,,,0.9307263266582348,10.78826705429703,15.635169643908739
2d,10,100,0.5,,1.0,lsb,custom,True,full,100,0.01,1e-05,5,1.0,1000,300,214,True,,,-2.022702641222159,0.05251304283738136,0.05145184295872847,,,0.9162100712187731,11.010694393167892,15.43555288761854
2d,10,100,1.0,,1.0,lsb,custom,True,full,100,0.0003,1e-05,1,1.0,1000,300,280,False,,,-1.6713407969863805,0.05087248757481575,0.05130962693442901,,,0.04585528879934055,14.366695541640123,15.392888080328703
2d,10,100,1.0,,1.0,lsb,custom,True,full,100,0.01,1e-05,1,1.0,1000,300,170,True,,,-2.125246678510501,0.05249319728463888,0.05176626310994228,,,0.7358052289790192,8.800264728690188,15.529878932982683
2d,10,100,1.0,,1.0,lsb,custom,True,full,100,0.01,1e-05,2,1.0,1000,300,174,True,,,-2.1199187226449467,0.055384425818920134,0.05144872561097145,,,0.7776416868805709,8.952078256309031,15.434617683291433
2d,10,100,1.0,,1.0,lsb,custom,True,full,100,0.01,1e-05,3,1.0,1000,300,182,True,,,-2.126942776339009,0.05169234350323677,0.05177176484217246,,,0.7354836848932341,9.422461201275388,15.53152945265174
2d,10,100,1.0,,1.0,lsb,custom,True,full,100,0.01,1e-05,4,1.0,1000,300,176,True,,,-2.118692444049021,0.05196643155068159,0.052863041311502455,,,0.7882925758264963,9.303895270824432,15.858912393450737
2d,10,100,1.0,,1.0,lsb,custom,True,full,100,0.01,1e-05,5,1.0,1000,300,176,True,,,-2.1226326112580316,0.05637083221226931,0.051001161647339664,,,0.7679339376962068,8.976204449931782,15.300348494201899
2d,10,100,2.0,,1.0,lsb,custom,True,full,100,0.0003,1e-05,1,1.0,1000,300,280,False,,,-2.5284565648229043,0.05097796097397804,0.051095872409641745,,,0.05755695166741969,14.306844274699689,15.328761722892523
2d,10,100,2.0,,1.0,lsb,custom,True,full,100,0.01,1e-05,1,1.0,1000,300,63,True,,,-2.469449463593496,0.0506878899410367,0.05121774595230818,,,0.11442767265774917,3.2267179949954152,15.365323785692453
2d,10,100,2.0,,1.0,lsb,custom,True,full,100,0.01,1e-05,2,1.0,1000,300,66,True,,,-2.463337922632106,0.050295220129191874,0.050583965207139654,,,0.12219391653478676,3.338541703671217,15.175189562141897
2d,10,100,2.0,,1.0,lsb,custom,True,full,100,0.01,1e-05,3,1.0,1000,300,66,True,,,-2.458351582480193,0.05062785502523184,0.050765117754538854,,,0.14504364915993226,3.3504977717995645,15.229535326361656
2d,10,100,2.0,,1.0,lsb,custom,True,full,100,0.01,1e-05,4,1.0,1000,300,65,True,,,-2.4582014515529225,0.051472973078489304,0.05182692745079597,,,0.13926007257373604,3.368750284301738,15.548078235238792
2d,10,100,2.0,,1.0,lsb,custom,True,full,100,0.01,1e-05,5,1.0,1000,300,70,True,,,-2.460204152797681,0.05064706224948168,0.050868152777353924,,,0.1403926394858618,3.560770694414775,15.260445833206177
2d,10,100,3.044,,1.0,lsb,custom,True,full,100,0.0003,1e-05,1,1.0,1000,300,280,False,,,-3.4585506261598917,0.05108757670968771,0.050816261321306226,,,0.06327017102641158,14.228553169965743,15.244878396391869
2d,10,100,3.044,,1.0,lsb,custom,True,full,100,0.01,1e-05,1,1.0,1000,300,71,True,,,-3.253895554215724,0.05125916451215744,0.05114836789667607,,,0.0017199537000876645,3.631534120664001,15.34451036900282
2d,10,100,3.044,,1.0,lsb,custom,True,full,100,0.01,1e-05,2,1.0,1000,300,84,True,,,-3.236028216042456,0.050479333847761154,0.051337052670617896,,,0.001597117972382607,4.312312424331903,15.40111580118537
2d,10,100,3.044,,1.0,lsb,custom,True,full,100,0.01,1e-05,3,1.0,1000,300,74,True,,,-3.240934267830588,0.05023530796170235,0.05080096098283927,,,0.002407011167192803,3.7592711127301057,15.24028829485178
2d,10,100,3.044,,1.0,lsb,custom,True,full,100,0.01,1e-05,4,1.0,1000,300,79,True,,,-3.2387995126730935,0.051630761846899985,0.050926343065996964,,,0.001552593479782083,4.02318110221376,15.27790291979909
2d,10,100,3.044,,1.0,lsb,custom,True,full,100,0.01,1e-05,5,1.0,1000,300,79,True,,,-3.2415034580667275,0.051256145164370534,0.05167544269313415,,,0.0015260279865600748,4.082359972757597,15.502632807940245
2d,10,100,0.5,,1.0,metropolis,custom,False,full,100,0.01,1e-05,1,1.0,1000,300,61,True,,,-2.029156562555125,1.7273314025253057,1.6891263312101363,,,0.63587864901351,103.03670620381831,506.7378993630409
2d,10,100,0.5,,1.0,metropolis,custom,False,full,100,0.01,1e-05,2,1.0,1000,300,60,True,,,-2.0289214530920434,1.6087315060198306,1.7157032381370663,,,0.650987609919001,102.94219428822397,514.7109714411199
2d,10,100,0.5,,1.0,metropolis,custom,False,full,100,0.01,1e-05,3,1.0,1000,300,62,True,,,-2.0292175545689353,1.6761779632419347,1.6801941199228168,,,0.6700575841165217,104.17203543521464,504.058235976845
2d,10,100,0.5,,1.0,metropolis,custom,False,full,100,0.01,1e-05,4,1.0,1000,300,60,True,,,-2.029011324108292,1.6456207862123846,1.6654102988044421,,,0.6811732450061607,99.92461792826653,499.6230896413326
2d,10,100,0.5,,1.0,metropolis,custom,False,full,100,0.01,1e-05,5,1.0,1000,300,60,True,,,-2.0288273060545894,1.5870085256174207,1.6583204371233782,,,0.6199187650598631,99.49922622740269,497.49613113701344
2d,10,100,1.0,,1.0,metropolis,custom,False,full,100,0.01,1e-05,1,1.0,1000,300,64,True,,,-2.1231399928223285,1.9830276634544135,2.074179828427732,,,0.18815942991330517,132.74750901937486,622.2539485283197
2d,10,100,1.0,,1.0,metropolis,custom,False,full,100,0.01,1e-05,2,1.0,1000,300,65,True,,,-2.1228578086352625,1.841495238058269,1.905564701979359,,,0.22913250780502797,123.86170562865833,571.6694105938077
2d,10,100,1.0,,1.0,metropolis,custom,False,full,100,0.01,1e-05,3,1.0,1000,300,60,True,,,-2.1230319614825097,1.7583403412252665,1.8089531816417972,,,0.20745343115677622,108.53719089850783,542.6859544925392
2d,10,100,1.0,,1.0,metropolis,custom,False,full,100,0.01,1e-05,4,1.0,1000,300,63,True,,,-2.1227834966927013,1.7710800308734178,1.804615562868615,,,0.19364627474174506,113.69078046072273,541.3846688605845
2d,10,100,1.0,,1.0,metropolis,custom,False,full,100,0.01,1e-05,5,1.0,1000,300,63,True,,,-2.123017953914511,1.7175789803266526,1.8078978746632735,,,0.20328747167703035,113.89756610378623,542.369362398982
2d,10,100,2.0,,1.0,metropolis,custom,False,full,100,0.01,1e-05,1,1.0,1000,300,70,True,,,-2.503411844144719,2.1885546365752817,2.2009542835503817,,,0.0030910181699753763,154.06679984852673,660.2862850651145
2d,10,100,2.0,,1.0,metropolis,custom,False,full,100,0.01,1e-05,2,1.0,1000,300,78,True,,,-2.5035402712223904,2.179748438112438,2.202953100986779,,,0.0026246374961285367,171.83034187696876,660.8859302960336
2d,10,100,2.0,,1.0,metropolis,custom,False,full,100,0.01,1e-05,3,1.0,1000,300,72,True,,,-2.5039398642558752,2.1652884159237145,2.192230528357128,,,0.0031605893866948225,157.84059804171324,657.6691585071385
2d,10,100,2.0,,1.0,metropolis,custom,False,full,100,0.01,1e-05,4,1.0,1000,300,73,True,,,-2.5033283835110263,2.142464349977672,2.1831975076099237,,,0.003588739381238792,159.37341805552444,654.9592522829771
2d,10,100,2.0,,1.0,metropolis,custom,False,full,100,0.01,1e-05,5,1.0,1000,300,75,True,,,-2.5046515188331777,2.1666429882869123,2.1973895274102686,,,0.002376747347982779,164.80421455577016,659.2168582230806
2d,10,100,3.044,,1.0,metropolis,custom,False,full,100,0.01,1e-05,1,1.0,1000,300,47,True,,,-3.2014219621597304,2.281920229643583,2.281481213743488,,,0.002958398209320031,107.22961704594394,684.4443641230464
2d,10,100,3.044,,1.0,metropolis,custom,False,full,100,0.01,1e-05,2,1.0,1000,300,47,True,,,-3.2007759735096024,2.266190774925053,2.2648895361771184,,,0.0065850217111730345,106.44980820032457,679.4668608531355
2d,10,100,3.044,,1.0,metropolis,custom,False,full,100,0.01,1e-05,3,1.0,1000,300,46,True,,,-3.2001774481162952,2.264739632420242,2.265038746756812,,,0.002717243107788471,104.19178235081336,679.5116240270436
2d,10,100,3.044,,1.0,metropolis,custom,False,full,100,0.01,1e-05,4,1.0,1000,300,50,True,,,-3.2019753560494246,2.2658850779756903,2.265292580462992,,,0.0019263722253682251,113.2646290231496,679.5877741388975
2d,10,100,3.044,,1.0,metropolis,custom,False,full,100,0.01,1e-05,5,1.0,1000,300,47,True,,,-3.200111986936738,2.2659053245559333,2.265095406236748,,,0.003233304007072238,106.45948409312714,679.5286218710244
2d,11,121,0.5,,1.0,gibbs,custom,False,full,121,0.0003,1e-05,1,1.0,1000,300,280,False,,,-0.5629492832720111,0.04061208236962557,0.04547235544770956,,,0.2724764618081743,12.732259525358678,13.641706634312868
2d,11,121,0.5,,1.0,gibbs,custom,False,full,121,0.01,1e-05,1,1.0,1000,300,68,True,,,-2.0289857964815208,0.04943780601024628,0.04838288776576519,,,0.4698828918025575,3.2900363680720326,14.514866329729555
2d,11,121,0.5,,1.0,gibbs,custom,False,full,121,0.01,1e-05,2,1.0,1000,300,69,True,,,-2.028946024193732,0.05198365077376366,0.04858562011271715,,,0.4330048400364626,3.3524077877774836,14.575686033815145
2d,11,121,0.5,,1.0,gibbs,custom,False,full,121,0.01,1e-05,3,1.0,1000,300,63,True,,,-2.029374989191381,0.04633994493633509,0.04794729108611743,,,0.5888117863100475,3.020679338425398,14.384187325835228
2d,11,121,0.5,,1.0,gibbs,custom,False,full,121,0.01,1e-05,4,1.0,1000,300,67,True,,,-2.029224128812706,0.04876079931855202,0.048685717880725864,,,0.5904103881771375,3.261943098008633,14.60571536421776
2d,11,121,0.5,,1.0,gibbs,custom,False,full,121,0.01,1e-05,5,1.0,1000,300,71,True,,,-2.026288558175189,0.044166824966669085,0.04752456134806077,,,0.5364510405756316,3.3742438557123147,14.25736840441823
2d,11,121,1.0,,1.0,gibbs,custom,False,full,121,0.0003,1e-05,1,1.0,1000,300,280,False,,,-1.0594416990623925,0.04212744105607271,0.04425695914775133,,,0.45133858504010255,12.391948561370372,13.2770877443254
2d,11,121,1.0,,1.0,gibbs,custom,False,full,121,0.01,1e-05,1,1.0,1000,300,70,True,,,-2.1226302085718394,0.044411941431462765,0.04684608011196057,,,0.12689995313381475,3.27922560783724,14.053824033588171
2d,11,121,1.0,,1.0,gibbs,custom,False,full,121,0.01,1e-05,2,1.0,1000,300,74,True,,,-2.1229902596775476,0.04695254061371088,0.04838065552214781,,,0.12098048163735568,3.580168508638938,14.514196656644344
2d,11,121,1.0,,1.0,gibbs,custom,False,full,121,0.01,1e-05,3,1.0,1000,300,64,True,,,-2.1229337543263216,0.04372910168021917,0.049497620202600956,,,0.16857772384208633,3.167847692966461,14.849286060780287
2d,11,121,1.0,,1.0,gibbs,custom,False,full,121,0.01,1e-05,4,1.0,1000,300,70,True,,,-2.122999663061127,0.04543719179928303,0.04841141471018394,,,0.12850321559702932,3.388799029712876,14.523424413055182
2d,11,121,1.0,,1.0,gibbs,custom,False,full,121,0.01,1e-05,5,1.0,1000,300,70,True,,,-2.1230457683321546,0.04448986556380987,0.04895916981001695,,,0.1599887798532299,3.427141886701187,14.687750943005087
2d,11,121,2.0,,1.0,gibbs,custom,False,full,121,0.0003,1e-05,1,1.0,1000,300,280,False,,,-2.0530684573645726,0.04395314212888479,0.04666098811974128,,,0.4510920445052919,13.065076673527559,13.998296435922384
2d,11,121,2.0,,1.0,gibbs,custom,False,full,121,0.01,1e-05,1,1.0,1000,300,81,True,,,-2.5032596204046804,0.050345740653574465,0.04968241843084494,,,0.005215825564468878,4.02427589289844,14.904725529253483
2d,11,121,2.0,,1.0,gibbs,custom,False,full,121,0.01,1e-05,2,1.0,1000,300,84,True,,,-2.5034465201603444,0.046377852000296114,0.04835643378396829,,,0.0012029874319344558,4.061940437853337,14.506930135190487
2d,11,121,2.0,,1.0,gibbs,custom,False,full,121,0.01,1e-05,3,1.0,1000,300,74,True,,,-2.503649925057947,0.043234411627054214,0.04806403926263253,,,0.0029537038452948886,3.5567389054348073,14.419211778789759
2d,11,121,2.0,,1.0,gibbs,custom,False,full,121,0.01,1e-05,4,1.0,1000,300,82,True,,,-2.5033353277647246,0.048447857797145846,0.04864640007416407,,,0.004548385353495297,3.9890048060814536,14.593920022249222
2d,11,121,2.0,,1.0,gibbs,custom,False,full,121,0.01,1e-05,5,1.0,1000,300,82,True,,,-2.5029157817674355,0.04776596706360579,0.04810481785486142,,,0.009596875031712561,3.9445950640986363,14.431445356458426
2d,11,121,3.044,,1.0,gibbs,custom,False,full,121,0.0003,1e-05,1,1.0,1000,300,30,True,,,-3.0499444819353423,0.04591851457953453,0.04460735436528921,,,0.5628597484763154,1.3382206309586764,13.382206309586763
2d,11,121,3.044,,1.0,gibbs,custom,False,full,121,0.01,1e-05,1,1.0,1000,300,55,True,,,-3.1930891514423214,0.04612580668181181,0.04998608366896709,,,0.004728839992917907,2.74923460179319,14.995825100690126
2d,11,121,3.044,,1.0,gibbs,custom,False,full,121,0.01,1e-05,2,1.0,1000,300,58,True,,,-3.1941968961392724,0.04645568523555994,0.04918515659868717,,,0.0019116420312548974,2.852739082723856,14.755546979606152
2d,11,121,3.044,,1.0,gibbs,custom,False,full,121,0.01,1e-05,3,1.0,1000,300,60,True,,,-3.195342875124883,0.04629452787339687,0.04754524517804384,,,0.0019516948848086679,2.8527147106826307,14.263573553413153
2d,11,121,3.044,,1.0,gibbs,custom,False,full,121,0.01,1e-05,4,1.0,1000,300,60,True,,,-3.1945591422117348,0.04675732832401991,0.04793667895098527,,,0.003360351152440851,2.8762007370591163,14.381003685295582
2d,11,121,3.044,,1.0,gibbs,custom,False,full,121,0.01,1e-05,5,1.0,1000,300,63,True,,,-3.196011179732902,0.047459655441343784,0.05044699647774299,,,0.0010407554745726275,3.1781607780978085,15.134098943322897
2d,11,121,0.5,,1.0,lsb,custom,True,full,121,0.0003,1e-05,1,1.0,1000,300,280,False,,,-1.1384059880980046,0.06084815431386233,0.060782157542804874,,,0.017727295601277136,17.019004111985364,18.234647262841463
2d,11,121,0.5,,1.0,lsb,custom,True,full,121,0.01,1e-05,1,1.0,1000,300,230,True,,,-2.0238059874094096,0.06123543158173561,0.06126449196288983,,,0.892278641522383,14.090833151464661,18.37934758886695
2d,11,121,0.5,,1.0,lsb,custom,True,full,121,0.01,1e-05,2,1.0,1000,300,200,True,,,-2.0215748253822357,0.061331743374466896,0.06059932246804237,,,0.9216515849401439,12.119864493608475,18.179796740412712
2d,11,121,0.5,,1.0,lsb,custom,True,full,121,0.01,1e-05,3,1.0,1000,300,199,True,,,-2.020729861241666,0.06194545682519674,0.060982553934057555,,,0.8909063642510684,12.135528232877453,18.294766180217266
2d,11,121,0.5,,1.0,lsb,custom,True,full,121,0.01,1e-05,4,1.0,1000,300,218,True,,,-2.0222871371425772,0.06065577361732721,0.06056174000104268,,,0.8458638712877715,13.202459320227305,18.168522000312805
2d,11,121,0.5,,1.0,lsb,custom,True,full,121,0.01,1e-05,5,1.0,1000,300,219,True,,,-2.0245653714420397,0.06016671247780323,0.06062918613354365,,,0.9169346499921299,13.277791763246059,18.188755840063095
2d,11,121,1.0,,1.0,lsb,custom,True,full,121,0.0003,1e-05,1,1.0,1000,300,280,False,,,-1.5665685745391342,0.061646129190921786,0.06094243638217449,,,0.013209401661888283,17.063882187008858,18.282730914652348
2d,11,121,1.0,,1.0,lsb,custom,True,full,121,0.01,1e-05,1,1.0,1000,300,203,True,,,-2.1356538139224734,0.061728581227362155,0.061077429081002874,,,0.6532086893787705,12.398718103443583,18.32322872430086
2d,11,121,1.0,,1.0,lsb,custom,True,full,121,0.01,1e-05,2,1.0,1000,300,183,True,,,-2.1305677506039387,0.059681203216314316,0.060458570594588916,,,0.6568423531017884,11.063918418809772,18.137571178376675
2d,11,121,1.0,,1.0,lsb,custom,True,full,121,0.01,1e-05,3,1.0,1000,300,178,True,,,-2.1278605351070143,0.06008555199950934,0.060775316779812176,,,0.6439349030375303,10.818006386806568,18.232595033943653
2d,11,121,1.0,,1.0,lsb,custom,True,full,121,0.01,1e-05,4,1.0,1000,300,188,True,,,-2.13040681884005,0.060932443290948865,0.060758626498281953,,,0.6772993407546891,11.422621781677007,18.227587949484587
2d,11,121,1.0,,1.0,lsb,custom,True,full,121,0.01,1e-05,5,1.0,1000,300,186,True,,,-2.1231227470770317,0.06080855913460255,0.060908060520887375,,,0.7071188258739122,11.328899256885052,18.272418156266212
2d,11,121,2.0,,1.0,lsb,custom,True,full,121,0.0003,1e-05,1,1.0,1000,300,280,False,,,-2.4521610290379896,0.061162582226097585,0.06084667695065339,,,0.08284632941502264,17.03706954618295,18.254003085196018
2d,11,121,2.0,,1.0,lsb,custom,True,full,121,0.01,1e-05,1,1.0,1000,300,83,True,,,-2.468785455309434,0.061027131229639056,0.06069838059445222,,,0.019987734654850244,5.037965589339534,18.209514178335667
2d,11,121,2.0,,1.0,lsb,custom,True,full,121,0.01,1e-05,2,1.0,1000,300,74,True,,,-2.476039627894209,0.0592989195138216,0.0604768344014883,,,0.03516739030589267,4.475285745710134,18.14305032044649
2d,11,121,2.0,,1.0,lsb,custom,True,full,121,0.01,1e-05,3,1.0,1000,300,73,True,,,-2.4791943944479424,0.06227323729544878,0.060844446221987404,,,0.02512970994514469,4.44164457420508,18.253333866596222
2d,11,121,2.0,,1.0,lsb,custom,True,full,121,0.01,1e-05,4,1.0,1000,300,72,True,,,-2.4730175367612195,0.060168982669711116,0.06035527956982454,,,0.006106867639036161,4.345580129027367,18.10658387094736
2d,11,121,2.0,,1.0,lsb,custom,True,full,121,0.01,1e-05,5,1.0,1000,300,76,True,,,-2.475547957793537,0.0605766674503684,0.0609024199595054,,,0.06814228687994864,4.62858391692241,18.27072598785162
2d,11,121,3.044,,1.0,lsb,custom,True,full,121,0.0003,1e-05,1,1.0,1000,300,280,False,,,-3.405855343982517,0.06041771695017815,0.06077176664024592,,,0.14257462509826244,17.016094659268855,18.231529992073774
2d,11,121,3.044,,1.0,lsb,custom,True,full,121,0.01,1e-05,1,1.0,1000,300,83,True,,,-3.2433530704600115,0.06098223403096199,0.061115933060646055,,,0.002515908440922072,5.072622444033622,18.334779918193817
2d,11,121,3.044,,1.0,lsb,custom,True,full,121,0.01,1e-05,2,1.0,1000,300,82,True,,,-3.2475119418336695,0.0599778076633811,0.06088232448945443,,,0.0012018406543684542,4.992350608135263,18.26469734683633
2d,11,121,3.044,,1.0,lsb,custom,True,full,121,0.01,1e-05,3,1.0,1000,300,82,True,,,-3.251921391872203,0.061405273340642455,0.06134867489337921,,,0.0012502124735021816,5.030591341257095,18.404602468013763
2d,11,121,3.044,,1.0,lsb,custom,True,full,121,0.01,1e-05,4,1.0,1000,300,77,True,,,-3.2556277471573987,0.06112429592758417,0.06040531903505325,,,0.003522709162994265,4.651209565699101,18.121595710515976
2d,11,121,3.044,,1.0,lsb,custom,True,full,121,0.01,1e-05,5,1.0,1000,300,81,True,,,-3.2495186230035777,0.06111783180385828,0.06053807663420836,,,0.0013615159172779441,4.903584207370877,18.16142299026251
2d,11,121,0.5,,1.0,metropolis,custom,False,full,121,0.01,1e-05,1,1.0,1000,300,70,True,,,-2.0290732827869205,2.1392933718860148,2.134052008179327,,,0.499889702466873,149.3836405725529,640.2156024537982
2d,11,121,0.5,,1.0,metropolis,custom,False,full,121,0.01,1e-05,2,1.0,1000,300,81,True,,,-2.0292780221910824,2.088803833164275,2.163452240539094,,,0.5563880272394358,175.2396314836666,649.0356721617281
2d,11,121,0.5,,1.0,metropolis,custom,False,full,121,0.01,1e-05,3,1.0,1000,300,63,True,,,-2.029002416785287,2.0358365129679443,2.101433238511284,,,0.5914094856015986,132.3902940262109,630.4299715533853
2d,11,121,0.5,,1.0,metropolis,custom,False,full,121,0.01,1e-05,4,1.0,1000,300,78,True,,,-2.0290311076237835,2.1076409090310335,2.19089084610343,,,0.6000293786356671,170.88948599606755,657.267253831029
2d,11,121,0.5,,1.0,metropolis,custom,False,full,121,0.01,1e-05,5,1.0,1000,300,67,True,,,-2.0290761056625826,2.127016002871096,2.127670508486529,,,0.5217208524960655,142.55392406859744,638.3011525459588
2d,11,121,1.0,,1.0,metropolis,custom,False,full,121,0.01,1e-05,1,1.0,1000,300,68,True,,,-2.123066279784312,2.150821785442531,2.3196394283821187,,,0.11937879224578836,157.73548112998407,695.8918285146356
2d,11,121,1.0,,1.0,metropolis,custom,False,full,121,0.01,1e-05,2,1.0,1000,300,71,True,,,-2.1230187570233627,2.2523913921788337,2.3475828749810654,,,0.12320931297516596,166.67838412365563,704.2748624943197
2d,11,121,1.0,,1.0,metropolis,custom,False,full,121,0.01,1e-05,3,1.0,1000,300,66,True,,,-2.1233438780158105,2.0729832895100118,2.2782971645270784,,,0.14127473245807784,150.36761285878717,683.4891493581235
2d,11,121,1.0,,1.0,metropolis,custom,False,full,121,0.01,1e-05,4,1.0,1000,300,75,True,,,-2.122824479805936,2.441832437738776,2.3091282469779255,,,0.14565731914739996,173.18461852334443,692.7384740933777
2d,11,121,1.0,,1.0,metropolis,custom,False,full,121,0.01,1e-05,5,1.0,1000,300,67,True,,,-2.1231843420456866,2.3389691464602946,2.2831856948385636,,,0.13345499986647646,152.97344155418375,684.9557084515691
2d,11,121,2.0,,1.0,metropolis,custom,False,full,121,0.01,1e-05,1,1.0,1000,300,79,True,,,-2.503326533196664,2.7486975237727167,2.754886893269916,,,0.0033813339160587595,217.63606456832338,826.4660679809749
2d,11,121,2.0,,1.0,metropolis,custom,False,full,121,0.01,1e-05,2,1.0,1000,300,87,True,,,-2.5024167190850144,2.72666654586792,2.759790481229623,,,0.005956790290876611,240.1017718669772,827.937144368887
2d,11,121,2.0,,1.0,metropolis,custom,False,full,121,0.01,1e-05,3,1.0,1000,300,80,True,,,-2.5029100445986083,2.7861997770145535,2.774446374202768,,,0.0012758230541870912,221.95570993622144,832.3339122608304
2d,11,121,2.0,,1.0,metropolis,custom,False,full,121,0.01,1e-05,4,1.0,1000,300,80,True,,,-2.5031133336431166,2.765627458319068,2.769714243362347,,,0.0025962786314637424,221.57713946898778,830.9142730087042
2d,11,121,2.0,,1.0,metropolis,custom,False,full,121,0.01,1e-05,5,1.0,1000,300,78,True,,,-2.5030231482159624,2.7199978590011598,2.7465868831425904,,,0.001266444807467563,214.23377688512204,823.9760649427772
2d,11,121,3.044,,1.0,metropolis,custom,False,full,121,0.01,1e-05,1,1.0,1000,300,53,True,,,-3.1919072834350777,2.809244152344763,2.8095672030871115,,,0.005705950300651208,148.90706176361692,842.8701609261334
2d,11,121,3.044,,1.0,metropolis,custom,False,full,121,0.01,1e-05,2,1.0,1000,300,63,True,,,-3.1952438228219284,2.809296928718686,2.8091169866671164,,,0.004579387547076207,176.97437016002834,842.735096000135
2d,11,121,3.044,,1.0,metropolis,custom,False,full,121,0.01,1e-05,3,1.0,1000,300,61,True,,,-3.1952069556491836,2.809077005647123,2.8093875466038782,,,0.003617252495140964,171.37264034283658,842.8162639811635
2d,11,121,3.044,,1.0,metropolis,custom,False,full,121,0.01,1e-05,4,1.0,1000,300,56,True,,,-3.1935255441882044,2.80929458308965,2.8095482551927367,,,0.0010033699247760717,157.33470229079325,842.864476557821
2d,11,121,3.044,,1.0,metropolis,custom,False,full,121,0.01,1e-05,5,1.0,1000,300,53,True,,,-3.192351328118769,2.809396355599165,2.8093753428384662,,,0.00173001819829246,148.89689317043872,842.8126028515399
2d,12,144,0.5,,1.0,gibbs,custom,False,full,144,0.0003,1e-05,1,1.0,1000,300,280,False,,,-0.5429657537115735,0.055335580743849276,0.05908267048497995,,,0.6736809086469552,16.543147735794385,17.724801145493984
2d,12,144,0.5,,1.0,gibbs,custom,False,full,144,0.01,1e-05,1,1.0,1000,300,79,True,,,-2.029453799134919,0.05737488903105259,0.058512283029655617,,,0.5090129894700796,4.622470359342794,17.553684908896685
2d,12,144,0.5,,1.0,gibbs,custom,False,full,144,0.01,1e-05,2,1.0,1000,300,131,True,,,-1.686202664664528,0.055530676431953904,0.05821016946186622,,,0.13933129965569913,7.625532199504475,17.463050838559866
2d,12,144,0.5,,1.0,gibbs,custom,False,full,144,0.01,1e-05,3,1.0,1000,300,69,True,,,-2.028961798081917,0.0594111243262887,0.05911963017036517,,,0.5528703164512414,4.079254481755197,17.735889051109552
2d,12,144,0.5,,1.0,gibbs,custom,False,full,144,0.01,1e-05,4,1.0,1000,300,71,True,,,-2.029207020644339,0.05619528740644455,0.05966191524018844,,,0.5069318703142935,4.235995982053379,17.898574572056532
2d,12,144,0.5,,1.0,gibbs,custom,False,full,144,0.01,1e-05,5,1.0,1000,300,84,True,,,-2.029323566766268,0.05462842471897602,0.05860435362905264,,,0.527150276056153,4.922765704840422,17.58130608871579
2d,12,144,1.0,,1.0,gibbs,custom,False,full,144,0.0003,1e-05,1,1.0,1000,300,280,False,,,-1.0413747579012007,0.05831315722316503,0.05913495263705651,,,0.6649017392403787,16.55778673837582,17.740485791116953
2d,12,144,1.0,,1.0,gibbs,custom,False,full,144,0.01,1e-05,1,1.0,1000,300,83,True,,,-2.1228288116413294,0.05651930365711451,0.05937977246940136,,,0.11945419766200349,4.928521114960313,17.813931740820408
2d,12,144,1.0,,1.0,gibbs,custom,False,full,144,0.01,1e-05,2,1.0,1000,300,169,True,,,-2.1242206495994855,0.05542134717106819,0.05835565753281116,,,0.09294713143125626,9.862106123045086,17.50669725984335
2d,12,144,1.0,,1.0,gibbs,custom,False,full,144,0.01,1e-05,3,1.0,1000,300,74,True,,,-2.123175399043592,0.05526917260140181,0.05851717621088028,,,0.08162278019769383,4.330271039605141,17.555152863264084
2d,12,144,1.0,,1.0,gibbs,custom,False,full,144,0.01,1e-05,4,1.0,1000,300,71,True,,,-2.1230451797882504,0.05654261615127325,0.057907775168617566,,,0.10624835454894663,4.111452036971847,17.37233255058527
2d,12,144,1.0,,1.0,gibbs,custom,False,full,144,0.01,1e-05,5,1.0,1000,300,84,True,,,-2.1230555404715274,0.05526139996945858,0.05797870561480522,,,0.09667283336805883,4.8702112716436385,17.393611684441566
2d,12,144,2.0,,1.0,gibbs,custom,False,full,144,0.0003,1e-05,1,1.0,1000,300,280,False,0.4167594620170445,-2.4549,-2.0381405379829554,0.057425541803240776,0.0640190922593077,0.4167594620170445,,0.747522078998951,17.925345832606155,19.20572767779231
2d,12,144,2.0,,1.0,gibbs,custom,False,full,144,0.0003,1e-05,2,1.0,1000,300,280,False,0.41903961884923024,-2.4549,-2.0358603811507696,0.05943930521607399,0.05932483281940222,0.41903961884923024,,0.7127442401964191,16.61095318943262,17.797449845820665
2d,12,144,2.0,,1.0,gibbs,custom,False,full,144,0.01,1e-05,1,1.0,1000,300,91,True,0.047882929636885674,-2.4549,-2.5027829296368855,0.056012943387031555,0.05833275387684504,0.05265088292648512,,0.004483837005678735,5.308280602792899,17.499826163053513
2d,12,144,2.0,,1.0,gibbs,custom,False,full,144,0.01,1e-05,2,1.0,1000,300,95,True,0.047560292562787154,-2.4549,-2.502460292562787,0.056310321763157846,0.05776263690243165,0.052608250655412636,,0.001179509048975382,5.487450505731006,17.328791070729494
2d,12,144,2.0,,1.0,gibbs,custom,False,full,144,0.01,1e-05,3,1.0,1000,300,84,True,,,-2.5027015532762458,0.05779476892203093,0.058378080949187276,,,0.007181234876540189,4.903758799731731,17.513424284756184
2d,12,144,2.0,,1.0,gibbs,custom,False,full,144,0.01,1e-05,4,1.0,1000,300,84,True,,,-2.502727987033431,0.056355500407516954,0.05817975075294574,,,0.0020983638211508264,4.887099063247442,17.453925225883722
2d,12,144,2.0,,1.0,gibbs,custom,False,full,144,0.01,1e-05,5,1.0,1000,300,88,True,,,-2.5025545166379737,0.055919060856103896,0.058487979446848234,,,0.003935486339183466,5.146942191322645,17.54639383405447
2d,12,144,3.044,,1.0,gibbs,custom,False,full,144,0.0003,1e-05,1,1.0,1000,300,20,True,,,-3.046654508811301,0.05808593984693289,0.059673727129896485,,,0.7752131688301317,1.1934745425979296,17.902118138968945
2d,12,144,3.044,,1.0,gibbs,custom,False,full,144,0.01,1e-05,1,1.0,1000,300,69,True,,,-3.1870254228051396,0.05881860703229904,0.06055169705301523,,,0.003716984480319353,4.178067096658051,18.16550911590457
2d,12,144,3.044,,1.0,gibbs,custom,False,full,144,0.01,1e-05,2,1.0,1000,300,65,True,,,-3.183417701525571,0.05739037673920393,0.05884568970650435,,,0.0031932372790945576,3.8249698309227824,17.653706911951303
2d,12,144,3.044,,1.0,gibbs,custom,False,full,144,0.01,1e-05,3,1.0,1000,300,67,True,,,-3.1858018623188338,0.05955969430506229,0.05964417303601901,,,0.0010116856740353375,3.9961595934132736,17.893251910805702
2d,12,144,3.044,,1.0,gibbs,custom,False,full,144,0.01,1e-05,4,1.0,1000,300,64,True,,,-3.1848108611362664,0.05861687194555998,0.05923806605239709,,,0.0020800030673597003,3.791236227353414,17.771419815719128
2d,12,144,3.044,,1.0,gibbs,custom,False,full,144,0.01,1e-05,5,1.0,1000,300,72,True,,,-3.18752653407127,0.05708214584738016,0.0592535995071133,,,0.0012624367946724635,4.2662591645121575,17.77607985213399
2d,12,144,0.5,,1.0,lsb,custom,True,full,144,0.0003,1e-05,1,1.0,1000,300,280,False,,,-0.9507926772916173,0.08841718658804894,0.08780009351670742,,,0.018782399945637202,24.584026184678077,26.340028055012226
2d,12,144,0.5,,1.0,lsb,custom,True,full,144,0.01,1e-05,1,1.0,1000,300,234,True,,,-2.020013806568559,0.08993241507560015,0.08909528919806083,,,0.8811657100734838,20.848297672346234,26.72858675941825
2d,12,144,0.5,,1.0,lsb,custom,True,full,144,0.01,1e-05,2,1.0,1000,300,239,True,,,-2.0207822110736102,0.088609604164958,0.08893540268143019,,,0.8847561617127674,21.255561240861816,26.680620804429054
2d,12,144,0.5,,1.0,lsb,custom,True,full,144,0.01,1e-05,3,1.0,1000,300,239,True,,,-2.0222008439244474,0.08923970106989146,0.08839702429870765,,,0.9021504501578149,21.12688880739113,26.519107289612293
2d,12,144,0.5,,1.0,lsb,custom,True,full,144,0.01,1e-05,4,1.0,1000,300,225,True,,,-2.020894560734782,0.0888084689155221,0.08875260225186746,,,0.8716034418515718,19.969335506670177,26.625780675560236
2d,12,144,0.5,,1.0,lsb,custom,True,full,144,0.01,1e-05,5,1.0,1000,300,247,True,,,-2.020558156279619,0.08845926076173782,0.08856226450453202,,,0.8685105317007914,21.874879332619408,26.568679351359606
2d,12,144,1.0,,1.0,lsb,custom,True,full,144,0.0003,1e-05,1,1.0,1000,300,280,False,,,-1.4049930488969216,0.08878042232245206,0.08812534029285113,,,0.019737197702011353,24.675095281998317,26.43760208785534
2d,12,144,1.0,,1.0,lsb,custom,True,full,144,0.01,1e-05,1,1.0,1000,300,197,True,,,-2.1187028462613617,0.089701041392982,0.08886152148246765,,,0.6301876197356551,17.505719732046128,26.658456444740295
2d,12,144,1.0,,1.0,lsb,custom,True,full,144,0.01,1e-05,2,1.0,1000,300,207,True,,,-2.121866844517976,0.08751737419515848,0.0886592715109388,,,0.6188323497229067,18.352469202764333,26.59778145328164
2d,12,144,1.0,,1.0,lsb,custom,True,full,144,0.01,1e-05,3,1.0,1000,300,208,True,,,-2.1201087962955443,0.08931607995182275,0.08873534517983596,,,0.6802397420036835,18.45695179740588,26.620603553950787
2d,12,144,1.0,,1.0,lsb,custom,True,full,144,0.01,1e-05,4,1.0,1000,300,197,True,,,-2.117350131460795,0.08948563355952502,0.08876603706429402,,,0.6935560371344414,17.48690930166592,26.629811119288206
2d,12,144,1.0,,1.0,lsb,custom,True,full,144,0.01,1e-05,5,1.0,1000,300,215,True,,,-2.1255318954653575,0.08864066004753113,0.08861437110851209,,,0.5693259547434099,19.052089788330097,26.584311332553625
2d,12,144,2.0,,1.0,lsb,custom,False,full,144,0.0003,1e-05,1,1.0,1000,300,280,False,0.50745030410694,-2.4549,-2.96235030410694,0.0877509094774723,0.09445744252453248,0.50745030410694,,0.10728940834704576,26.448083906869094,28.337232757359743
2d,12,144,2.0,,1.0,lsb,custom,True,full,144,0.0003,1e-05,1,1.0,1000,300,280,False,,,-2.332044529980367,0.08842928875237703,0.08817458521574735,,,0.016502028353619438,24.68888386040926,26.452375564724203
2d,12,144,2.0,,1.0,lsb,custom,False,full,144,0.0003,1e-05,2,1.0,1000,300,280,False,0.5125405720879508,-2.4549,-2.9674405720879506,0.08938649911433458,0.08886631395667792,0.5125405720879508,,0.15396545895820674,24.882567907869817,26.659894187003378
2d,12,144,2.0,,1.0,lsb,custom,False,full,144,0.01,1e-05,1,1.0,1000,300,124,True,0.10417264644103019,-2.4549,-2.55907264644103,0.08842239044606685,0.08850096460431814,0.15666341524063654,,0.0026267171331119925,10.97411961093545,26.550289381295443
2d,12,144,2.0,,1.0,lsb,custom,True,full,144,0.01,1e-05,1,1.0,1000,300,85,True,,,-2.4746738748714523,0.08847088702023029,0.08907443683594465,,,0.020004845317614362,7.571327131055296,26.722331050783396
2d,12,144,2.0,,1.0,lsb,custom,False,full,144,0.01,1e-05,2,1.0,1000,300,142,True,0.09880025622789201,-2.4549,-2.553700256227892,0.08768826648592949,0.08857073982556661,0.151210071963368,,0.004025352620608115,12.577045055230458,26.571221947669983
2d,12,144,2.0,,1.0,lsb,custom,True,full,144,0.01,1e-05,2,1.0,1000,300,86,True,,,-2.4787131844024946,0.08839902393519879,0.08903488465895255,,,0.04378213023828284,7.65700008066992,26.710465397685766
2d,12,144,2.0,,1.0,lsb,custom,True,full,144,0.01,1e-05,3,1.0,1000,300,85,True,,,-2.4789190872011084,0.08971240147948265,0.0888297005246083,,,0.040458763090347634,7.550524544591705,26.64891015738249
2d,12,144,2.0,,1.0,lsb,custom,True,full,144,0.01,1e-05,4,1.0,1000,300,82,True,,,-2.4797453089757893,0.08897145427763462,0.08908759873360396,,,0.031124081064390702,7.305183096155525,26.726279620081186
2d,12,144,2.0,,1.0,lsb,custom,True,full,144,0.01,1e-05,5,1.0,1000,300,80,True,,,-2.480570843360856,0.08921927101910114,0.08880310265968243,,,0.026411666348850792,7.1042482127745945,26.64093079790473
2d,12,144,3.044,,1.0,lsb,custom,True,full,144,0.0003,1e-05,1,1.0,1000,300,280,False,,,-3.3193151824607567,0.08768910355865955,0.08758912491301696,,,0.0881343143794911,24.524954975644746,26.276737473905087
2d,12,144,3.044,,1.0,lsb,custom,True,full,144,0.01,1e-05,1,1.0,1000,300,99,True,,,-3.241393207894357,0.08979953899979591,0.08933519445359707,,,0.0012439199166965156,8.84418425090611,26.80055833607912
2d,12,144,3.044,,1.0,lsb,custom,True,full,144,0.01,1e-05,2,1.0,1000,300,84,True,,,-3.250516042839147,0.08892121110111476,0.08905192556480566,,,0.001001434545715342,7.480361747443676,26.7155776694417
2d,12,144,3.044,,1.0,lsb,custom,True,full,144,0.01,1e-05,3,1.0,1000,300,94,True,,,-3.2447639924778917,0.08826099019497632,0.08887906707823276,,,0.003373358077837817,8.35463230535388,26.66372012346983
2d,12,144,3.044,,1.0,lsb,custom,True,full,144,0.01,1e-05,4,1.0,1000,300,88,True,,,-3.2554965130228397,0.08940387815237046,0.0892932761957248,,,0.001399566177407076,7.857808305223783,26.78798285871744
2d,12,144,3.044,,1.0,lsb,custom,True,full,144,0.01,1e-05,5,1.0,1000,300,94,True,,,-3.243356803595232,0.08896385561674833,0.08899056059618791,,,0.0010965048609108358,8.365112696041663,26.697168178856373
2d,12,144,0.5,,1.0,metropolis,custom,False,full,144,0.01,1e-05,1,1.0,1000,300,90,True,,,-2.028991913942975,3.8242184514179827,3.5421219008415936,,,0.309104253038315,318.7909710757434,1062.6365702524781
2d,12,144,0.5,,1.0,metropolis,custom,False,full,144,0.01,1e-05,2,1.0,1000,300,157,True,,,-2.030072741495308,4.094060268811882,4.089702543194095,,,0.561660179141826,642.0832992814729,1226.9107629582286
2d,12,144,0.5,,1.0,metropolis,custom,False,full,144,0.01,1e-05,3,1.0,1000,300,72,True,,,-2.0292864436945215,3.9140602497383954,3.5534518559773765,,,0.44101542860058085,255.8485336303711,1066.035556793213
2d,12,144,0.5,,1.0,metropolis,custom,False,full,144,0.01,1e-05,4,1.0,1000,300,71,True,,,-2.0289636601949304,3.778540363535285,3.5604110297933222,,,0.3480137363088599,252.78918311532587,1068.1233089379966
2d,12,144,0.5,,1.0,metropolis,custom,False,full,144,0.01,1e-05,5,1.0,1000,300,71,True,,,-2.029170359141814,3.6988874820992352,3.5494094162931047,,,0.34778011402404796,252.00806855681043,1064.8228248879313
2d,12,144,1.0,,1.0,metropolis,custom,False,full,144,0.01,1e-05,1,1.0,1000,300,80,True,,,-2.1227267659520956,3.5023431604728104,3.7401409676050146,,,0.05962792476508391,299.21127740840114,1122.0422902815044
2d,12,144,1.0,,1.0,metropolis,custom,False,full,144,0.01,1e-05,2,1.0,1000,300,120,True,,,-2.1244184319816037,3.915981756709516,3.9315747113277513,,,0.10277650060750806,471.7889653593302,1179.4724133983254
2d,12,144,1.0,,1.0,metropolis,custom,False,full,144,0.01,1e-05,3,1.0,1000,300,100,True,,,-2.123689695491992,3.357423369027674,3.66421716577063,,,0.07034828825863673,366.42171657706297,1099.265149731189
2d,12,144,1.0,,1.0,metropolis,custom,False,full,144,0.01,1e-05,4,1.0,1000,300,73,True,,,-2.1230920924888688,3.7593218879774213,3.700869534475108,,,0.10979449192131388,270.1634760166829,1110.2608603425324
2d,12,144,1.0,,1.0,metropolis,custom,False,full,144,0.01,1e-05,5,1.0,1000,300,76,True,,,-2.1227779886166673,3.7867264725267886,3.684124084922175,,,0.10749047626619063,279.9934304540853,1105.2372254766524
2d,12,144,2.0,,1.0,metropolis,custom,False,full,144,0.01,1e-05,1,1.0,1000,300,91,True,,,-2.5025998301679544,4.429918979480862,4.426617969398698,,,0.00391897589970909,402.82223521528147,1327.9853908196092
2d,12,144,2.0,,1.0,metropolis,custom,False,full,144,0.01,1e-05,2,1.0,1000,300,88,True,,,-2.5029907771649453,4.32729223575443,4.3967059758429725,,,0.0023935507293722726,386.9101258741816,1319.0117927528918
2d,12,144,2.0,,1.0,metropolis,custom,False,full,144,0.01,1e-05,3,1.0,1000,300,85,True,,,-2.502725118342815,4.401767278090119,4.462591410453121,,,0.002171916031135844,379.32026988851527,1338.7774231359363
2d,12,144,2.0,,1.0,metropolis,custom,False,full,144,0.01,1e-05,4,1.0,1000,300,82,True,,,-2.5024915234109497,4.278918620571494,4.38156580619514,,,0.0036341635302040765,359.2883961080015,1314.469741858542
2d,12,144,2.0,,1.0,metropolis,custom,False,full,144,0.01,1e-05,5,1.0,1000,300,84,True,,,-2.502897392273675,4.242947368137538,4.37139371064802,,,0.004458278389456904,367.19707169443365,1311.418113194406
2d,12,144,3.044,,1.0,metropolis,custom,False,full,144,0.01,1e-05,1,1.0,1000,300,71,True,,,-3.1877848596265244,4.596424263715744,4.584864822191497,,,0.0017906299054602072,325.5254023755963,1375.459446657449
2d,12,144,3.044,,1.0,metropolis,custom,False,full,144,0.01,1e-05,2,1.0,1000,300,66,True,,,-3.1853115905025238,4.631321154162288,4.617621082278589,,,0.0022117724841157556,304.7629914303869,1385.2863246835768
2d,12,144,3.044,,1.0,metropolis,custom,False,full,144,0.01,1e-05,3,1.0,1000,300,75,True,,,-3.1889081223383102,4.629853275232017,4.624146769456566,,,0.0010001332258219228,346.8110077092424,1387.2440308369696
2d,12,144,3.044,,1.0,metropolis,custom,False,full,144,0.01,1e-05,4,1.0,1000,300,75,True,,,-3.191611784270637,4.629045502655208,4.614012816697359,,,0.0010646859777268178,346.05096125230193,1384.2038450092077
2d,12,144,3.044,,1.0,metropolis,custom,False,full,144,0.01,1e-05,5,1.0,1000,300,65,True,,,-3.1852769256220976,4.630341659300029,4.620091178442041,,,0.0010169829466219961,300.3059265987327,1386.0273535326123
2d,13,169,0.5,,1.0,gibbs,custom,False,full,169,0.0003,1e-05,1,1.0,1000,300,280,False,,,-0.5272520010263003,0.060241321474313735,0.0625685375307997,,,0.8229404321592537,17.519190508623918,18.770561259239912
2d,13,169,0.5,,1.0,gibbs,custom,False,full,169,0.01,1e-05,1,1.0,1000,300,160,True,,,-1.7192386519261293,0.057071473263204095,0.06170900965730349,,,0.007683455013709677,9.873441545168559,18.512702897191048
2d,13,169,0.5,,1.0,gibbs,custom,False,full,169,0.01,1e-05,2,1.0,1000,300,280,False,,,-2.0258006715127563,0.058009902760386464,0.06070543793340524,,,0.38434382838825976,16.99752262135347,18.211631380021572
2d,13,169,0.5,,1.0,gibbs,custom,False,full,169,0.01,1e-05,3,1.0,1000,300,84,True,,,-2.0293278017615757,0.06028361842036247,0.06075076028704643,,,0.390058104945492,5.1030638641119,18.22522808611393
2d,13,169,0.5,,1.0,gibbs,custom,False,full,169,0.01,1e-05,4,1.0,1000,300,75,True,,,-2.0293839119847568,0.058242733031511305,0.06080719130734603,,,0.4078613091184709,4.560539348050952,18.242157392203808
2d,13,169,0.5,,1.0,gibbs,custom,False,full,169,0.01,1e-05,5,1.0,1000,300,164,True,,,-2.0291794105312095,0.06122631132602692,0.060550141371786596,,,0.4209030155052849,9.930223184973002,18.16504241153598
2d,13,169,1.0,,1.0,gibbs,custom,False,full,169,0.0003,1e-05,1,1.0,1000,300,280,False,,,-1.026341359117316,0.05890503767877817,0.06109915918360154,,,0.8307215330724265,17.10776457140843,18.32974775508046
2d,13,169,1.0,,1.0,gibbs,custom,False,full,169,0.01,1e-05,1,1.0,1000,300,145,True,,,-1.880808117247912,0.06279919762164354,0.061397366896271705,,,0.024607337257491032,8.902618199959397,18.41921006888151
2d,13,169,1.0,,1.0,gibbs,custom,False,full,169,0.01,1e-05,2,1.0,1000,300,88,True,,,-2.122840923358592,0.05692898221313954,0.06093724171320598,,,0.07458227990823119,5.362477270762126,18.281172513961792
2d,13,169,1.0,,1.0,gibbs,custom,False,full,169,0.01,1e-05,3,1.0,1000,300,85,True,,,-2.123123105356032,0.05607294514775276,0.06144132751971483,,,0.05679298884104516,5.222512839175761,18.43239825591445
2d,13,169,1.0,,1.0,gibbs,custom,False,full,169,0.01,1e-05,4,1.0,1000,300,80,True,,,-2.1228890085209535,0.062033867463469505,0.06174048464745283,,,0.04867210877584905,4.9392387717962265,18.52214539423585
2d,13,169,1.0,,1.0,gibbs,custom,False,full,169,0.01,1e-05,5,1.0,1000,300,111,True,,,-2.123075295567646,0.06050555184483528,0.062170611657202245,,,0.057868109098814624,6.9009378939494495,18.651183497160673
2d,13,169,2.0,,1.0,gibbs,custom,False,full,169,0.0003,1e-05,1,1.0,1000,300,280,False,,,-2.025153420285823,0.06090881861746311,0.06322111457586288,,,0.846820531678809,17.701912081241606,18.966334372758865
2d,13,169,2.0,,1.0,gibbs,custom,False,full,169,0.01,1e-05,1,1.0,1000,300,102,True,,,-2.5018738468510002,0.059783635661005974,0.061862381597359975,,,0.001988037120551841,6.309962922930717,18.558714479207993
2d,13,169,2.0,,1.0,gibbs,custom,False,full,169,0.01,1e-05,2,1.0,1000,300,98,True,,,-2.502199491224693,0.060211768932640554,0.06133553441613913,,,0.001337341585312547,6.0108823727816345,18.400660324841738
2d,13,169,2.0,,1.0,gibbs,custom,False,full,169,0.01,1e-05,3,1.0,1000,300,99,True,,,-2.5015343020842606,0.05976192634552717,0.0612259017303586,,,0.007394225496021516,6.061364271305501,18.36777051910758
2d,13,169,2.0,,1.0,gibbs,custom,False,full,169,0.01,1e-05,4,1.0,1000,300,95,True,,,-2.5017679382911666,0.06182649917900562,0.06163150993486245,,,0.001969828468594773,5.854993443811933,18.489452980458736
2d,13,169,2.0,,1.0,gibbs,custom,False,full,169,0.01,1e-05,5,1.0,1000,300,96,True,,,-2.5012156111802004,0.06205823831260204,0.06156168186416228,,,0.002013146415179104,5.909921458959579,18.468504559248686
2d,13,169,3.044,,1.0,gibbs,custom,False,full,169,0.0003,1e-05,1,1.0,1000,300,0,True,,,-3.0441977248677863,0.07961830385029316,0.061323793629805244,,,0.8649556902167712,0.0,18.397138088941574
2d,13,169,3.044,,1.0,gibbs,custom,False,full,169,0.01,1e-05,1,1.0,1000,300,72,True,,,-3.1743384647035677,0.05757906138896942,0.06127679711828629,,,0.0010304729567583767,4.411929392516613,18.383039135485888
2d,13,169,3.044,,1.0,gibbs,custom,False,full,169,0.01,1e-05,2,1.0,1000,300,97,True,,,-3.186328922278092,0.06298107951879502,0.06114508204162121,,,0.0024987424787667216,5.931072958037257,18.343524612486362
2d,13,169,3.044,,1.0,gibbs,custom,False,full,169,0.01,1e-05,3,1.0,1000,300,78,True,,,-3.1782970948371223,0.06048630196601153,0.06135926543424527,,,0.0019969042200833095,4.786022703871131,18.40777963027358
2d,13,169,3.044,,1.0,gibbs,custom,False,full,169,0.01,1e-05,4,1.0,1000,300,71,True,,,-3.17465496761574,0.05944847259670496,0.061274059688051545,,,0.003380303442708051,4.35045823785166,18.382217906415462
2d,13,169,3.044,,1.0,gibbs,custom,False,full,169,0.01,1e-05,5,1.0,1000,300,79,True,,,-3.1798097519367716,0.05614690724760294,0.060367658423880734,,,0.0015614903932358452,4.7690450154865776,18.11029752716422
2d,13,169,0.5,,1.0,lsb,custom,True,full,169,0.0003,1e-05,1,1.0,1000,300,280,False,,,-0.7851182008073153,0.10768506117165089,0.10688111354907354,,,0.0808926623351327,29.92671179374059,32.06433406472206
2d,13,169,0.5,,1.0,lsb,custom,True,full,169,0.01,1e-05,1,1.0,1000,300,280,True,,,-2.0121964066237097,0.10686982441693545,0.10675325290610393,,,0.7551141660713215,29.8909108137091,32.02597587183118
2d,13,169,0.5,,1.0,lsb,custom,True,full,169,0.01,1e-05,2,1.0,1000,300,250,True,,,-2.0208180600937173,0.10713193621486425,0.1070992381994923,,,0.8962410821417379,26.774809549873073,32.12977145984769
2d,13,169,0.5,,1.0,lsb,custom,True,full,169,0.01,1e-05,3,1.0,1000,300,236,True,,,-2.018202817098619,0.10678809657692909,0.10693694124619166,,,0.876080029360547,25.23711813410123,32.0810823738575
2d,13,169,0.5,,1.0,lsb,custom,True,full,169,0.01,1e-05,4,1.0,1000,300,280,False,,,-2.0190195834964166,0.10643063988536597,0.1065077863012751,,,0.827811879272598,29.822180164357025,31.95233589038253
2d,13,169,0.5,,1.0,lsb,custom,True,full,169,0.01,1e-05,5,1.0,1000,300,229,True,,,-2.019471710980748,0.10589862745255232,0.10666561214874189,,,0.8895445557892242,24.42642518206189,31.999683644622564
2d,13,169,1.0,,1.0,lsb,custom,True,full,169,0.0003,1e-05,1,1.0,1000,300,280,False,,,-1.259916731961518,0.10784629099071026,0.10695156590392192,,,0.13418001043083225,29.94643845309814,32.08546977117658
2d,13,169,1.0,,1.0,lsb,custom,True,full,169,0.01,1e-05,1,1.0,1000,300,247,True,,,-2.1090885263304813,0.10663190074265003,0.10707262266427278,,,0.5850797855013481,26.44693779807538,32.121786799281836
2d,13,169,1.0,,1.0,lsb,custom,True,full,169,0.01,1e-05,2,1.0,1000,300,223,True,,,-2.1147075778306723,0.10682976022362708,0.10668714014192422,,,0.6092157885833531,23.791232251649102,32.00614204257727
2d,13,169,1.0,,1.0,lsb,custom,True,full,169,0.01,1e-05,3,1.0,1000,300,194,True,,,-2.1102705944835627,0.1066232981160283,0.10650743089616299,,,0.6549048116358313,20.662441593855622,31.952229268848896
2d,13,169,1.0,,1.0,lsb,custom,True,full,169,0.01,1e-05,4,1.0,1000,300,224,True,,,-2.1103882847311377,0.10627934895455837,0.10665833868086338,,,0.5919026650074818,23.891467864513398,31.997501604259014
2d,13,169,1.0,,1.0,lsb,custom,True,full,169,0.01,1e-05,5,1.0,1000,300,200,True,,,-2.1126821311092945,0.10640461575239897,0.10641397938132285,,,0.6235915897237482,21.282795876264572,31.924193814396855
2d,13,169,2.0,,1.0,lsb,custom,True,full,169,0.0003,1e-05,1,1.0,1000,300,280,False,,,-2.2191687656253114,0.10751792006194591,0.10688562123725812,,,0.2427299219590086,29.92797394643227,32.065686371177435
2d,13,169,2.0,,1.0,lsb,custom,True,full,169,0.01,1e-05,1,1.0,1000,300,91,True,,,-2.469682721718554,0.10700045824050904,0.10706310334304968,,,0.04155830980128083,9.742742404217521,32.118931002914906
2d,13,169,2.0,,1.0,lsb,custom,True,full,169,0.01,1e-05,2,1.0,1000,300,87,True,,,-2.489593087484769,0.1065019953995943,0.10657107030351956,,,0.045901603021485264,9.271683116406201,31.971321091055867
2d,13,169,2.0,,1.0,lsb,custom,True,full,169,0.01,1e-05,3,1.0,1000,300,92,True,,,-2.483446747240618,0.10687130838632583,0.10677065111696721,,,0.053107984164665334,9.822899902760984,32.03119533509016
2d,13,169,2.0,,1.0,lsb,custom,True,full,169,0.01,1e-05,4,1.0,1000,300,102,True,,,-2.4844941607480733,0.1066672408953309,0.10685410854717095,,,0.02791345148815676,10.899119071811437,32.05623256415129
2d,13,169,2.0,,1.0,lsb,custom,True,full,169,0.01,1e-05,5,1.0,1000,300,88,True,,,-2.4885943082085733,0.10671475548297167,0.10675058954705795,,,0.03917803428252169,9.394051880141099,32.025176864117384
2d,13,169,3.044,,1.0,lsb,custom,True,full,169,0.0003,1e-05,1,1.0,1000,300,280,False,,,-3.2322149554047988,0.10733440332114697,0.10692247934639454,,,0.32389764468567617,29.93829421699047,32.07674380391836
2d,13,169,3.044,,1.0,lsb,custom,True,full,169,0.01,1e-05,1,1.0,1000,300,91,True,,,-3.254935346849858,0.10711793974041939,0.10732705442855756,,,0.0015454282270844584,9.766761952998738,32.19811632856727
2d,13,169,3.044,,1.0,lsb,custom,True,full,169,0.01,1e-05,2,1.0,1000,300,101,True,,,-3.257601365799057,0.106496955268085,0.10690123027811448,,,0.0011269865939230125,10.797024258089563,32.07036908343434
2d,13,169,3.044,,1.0,lsb,custom,True,full,169,0.01,1e-05,3,1.0,1000,300,108,True,,,-3.24088875971225,0.10681961607187987,0.10677186669160922,,,0.0011994939437187005,11.531361602693796,32.03156000748277
2d,13,169,3.044,,1.0,lsb,custom,True,full,169,0.01,1e-05,4,1.0,1000,300,105,True,,,-3.2424836682490876,0.10653799772262573,0.10698275230824947,,,0.001351997097520921,11.233188992366195,32.09482569247484
2d,13,169,3.044,,1.0,lsb,custom,True,full,169,0.01,1e-05,5,1.0,1000,300,105,True,,,-3.242047681477211,0.10687798783183097,0.10700213798632224,,,0.0010038074061164116,11.235224488563835,32.10064139589667
2d,13,169,0.5,,1.0,metropolis,custom,False,full,169,0.01,1e-05,1,1.0,1000,300,203,True,,,-2.0301229624345605,5.464656765386462,5.2223991610854865,,,0.3168913653170531,1060.1470297003539,1566.719748325646
2d,13,169,0.5,,1.0,metropolis,custom,False,full,169,0.01,1e-05,2,1.0,1000,300,151,True,,,-2.030619165622507,5.279364273883402,4.967348648222784,,,0.3697629253469035,750.0696458816404,1490.2045944668353
2d,13,169,0.5,,1.0,metropolis,custom,False,full,169,0.01,1e-05,3,1.0,1000,300,79,True,,,-2.0293030319193734,4.909875542297959,4.45634051443388,,,0.32002372843924715,352.05090064027655,1336.9021543301642
2d,13,169,0.5,,1.0,metropolis,custom,False,full,169,0.01,1e-05,4,1.0,1000,300,86,True,,,-2.029292948684064,5.1576905669644475,5.07431742909054,,,0.4494134134511364,436.3912989017864,1522.2952287271619
2d,13,169,0.5,,1.0,metropolis,custom,False,full,169,0.01,1e-05,5,1.0,1000,300,81,True,,,-2.0291415803246418,4.903990710526704,4.429435590704282,,,0.34671257286358553,358.7842828470468,1328.8306772112844
2d,13,169,1.0,,1.0,metropolis,custom,False,full,169,0.01,1e-05,1,1.0,1000,300,108,True,,,-2.123022895080062,4.69579339697957,4.7005304725468156,,,0.06124532983350199,507.65729103505606,1410.1591417640448
2d,13,169,1.0,,1.0,metropolis,custom,False,full,169,0.01,1e-05,2,1.0,1000,300,141,True,,,-1.841430664507597,5.4534623041749,5.456433898371955,,,0.00567752227539502,769.3571796704457,1636.9301695115864
2d,13,169,1.0,,1.0,metropolis,custom,False,full,169,0.01,1e-05,3,1.0,1000,300,86,True,,,-2.1227449603095914,5.096716355904936,4.785200839787722,,,0.05254961548167256,411.52727222174406,1435.5602519363165
2d,13,169,1.0,,1.0,metropolis,custom,False,full,169,0.01,1e-05,4,1.0,1000,300,81,True,,,-2.122851659829086,4.591329932399094,4.792481287966172,,,0.06686276301419285,388.19098432525993,1437.7443863898516
2d,13,169,1.0,,1.0,metropolis,custom,False,full,169,0.01,1e-05,5,1.0,1000,300,84,True,,,-2.1230532150522086,4.938952359929681,4.850986450860898,,,0.05387746528679619,407.4828618723154,1455.2959352582693
2d,13,169,2.0,,1.0,metropolis,custom,False,full,169,0.01,1e-05,1,1.0,1000,300,105,True,,,-2.5015336268398647,5.384660738892853,5.408750659301877,,,0.002759654463381405,567.918819226697,1622.6251977905629
2d,13,169,2.0,,1.0,metropolis,custom,False,full,169,0.01,1e-05,2,1.0,1000,300,102,True,,,-2.5020288559116786,5.430257510580122,5.468493700871865,,,0.0010216045942382165,557.7863574889302,1640.5481102615595
2d,13,169,2.0,,1.0,metropolis,custom,False,full,169,0.01,1e-05,3,1.0,1000,300,111,True,,,-2.5021649030721353,5.468086639419198,5.483288024539749,,,0.0036260409499504426,608.6449707239121,1644.9864073619246
2d,13,169,2.0,,1.0,metropolis,custom,False,full,169,0.01,1e-05,4,1.0,1000,300,100,True,,,-2.5023510755852247,5.371805739402771,5.411512414378424,,,0.0016252202623784364,541.1512414378424,1623.4537243135273
2d,13,169,2.0,,1.0,metropolis,custom,False,full,169,0.01,1e-05,5,1.0,1000,300,97,True,,,-2.5023739559427605,5.235602929256856,5.3535613666599,,,0.002303021341118241,519.2954525660102,1606.0684099979699
2d,13,169,3.044,,1.0,metropolis,custom,False,full,169,0.01,1e-05,1,1.0,1000,300,88,True,,,-3.1829285375787344,5.521089936047792,5.520062305033207,,,0.005867994026506341,485.7654828429222,1656.018691509962
2d,13,169,3.044,,1.0,metropolis,custom,False,full,169,0.01,1e-05,2,1.0,1000,300,86,True,,,-3.181935528070744,5.520689834281802,5.520031577050686,,,0.002047995239476169,474.722715626359,1656.0094731152058
2d,13,169,3.044,,1.0,metropolis,custom,False,full,169,0.01,1e-05,3,1.0,1000,300,83,True,,,-3.1809301330820423,5.520235347002744,5.51962768893689,,,0.0013711997078629926,458.12909818176183,1655.888306681067
2d,13,169,3.044,,1.0,metropolis,custom,False,full,169,0.01,1e-05,4,1.0,1000,300,83,True,,,-3.180504358421037,5.520213868655264,5.518721547375122,,,0.0034425011486432914,458.0538884321352,1655.6164642125368
2d,13,169,3.044,,1.0,metropolis,custom,False,full,169,0.01,1e-05,5,1.0,1000,300,81,True,,,-3.1808163498177136,5.520424810610711,5.516855968559781,,,0.001410179338957192,446.86533345334226,1655.0567905679345
2d,14,196,0.5,,1.0,gibbs,custom,False,full,196,0.0003,1e-05,1,1.0,1000,300,280,False,,,-0.5186412055094985,0.06116604413837194,0.06412408409019311,,,0.8832924041603841,17.954743545254072,19.237225227057934
2d,14,196,0.5,,1.0,gibbs,custom,False,full,196,0.01,1e-05,1,1.0,1000,300,168,True,,,-1.8203747033002546,0.06523593850433826,0.06342426252861817,,,0.12735444474268165,10.655276104807854,19.027278758585453
2d,14,196,0.5,,1.0,gibbs,custom,False,full,196,0.01,1e-05,2,1.0,1000,300,206,True,,,-1.6701955965284399,0.059699274599552155,0.0634427140528957,,,0.07205366274012688,13.069199094896515,19.03281421586871
2d,14,196,0.5,,1.0,gibbs,custom,False,full,196,0.01,1e-05,3,1.0,1000,300,84,True,,,-2.0289374162188842,0.06458256989717484,0.06313873490939538,,,0.34698836133382455,5.303653732389212,18.941620472818613
2d,14,196,0.5,,1.0,gibbs,custom,False,full,196,0.01,1e-05,4,1.0,1000,300,160,True,,,-1.7730899660157171,0.06098556350916624,0.06358588532855114,,,0.12680140032692633,10.173741652568182,19.07576559856534
2d,14,196,0.5,,1.0,gibbs,custom,False,full,196,0.01,1e-05,5,1.0,1000,300,163,True,,,-1.743376475559487,0.05971124228090048,0.06368048418313264,,,0.1646619695680606,10.37991892185062,19.104145254939795
2d,14,196,1.0,,1.0,gibbs,custom,False,full,196,0.0003,1e-05,1,1.0,1000,300,280,False,,,-1.0179851200952257,0.061012682318687436,0.06397079224387804,,,0.8843610067292756,17.911821828285852,19.191237673163414
2d,14,196,1.0,,1.0,gibbs,custom,False,full,196,0.01,1e-05,1,1.0,1000,300,280,False,,,-2.1067126233576348,0.06047921553254128,0.06336410157382488,,,0.03745647686615134,17.741948440670967,19.009230472147465
2d,14,196,1.0,,1.0,gibbs,custom,False,full,196,0.01,1e-05,2,1.0,1000,300,89,True,,,-2.1228597914936023,0.06343534756451845,0.0639782457302014,,,0.050873645716376543,5.694063869987925,19.19347371906042
2d,14,196,1.0,,1.0,gibbs,custom,False,full,196,0.01,1e-05,3,1.0,1000,300,90,True,,,-2.12284763242005,0.0589526828378439,0.06352438295880954,,,0.056747940695718486,5.717194466292859,19.05731488764286
2d,14,196,1.0,,1.0,gibbs,custom,False,full,196,0.01,1e-05,4,1.0,1000,300,115,True,,,-2.124036206776366,0.059793459810316564,0.06294566531976065,,,0.053102088604459974,7.238751511772474,18.883699595928192
2d,14,196,1.0,,1.0,gibbs,custom,False,full,196,0.01,1e-05,5,1.0,1000,300,131,True,,,-1.8809148595658016,0.06157121453434229,0.06377290373047192,,,0.002704544585710074,8.354250388691822,19.13187111914158
2d,14,196,2.0,,1.0,gibbs,custom,False,full,196,0.0003,1e-05,1,1.0,1000,300,148,True,,,-2.0102093210730065,0.06067758519202471,0.06353759677459796,,,0.8908479842419644,9.403564322640497,19.06127903237939
2d,14,196,2.0,,1.0,gibbs,custom,False,full,196,0.01,1e-05,1,1.0,1000,300,121,True,,,-2.5016272252703766,0.06282834094017745,0.0646275507286191,,,0.0014108582613063694,7.819933638162912,19.38826521858573
2d,14,196,2.0,,1.0,gibbs,custom,False,full,196,0.01,1e-05,2,1.0,1000,300,105,True,,,-2.501351306055775,0.06060201935470104,0.0636163052295645,,,0.0013764481373220365,6.679712049104273,19.084891568869352
2d,14,196,2.0,,1.0,gibbs,custom,False,full,196,0.01,1e-05,3,1.0,1000,300,101,True,,,-2.501122674335439,0.06081753671169281,0.06347090419381857,,,0.003081745877859383,6.410561323575675,19.04127125814557
2d,14,196,2.0,,1.0,gibbs,custom,False,full,196,0.01,1e-05,4,1.0,1000,300,110,True,,,-2.501124416265561,0.06321396790444851,0.0642815371354421,,,0.004672729897984949,7.070969084898631,19.28446114063263
2d,14,196,2.0,,1.0,gibbs,custom,False,full,196,0.01,1e-05,5,1.0,1000,300,154,True,,,-2.5015799703320125,0.06268031056970358,0.06323549202332894,,,0.0019488596949014053,9.738265771592657,18.970647606998682
2d,14,196,3.044,,1.0,gibbs,custom,False,full,196,0.0003,1e-05,1,1.0,1000,300,29,True,,,-3.0449413779414454,0.056662839464843275,0.06355647428582112,,,0.9011925731408493,1.8431377542888123,19.066942285746336
2d,14,196,3.044,,1.0,gibbs,custom,False,full,196,0.01,1e-05,1,1.0,1000,300,97,True,,,-3.1725737950489656,0.06040356811136007,0.06421988533188899,,,0.0016373135836918527,6.2293288771932325,19.265965599566698
2d,14,196,3.044,,1.0,gibbs,custom,False,full,196,0.01,1e-05,2,1.0,1000,300,92,True,,,-3.1713741593313793,0.061309588886797425,0.06498348628481229,,,0.001163617634548573,5.978480738202731,19.495045885443687
2d,14,196,3.044,,1.0,gibbs,custom,False,full,196,0.01,1e-05,3,1.0,1000,300,95,True,,,-3.1741810209162127,0.06131724156439304,0.06443072686592738,,,0.0013459424133583408,6.120919052263101,19.329218059778214
2d,14,196,3.044,,1.0,gibbs,custom,False,full,196,0.01,1e-05,4,1.0,1000,300,93,True,,,-3.17244939226699,0.06389999371021986,0.06402752188344797,,,0.0021269446768603546,5.954559535160661,19.208256565034393
2d,14,196,3.044,,1.0,gibbs,custom,False,full,196,0.01,1e-05,5,1.0,1000,300,81,True,,,-3.162969247726473,0.06536660101264716,0.06403570018708706,,,0.0012834198234665487,5.186891715154052,19.210710056126118
2d,14,196,0.5,,1.0,lsb,custom,True,full,196,0.0003,1e-05,1,1.0,1000,300,280,False,,,-0.6675406046546783,0.14028872642666101,0.1404051778341333,,,0.15924353163659338,39.313449793557325,42.12155335023999
2d,14,196,0.5,,1.0,lsb,custom,True,full,196,0.01,1e-05,1,1.0,1000,300,280,False,,,-1.997893296976547,0.1400904141366482,0.13995880203942457,,,0.5356722432771003,39.18846457103888,41.98764061182737
2d,14,196,0.5,,1.0,lsb,custom,True,full,196,0.01,1e-05,2,1.0,1000,300,280,False,,,-2.0128339755133617,0.13962042797356844,0.13955087292939425,,,0.7428985340868527,39.07424442023039,41.86526187881827
2d,14,196,0.5,,1.0,lsb,custom,True,full,196,0.01,1e-05,3,1.0,1000,300,222,True,,,-2.0151348826599675,0.1403025945648551,0.13961854529877504,,,0.8281633239848805,30.99531705632806,41.88556358963251
2d,14,196,0.5,,1.0,lsb,custom,True,full,196,0.01,1e-05,4,1.0,1000,300,236,True,,,-2.017835807182163,0.13929483257234096,0.13941654392828545,,,0.8022693320825023,32.90230436707537,41.82496317848564
2d,14,196,0.5,,1.0,lsb,custom,True,full,196,0.01,1e-05,5,1.0,1000,300,248,True,,,-2.0215972657071335,0.13907289486378432,0.1394747805222869,,,0.5521934508630895,34.58974556952715,41.84243415668607
2d,14,196,1.0,,1.0,lsb,custom,True,full,196,0.0003,1e-05,1,1.0,1000,300,280,False,,,-1.1566552408845605,0.14014497604221104,0.1406062338873744,,,0.364568532281211,39.36974548846483,42.18187016621232
2d,14,196,1.0,,1.0,lsb,custom,True,full,196,0.01,1e-05,1,1.0,1000,300,267,True,,,-2.1109982334775923,0.13984110318124293,0.13997621523837248,,,0.5038852086145634,37.37364946864545,41.992864571511745
2d,14,196,1.0,,1.0,lsb,custom,True,full,196,0.01,1e-05,2,1.0,1000,300,250,True,,,-2.099748012048704,0.13905132412910462,0.13963401860247054,,,0.4880696665463061,34.90850465061764,41.89020558074116
2d,14,196,1.0,,1.0,lsb,custom,True,full,196,0.01,1e-05,3,1.0,1000,300,181,True,,,-2.1024137500780906,0.13979127611964942,0.13944912614921728,,,0.49405794983536605,25.240291833008328,41.834737844765186
2d,14,196,1.0,,1.0,lsb,custom,True,full,196,0.01,1e-05,4,1.0,1000,300,210,True,,,-2.1042430260248133,0.13932255301624535,0.13954603886852662,,,0.4867625126978682,29.30466816239059,41.863811660557985
2d,14,196,1.0,,1.0,lsb,custom,True,full,196,0.01,1e-05,5,1.0,1000,300,199,True,,,-2.102657625133215,0.13940209094434977,0.1395773502315084,,,0.4680250048767111,27.775892696070173,41.873205069452524
2d,14,196,2.0,,1.0,lsb,custom,True,full,196,0.0003,1e-05,1,1.0,1000,300,280,False,,,-2.138501261744364,0.1405720232054591,0.14060378479460875,,,0.5421251182512642,39.36905974249045,42.181135438382626
2d,14,196,2.0,,1.0,lsb,custom,True,full,196,0.01,1e-05,1,1.0,1000,300,95,True,,,-2.4800706958102285,0.14012043103575705,0.14012962264319262,,,0.04055632718624948,13.3123141511033,42.03888679295778
2d,14,196,2.0,,1.0,lsb,custom,True,full,196,0.01,1e-05,2,1.0,1000,300,100,True,,,-2.481719814789056,0.13976979292929173,0.13966789601991575,,,0.03816760776244716,13.966789601991575,41.90036880597472
2d,14,196,2.0,,1.0,lsb,custom,True,full,196,0.01,1e-05,3,1.0,1000,300,92,True,,,-2.4932346541103056,0.1397520074620843,0.13929550549636285,,,0.043540755321289926,12.815186505665382,41.78865164890885
2d,14,196,2.0,,1.0,lsb,custom,True,full,196,0.01,1e-05,4,1.0,1000,300,94,True,,,-2.4851878444689808,0.1393063571304083,0.1397594545284907,,,0.0466657644299974,13.137388725678125,41.92783635854721
2d,14,196,2.0,,1.0,lsb,custom,True,full,196,0.01,1e-05,5,1.0,1000,300,90,True,,,-2.4883864037827896,0.13973470386117698,0.1395710538700223,,,0.03248361133433183,12.561394848302008,41.87131616100669
2d,14,196,3.044,,1.0,lsb,custom,True,full,196,0.0003,1e-05,1,1.0,1000,300,1,True,,,-3.040256007409135,0.14034609757363797,0.1408631301795443,,,0.6418548208734645,0.1408631301795443,42.25893905386329
2d,14,196,3.044,,1.0,lsb,custom,True,full,196,0.01,1e-05,1,1.0,1000,300,111,True,,,-3.2364480446142894,0.1399176074191928,0.14029273111373186,,,0.0010826971479454153,15.572493153624237,42.08781933411956
2d,14,196,3.044,,1.0,lsb,custom,True,full,196,0.01,1e-05,2,1.0,1000,300,117,True,,,-3.2398360403138637,0.13989246040582656,0.13995659250766038,,,0.0015100567230175684,16.374921323396265,41.98697775229811
2d,14,196,3.044,,1.0,lsb,custom,True,full,196,0.01,1e-05,3,1.0,1000,300,111,True,,,-3.2316381893306856,0.1385256616398692,0.1390320338184635,,,0.001000293799067178,15.432555753849448,41.709610145539045
2d,14,196,3.044,,1.0,lsb,custom,True,full,196,0.01,1e-05,4,1.0,1000,300,96,True,,,-3.243923268660948,0.1400052983313799,0.1398363191386064,,,0.0010252310055198024,13.424286637306214,41.95089574158192
2d,14,196,3.044,,1.0,lsb,custom,True,full,196,0.01,1e-05,5,1.0,1000,300,97,True,,,-3.2522976735425906,0.13977132253348828,0.1399761781965693,,,0.0016281651640397896,13.57768928506722,41.992853458970785
2d,14,196,0.5,,1.0,metropolis,custom,False,full,196,0.01,1e-05,1,1.0,1000,300,166,True,,,-2.0293128888124636,6.685799669660628,7.064048944811026,,,0.44307715165679706,1172.6321248386305,2119.214683443308
2d,14,196,1.0,,1.0,metropolis,custom,False,full,196,0.01,1e-05,1,1.0,1000,300,148,True,,,-1.85540964760176,7.780289612151682,7.781651814033588,,,0.003496324410099834,1151.684468476971,2334.4955442100763
2d,14,196,2.0,,1.0,metropolis,custom,False,full,196,0.01,1e-05,1,1.0,1000,300,109,True,,,-2.501671794609025,7.398900682665408,7.566179506443441,,,0.0018904451029792052,824.7135662023351,2269.8538519330323
2d,14,196,3.044,,1.0,metropolis,custom,False,full,196,0.01,1e-05,1,1.0,1000,300,86,True,,,-3.1672544693827374,7.884897577017545,7.830719601114591,,,0.0017594521941094621,673.4418856958548,2349.2158803343773
2d,4,16,0.5,,1.0,gibbs,custom,False,full,16,0.0003,1e-05,1,1.0,1000,300,280,False,1.2147666721423573,-2.031290853295019,-0.8165241811526617,0.02691183928400278,0.029170012089113396,1.2147666721423573,3.7159399101801847,0.10294444186678858,8.16760338495175,8.751003626734018
2d,4,16,0.5,,1.0,gibbs,custom,False,full,16,0.0003,1e-05,2,1.0,1000,300,280,False,1.211060216270342,-2.031290853295019,-0.8202306370246768,0.02814873419702053,0.029051756287614503,1.211060216270342,3.687226015551753,0.11855978197624818,8.134491760532061,8.715526886284351
2d,4,16,0.5,,1.0,gibbs,custom,False,full,16,0.0003,1e-05,3,1.0,1000,300,280,False,1.2121284836351474,-2.031290853295019,-0.8191623696598714,0.029146313853561878,0.0288735090320309,1.2121284836351474,3.737271449227918,0.11717717457169136,8.084582528968653,8.66205270960927
2d,4,16,0.5,,1.0,gibbs,custom,False,full,16,0.0003,1e-05,4,1.0,1000,300,280,False,1.205883104966677,-2.031290853295019,-0.825407748328342,0.02855905406177044,0.029202429689466954,1.205883104966677,3.7120141487385716,0.1703783650535846,8.176680313050747,8.760728906840086
2d,4,16,0.5,,1.0,gibbs,custom,False,full,16,0.01,1e-05,1,1.0,1000,300,44,True,0.0017941691880403177,-2.031290853295019,-2.0294966841069786,0.027173995226621627,0.028279942485193412,3.1656438688187905e-06,0.03945681934711001,0.9394063133059324,1.2443174693485102,8.483982745558023
2d,4,16,0.5,,1.0,gibbs,custom,False,full,16,0.01,1e-05,2,1.0,1000,300,45,True,0.002076946617944664,-2.031290853295019,-2.0292139066770742,0.025601300597190856,0.029813406306008497,2.3969091186515357e-05,0.022297884030182298,0.9493798318253314,1.3416032837703824,8.94402189180255
2d,4,16,0.5,,1.0,gibbs,custom,False,full,16,0.01,1e-05,3,1.0,1000,300,37,True,0.0021820820025331145,-2.031290853295019,-2.029108771292486,0.028428946062922476,0.029267389302452405,4.387330788357957e-05,0.03003003834482084,0.9374710054520389,1.082893404190739,8.780216790735722
2d,4,16,0.5,,1.0,gibbs,custom,False,full,16,0.01,1e-05,4,1.0,1000,300,44,True,0.002199446007497219,-2.031290853295019,-2.0290914072875217,0.029633703269064428,0.03058630178372065,2.2091307959826167e-05,0.02816126286640777,0.9284922114560318,1.3457972784837087,9.175890535116196
2d,4,16,0.5,,1.0,gibbs,custom,False,full,16,0.01,1e-05,5,1.0,1000,300,39,True,0.0023391912897530176,-2.031290853295019,-2.028951662005266,0.028916499763727187,0.029525592712064584,5.2579360303006695e-05,0.018576122053477417,0.9503319918587176,1.1514981157705189,8.857677813619375
2d,4,16,1.0,,1.0,gibbs,custom,False,full,16,0.0003,1e-05,1,1.0,1000,300,280,False,0.856828636395496,-2.125662346927887,-1.268833710532391,0.02808366697281599,0.028957151609162488,0.856828636395496,3.8135257101240834,0.14618092376645905,8.108002450565497,8.687145482748747
2d,4,16,1.0,,1.0,gibbs,custom,False,full,16,0.0003,1e-05,2,1.0,1000,300,280,False,0.8535322546695103,-2.125662346927887,-1.2721300922583767,0.027938065491616725,0.029386889052887756,0.8535322546695103,3.7625450086093,0.14036907321412007,8.228328934808571,8.816066715866327
2d,4,16,1.0,,1.0,gibbs,custom,False,full,16,0.0003,1e-05,3,1.0,1000,300,280,False,0.8562121422468527,-2.125662346927887,-1.2694502046810343,0.027635101601481436,0.029275203856329122,0.8562121422468527,3.8073974039195244,0.15893122420776667,8.197057079772154,8.782561156898737
2d,4,16,1.0,,1.0,gibbs,custom,False,full,16,0.0003,1e-05,4,1.0,1000,300,280,False,0.8522024820051222,-2.125662346927887,-1.2734598649227649,0.026121331751346587,0.029417867437005044,0.8522024820051222,3.812807668059829,0.1980829430421008,8.237002882361413,8.825360231101513
2d,4,16,1.0,,1.0,gibbs,custom,False,full,16,0.01,1e-05,1,1.0,1000,300,44,True,0.0021823191308301126,-2.125662346927887,-2.123480027797057,0.026571086794137954,0.028418358514706293,6.096393028220959e-05,0.11350573578347696,0.7761170853341134,1.250407774647077,8.525507554411888
2d,4,16,1.0,,1.0,gibbs,custom,False,full,16,0.01,1e-05,2,1.0,1000,300,48,True,0.0025147303611117167,-2.125662346927887,-2.1231476165667753,0.027091066353023052,0.02896165964504083,8.792486632103191e-06,0.09819556844106678,0.7908566921375904,1.39015966296196,8.688497893512249
2d,4,16,1.0,,1.0,gibbs,custom,False,full,16,0.01,1e-05,3,1.0,1000,300,37,True,0.0024620637053742733,-2.125662346927887,-2.1232002832225128,0.02928750719875097,0.02988424140959978,7.626152302764311e-05,0.11328080778112065,0.778825888249132,1.1057169321551918,8.965272422879934
2d,4,16,1.0,,1.0,gibbs,custom,False,full,16,0.01,1e-05,4,1.0,1000,300,44,True,0.0028743300751643552,-2.125662346927887,-2.1227880168527227,0.025675784423947336,0.028057755877574284,1.682816827219824e-06,0.09109187225429505,0.7723321019188308,1.2345412586132685,8.417326763272285
2d,4,16,1.0,,1.0,gibbs,custom,False,full,16,0.01,1e-05,5,1.0,1000,300,43,True,0.002193983277744227,-2.125662346927887,-2.123468363650143,0.026748384721577166,0.028713576222459476,2.014284939688693e-05,0.09222754038189532,0.7986701464718879,1.2346837775657575,8.614072866737843
2d,4,16,2.0,,1.0,gibbs,custom,False,full,16,0.0003,1e-05,1,1.0,1000,300,280,False,0.31052034043531895,-2.5118871523544084,-2.2013668119190895,0.02627897635102272,0.028574244988461336,0.31052034043531895,3.9080312546453633,0.43375494967061745,8.000788596769175,8.5722734965384
2d,4,16,2.0,,1.0,gibbs,custom,False,full,16,0.0003,1e-05,2,1.0,1000,300,280,False,0.31392007539055244,-2.5118871523544084,-2.197967076963856,0.03059829380363226,0.028921555218597253,0.31392007539055244,3.9219279730239345,0.2628458187087457,8.09803546120723,8.676466565579176
2d,4,16,2.0,,1.0,gibbs,custom,False,full,16,0.0003,1e-05,3,1.0,1000,300,280,False,0.31169919989766326,-2.5118871523544084,-2.200187952456745,0.02706393375992775,0.028886413276195524,0.31169919989766326,3.870169259550809,0.343248601556139,8.088195717334747,8.665923982858658
2d,4,16,2.0,,1.0,gibbs,custom,False,full,16,0.0003,1e-05,4,1.0,1000,300,280,False,0.309698008797604,-2.5118871523544084,-2.2021891435568044,0.027514214254915716,0.029794912276168664,0.309698008797604,3.924625004073577,0.4171907364595865,8.342575437327225,8.9384736828506
2d,4,16,2.0,,1.0,gibbs,custom,False,full,16,0.01,1e-05,1,1.0,1000,300,44,True,0.00379848074207656,-2.5118871523544084,-2.508088671612332,0.02751702442765236,0.029270226334532103,0.00011021809393163551,0.7671975455421303,0.36735530629574975,1.2878899587194126,8.78106790035963
2d,4,16,2.0,,1.0,gibbs,custom,False,full,16,0.01,1e-05,2,1.0,1000,300,55,True,0.003752947004280749,-2.5118871523544084,-2.5081342053501277,0.0257796548306942,0.029537125813464325,0.00019905208458270707,0.7144076449623211,0.3938422368299001,1.6245419197405377,8.861137744039297
2d,4,16,2.0,,1.0,gibbs,custom,False,full,16,0.01,1e-05,3,1.0,1000,300,35,True,0.0029674008973805677,-2.5118871523544084,-2.508919751457028,0.027507547102868558,0.029092253011961777,4.260943995282318e-05,0.7523590037139418,0.3765157942513308,1.0182288554186623,8.727675903588533
2d,4,16,2.0,,1.0,gibbs,custom,False,full,16,0.01,1e-05,4,1.0,1000,300,54,True,0.004182228049195658,-2.5118871523544084,-2.5077049243052127,0.027910993807017802,0.028530114057163398,2.1055495795341272e-05,0.6708104935744574,0.3609472466422537,1.5406261590868235,8.55903421714902
2d,4,16,2.0,,1.0,gibbs,custom,False,full,16,0.01,1e-05,5,1.0,1000,300,49,True,0.0036355994607162323,-2.5118871523544084,-2.508251552893692,0.02769246157258749,0.028220240511000156,7.308857315591055e-05,0.6807140499173937,0.378276570800015,1.3827917850390077,8.466072153300047
2d,4,16,0.5,,1.0,lsb,custom,True,full,16,0.0003,1e-05,1,1.0,1000,300,280,False,1.0547930818844231,-2.031290853295019,-0.9764977714105958,0.01249945219606161,0.012413443885743619,1.0547930818844231,3.354183500516174,0.1842552784142831,3.475764288008213,3.724033165723086
2d,4,16,0.5,,1.0,lsb,custom,True,full,16,0.01,1e-05,1,1.0,1000,300,92,True,0.007991792710552392,-2.031290853295019,-2.0232990605844665,0.012606227770447731,0.013028010204434394,0.001529306382526574,0.40041826391651353,0.868885318925724,1.1985769388079643,3.9084030613303185
2d,4,16,0.5,,1.0,lsb,custom,True,full,16,0.01,1e-05,2,1.0,1000,300,109,True,0.010605414891261322,-2.031290853295019,-2.0206854384037576,0.012728211283683778,0.012867916139463583,0.003854607685672473,1.1941459957322653,0.6512391470086403,1.4026028592015305,3.860374841839075
2d,4,16,0.5,,1.0,lsb,custom,True,full,16,0.01,1e-05,3,1.0,1000,300,87,True,0.010048503068812664,-2.031290853295019,-2.0212423502262062,0.01274611372500658,0.013429928533732892,0.005954431125635207,0.13764969848909314,0.9751283778620717,1.1684037824347615,4.028978560119867
2d,4,16,0.5,,1.0,lsb,custom,True,full,16,0.01,1e-05,4,1.0,1000,300,121,True,0.005064082648977397,-2.031290853295019,-2.0262267706460415,0.012361238338053226,0.012834202647209168,0.003004767354397142,0.8430264193280392,0.7497345094563201,1.5529385203123094,3.8502607941627502
2d,4,16,0.5,,1.0,lsb,custom,True,full,16,0.01,1e-05,5,1.0,1000,300,104,True,0.006604313325084821,-2.031290853295019,-2.024686539969934,0.012551477551460266,0.013392347047726313,0.004099542193426675,0.8222637410336077,0.7386949571299462,1.3928040929635366,4.017704114317894
2d,4,16,1.0,,1.0,lsb,custom,True,full,16,0.0003,1e-05,1,1.0,1000,300,280,False,0.7060626549012636,-2.125662346927887,-1.4195996920266234,0.012914630770683288,0.012706333237389723,0.7060626549012636,3.386717319366138,0.2552797490659193,3.557773306469122,3.8118999712169166
2d,4,16,1.0,,1.0,lsb,custom,True,full,16,0.01,1e-05,1,1.0,1000,300,78,True,0.010335330788814101,-2.125662346927887,-2.115327016139073,0.012344389222562313,0.012728559039533138,0.003621421709363304,0.7358137134931175,0.6666223154994674,0.9928276050835847,3.8185677118599415
2d,4,16,1.0,,1.0,lsb,custom,True,full,16,0.01,1e-05,2,1.0,1000,300,91,True,0.02522477666023004,-2.125662346927887,-2.100437570267657,0.013248663768172264,0.012976649329066276,0.01735755702183228,1.0685981733720367,0.5768936941257155,1.180875088945031,3.8929947987198825
2d,4,16,1.0,,1.0,lsb,custom,True,full,16,0.01,1e-05,3,1.0,1000,300,71,True,0.010563454760776025,-2.125662346927887,-2.115098892167111,0.01230650171637535,0.013035135008394719,0.0011093692862957916,0.34884437235786797,0.8968951793568093,0.925494585596025,3.9105405025184155
2d,4,16,1.0,,1.0,lsb,custom,True,full,16,0.01,1e-05,4,1.0,1000,300,88,True,0.02206582776299104,-2.125662346927887,-2.103596519164896,0.012284974195063114,0.012752748678127925,0.011309558950224119,0.9202573074854115,0.5811167826371546,1.1222418836752575,3.8258246034383774
2d,4,16,1.0,,1.0,lsb,custom,True,full,16,0.01,1e-05,5,1.0,1000,300,86,True,0.015787475616321878,-2.125662346927887,-2.109874871311565,0.01272039134055376,0.012885349243879319,0.0055807829559317845,0.6314475508155742,0.7145814348332296,1.1081400349736215,3.8656047731637955
2d,4,16,2.0,,1.0,lsb,custom,True,full,16,0.0003,1e-05,1,1.0,1000,300,280,False,0.1868805508413831,-2.5118871523544084,-2.3250066015130253,0.012571817077696324,0.012866770066320896,0.1868805508413831,3.4799318337975427,0.3938772640402862,3.602695618569851,3.860031019896269
2d,4,16,2.0,,1.0,lsb,custom,True,full,16,0.01,1e-05,1,1.0,1000,300,80,True,0.03264409839265969,-2.5118871523544084,-2.4792430539617487,0.012731204181909562,0.012764398977160453,0.025344463825540675,3.0210735030883002,0.09666443160261597,1.0211519181728361,3.8293196931481357
2d,4,16,2.0,,1.0,lsb,custom,True,full,16,0.01,1e-05,2,1.0,1000,300,92,True,0.04606261521181798,-2.5118871523544084,-2.4658245371425904,0.012669707834720611,0.012759758494794368,0.03399536058260777,2.9107172463923865,0.09246835854936505,1.1738977815210818,3.8279275484383106
2d,4,16,2.0,,1.0,lsb,custom,True,full,16,0.01,1e-05,3,1.0,1000,300,22,True,0.03347852079538782,-2.5118871523544084,-2.4784086315590206,0.01256939098238945,0.012859831129511197,0.02065368826253433,2.289951053575421,0.2124152600309324,0.28291628484924636,3.8579493388533592
2d,4,16,2.0,,1.0,lsb,custom,True,full,16,0.01,1e-05,4,1.0,1000,300,94,True,0.020844566715008117,-2.5118871523544084,-2.4910425856394003,0.012748581171035767,0.012836132682859897,0.01790192652243139,2.643034474204346,0.16079445979643375,1.2065964721888303,3.8508398048579693
2d,4,16,2.0,,1.0,lsb,custom,True,full,16,0.01,1e-05,5,1.0,1000,300,79,True,0.03348335362487065,-2.5118871523544084,-2.4784037987295378,0.012413042597472668,0.012762852410475412,0.02940488009931963,2.9713703540772367,0.09845512585065877,1.0082653404275577,3.8288557231426235
2d,4,16,0.5,,1.0,metropolis,custom,False,full,16,0.01,1e-05,1,1.0,1000,300,44,True,0.0018257348128671858,-2.031290853295019,-2.0294651184821517,0.08141581565141678,0.07882393984744947,7.346787609385785e-06,0.024381997358852332,0.9532921739654093,3.4682533532877766,23.64718195423484
2d,4,16,0.5,,1.0,metropolis,custom,False,full,16,0.01,1e-05,2,1.0,1000,300,44,True,0.001864795104224548,-2.031290853295019,-2.0294260581907944,0.08945291992276908,0.08944604076445102,1.7015183022994762e-05,0.025629130088268573,0.9434365797958889,3.935625793635845,26.833812229335305
2d,4,16,0.5,,1.0,metropolis,custom,False,full,16,0.01,1e-05,3,1.0,1000,300,39,True,0.0013689400510057403,-2.031290853295019,-2.029921913244013,0.07893374282866716,0.07932952792694171,6.838651809282226e-06,0.026311434911144953,0.9444194359933613,3.0938515891507268,23.798858378082514
2d,4,16,0.5,,1.0,metropolis,custom,False,full,16,0.01,1e-05,4,1.0,1000,300,45,True,0.002144225417420209,-2.031290853295019,-2.0291466278775987,0.08378363028168678,0.08281590461730957,9.443649073404004e-06,0.025048060303156164,0.9474038360279844,3.726715707778931,24.84477138519287
2d,4,16,0.5,,1.0,metropolis,custom,False,full,16,0.01,1e-05,5,1.0,1000,300,40,True,0.0022968860364271926,-2.031290853295019,-2.0289939672585917,0.08107550833374262,0.08032432752350967,4.289730018314231e-06,0.03302031705766406,0.9315081840330621,3.2129731009403866,24.0972982570529
2d,4,16,1.0,,1.0,metropolis,custom,False,full,16,0.01,1e-05,1,1.0,1000,300,44,True,0.002343485298920367,-2.125662346927887,-2.1233188616289667,0.0895068559795618,0.08949855414529641,0.00015116055050201638,0.07605559675594818,0.807454574913201,3.937936382393042,26.84956624358892
2d,4,16,1.0,,1.0,metropolis,custom,False,full,16,0.01,1e-05,2,1.0,1000,300,47,True,0.002301588915399666,-2.125662346927887,-2.1233607580124874,0.08958320077508689,0.08932669214904308,7.921894717810574e-05,0.08732320982506778,0.7801496955857342,4.198354531005025,26.798007644712925
2d,4,16,1.0,,1.0,metropolis,custom,False,full,16,0.01,1e-05,3,1.0,1000,300,38,True,0.001899581297743147,-2.125662346927887,-2.123762765630144,0.08593394011259078,0.08864335055152575,0.00010297913056200869,0.08579702510337522,0.7822585569377454,3.3684473209579786,26.593005165457726
2d,4,16,1.0,,1.0,metropolis,custom,False,full,16,0.01,1e-05,4,1.0,1000,300,46,True,0.0024756644233807634,-2.125662346927887,-2.1231866825045063,0.08393328879028558,0.08501786886403959,3.933075225370786e-05,0.08837390873653282,0.780324847105675,3.910821967745821,25.505360659211878
2d,4,16,1.0,,1.0,metropolis,custom,False,full,16,0.01,1e-05,5,1.0,1000,300,44,True,0.002015343684024007,-2.125662346927887,-2.123647003243863,0.08952684625983238,0.08622843603293101,6.902068674374817e-06,0.12718573184247842,0.7586806513263316,3.7940511854489642,25.868530809879303
2d,4,16,2.0,,1.0,metropolis,custom,False,full,16,0.01,1e-05,1,1.0,1000,300,40,True,0.004146583948866134,-2.5118871523544084,-2.5077405684055423,0.08677152879536151,0.0877024855837226,3.0667317174604136e-05,0.6832987834005895,0.37518744491903383,3.508099423348904,26.310745675116777
2d,4,16,2.0,,1.0,metropolis,custom,False,full,16,0.01,1e-05,2,1.0,1000,300,55,True,0.004171578999494496,-2.5118871523544084,-2.507715573354914,0.0895653072744608,0.08949430874238412,0.000208240299803375,0.5884257924221814,0.36976763732064355,4.9221869808311265,26.848292622715235
2d,4,16,2.0,,1.0,metropolis,custom,False,full,16,0.01,1e-05,3,1.0,1000,300,33,True,0.0033993114211003927,-2.5118871523544084,-2.508487840933308,0.08991490192711353,0.08968371156603099,0.00011164819335762743,0.6458591592649836,0.35039544284081703,2.9595624816790225,26.905113469809297
2d,4,16,2.0,,1.0,metropolis,custom,False,full,16,0.01,1e-05,4,1.0,1000,300,56,True,0.003530665779075459,-2.5118871523544084,-2.508356486575333,0.08928298689424992,0.0867413225894173,8.239847377611298e-05,0.6635481403949697,0.3725309343438529,4.8575140650073685,26.02239677682519
2d,4,16,2.0,,1.0,metropolis,custom,False,full,16,0.01,1e-05,5,1.0,1000,300,47,True,0.004162628119689149,-2.5118871523544084,-2.5077245242347193,0.08530470076948404,0.08501939946164687,5.133553391312162e-05,0.6589805824320025,0.36518189488348496,3.9959117746974027,25.505819838494062
2d,5,25,0.5,,1.0,gibbs,custom,False,full,25,0.0003,1e-05,1,1.0,1000,300,280,False,,,-0.8111010806430189,0.03156556896865368,0.03220098124196132,,,0.07344828660526648,9.01627474774917,9.660294372588396
2d,5,25,0.5,,1.0,gibbs,custom,False,full,25,0.01,1e-05,1,1.0,1000,300,48,True,,,-2.028861603719795,0.027274398133158684,0.03117383673787117,,,0.8950237163633049,1.4963441634178163,9.352151021361351
2d,5,25,0.5,,1.0,gibbs,custom,False,full,25,0.01,1e-05,2,1.0,1000,300,47,True,,,-2.028766218994907,0.028881447017192842,0.031244404911994934,,,0.9190297181575299,1.4684870308637619,9.37332147359848
2d,5,25,0.5,,1.0,gibbs,custom,False,full,25,0.01,1e-05,3,1.0,1000,300,45,True,,,-2.0290735692365365,0.029201910085976123,0.03172671354065339,,,0.8957742160778036,1.4277021093294024,9.518014062196016
2d,5,25,0.5,,1.0,gibbs,custom,False,full,25,0.01,1e-05,4,1.0,1000,300,46,True,,,-2.0292263376051864,0.028315670602023602,0.03134953817973534,,,0.898262632868507,1.4420787562678257,9.404861453920603
2d,5,25,0.5,,1.0,gibbs,custom,False,full,25,0.01,1e-05,5,1.0,1000,300,42,True,,,-2.0293971750017925,0.029167221300303935,0.03132360955079397,,,0.8977113408886446,1.3155916011333466,9.39708286523819
2d,5,25,1.0,,1.0,gibbs,custom,False,full,25,0.0003,1e-05,1,1.0,1000,300,280,False,,,-1.261775494677782,0.030160217173397542,0.03193008390565713,,,0.22313357714635346,8.940423493583996,9.57902517169714
2d,5,25,1.0,,1.0,gibbs,custom,False,full,25,0.01,1e-05,1,1.0,1000,300,52,True,,,-2.1233378014474664,0.03098201807588339,0.03162275621046622,,,0.6614152920072466,1.6443833229442435,9.486826863139866
2d,5,25,1.0,,1.0,gibbs,custom,False,full,25,0.01,1e-05,2,1.0,1000,300,49,True,,,-2.1229371149223493,0.030260534025728703,0.031174104611078897,,,0.6676941688833326,1.5275311259428659,9.35223138332367
2d,5,25,1.0,,1.0,gibbs,custom,False,full,25,0.01,1e-05,3,1.0,1000,300,48,True,,,-2.122808148675202,0.028544983081519603,0.03142881921182076,,,0.6894876705936738,1.5085833221673965,9.428645763546228
2d,5,25,1.0,,1.0,gibbs,custom,False,full,25,0.01,1e-05,4,1.0,1000,300,49,True,,,-2.1230243685827714,0.03393498435616493,0.030981481038033963,,,0.6622041119138604,1.5180925708636641,9.294444311410189
2d,5,25,1.0,,1.0,gibbs,custom,False,full,25,0.01,1e-05,5,1.0,1000,300,44,True,,,-2.123574259894467,0.031050286255776882,0.03181375158329805,,,0.6686996824651258,1.3998050696651143,9.544125474989414
2d,5,25,2.0,,1.0,gibbs,custom,False,full,25,0.0003,1e-05,1,1.0,1000,300,280,False,,,-2.1963159168811335,0.028605770133435727,0.03246460595478614,,,0.2729554970721064,9.09008966734012,9.739381786435843
2d,5,25,2.0,,1.0,gibbs,custom,False,full,25,0.01,1e-05,1,1.0,1000,300,63,True,,,-2.507649768019458,0.032227927818894386,0.03163770521680514,,,0.20021348330301533,1.9931754286587238,9.491311565041542
2d,5,25,2.0,,1.0,gibbs,custom,False,full,25,0.01,1e-05,2,1.0,1000,300,63,True,,,-2.507519278768196,0.031911598332226274,0.031580517031252385,,,0.21343223412527693,1.9895725729689002,9.474155109375715
2d,5,25,2.0,,1.0,gibbs,custom,False,full,25,0.01,1e-05,3,1.0,1000,300,59,True,,,-2.50711635908978,0.027855077013373374,0.030366997768481573,,,0.22245982161195763,1.791652868340413,9.110099330544472
2d,5,25,2.0,,1.0,gibbs,custom,False,full,25,0.01,1e-05,4,1.0,1000,300,59,True,,,-2.507004651840062,0.03155411388725042,0.03153177275011937,,,0.19539641094928312,1.8603745922570427,9.45953182503581
2d,5,25,2.0,,1.0,gibbs,custom,False,full,25,0.01,1e-05,5,1.0,1000,300,45,True,,,-2.5079075032466163,0.027951585315167903,0.031453152385850745,,,0.2059817466854495,1.4153918573632835,9.435945715755224
2d,5,25,3.044,,1.0,gibbs,custom,False,full,25,0.0003,1e-05,1,1.0,1000,300,151,True,,,-3.1574366733495074,0.028942486457526683,0.031779263963301975,,,0.4386678890092892,4.798668858458599,9.533779188990593
2d,5,25,3.044,,1.0,gibbs,custom,False,full,25,0.01,1e-05,1,1.0,1000,300,23,True,,,-3.236160410410689,0.03195876069366932,0.03107451431453228,,,0.01576362417072724,0.7147138292342424,9.322354294359684
2d,5,25,3.044,,1.0,gibbs,custom,False,full,25,0.01,1e-05,2,1.0,1000,300,20,True,,,-3.235941981645252,0.028742676228284837,0.03123588436593612,,,0.02169758626579126,0.6247176873187223,9.370765309780836
2d,5,25,3.044,,1.0,gibbs,custom,False,full,25,0.01,1e-05,3,1.0,1000,300,23,True,,,-3.238505287335708,0.02801657039672136,0.03092714401582877,,,0.020357271958619767,0.7113243123640617,9.27814320474863
2d,5,25,3.044,,1.0,gibbs,custom,False,full,25,0.01,1e-05,4,1.0,1000,300,21,True,,,-3.2367949617927954,0.028634808026254177,0.03166508466005325,,,0.02105485687803344,0.6649667778611182,9.499525398015976
2d,5,25,3.044,,1.0,gibbs,custom,False,full,25,0.01,1e-05,5,1.0,1000,300,22,True,,,-3.2411926303553438,0.02944023795425892,0.0317957641556859,,,0.016410880180497415,0.6995068114250897,9.53872924670577
2d,5,25,0.5,,1.0,lsb,custom,True,full,25,0.0003,1e-05,1,1.0,1000,300,280,False,,,-1.0333255729469575,0.01797173246741295,0.0187292842194438,,,0.0913427016920339,5.2441995814442635,5.618785265833139
2d,5,25,0.5,,1.0,lsb,custom,True,full,25,0.01,1e-05,1,1.0,1000,300,144,True,,,-2.025005940684686,0.018627849407494068,0.01866857998073101,,,0.4983670980084798,2.6882755172252657,5.600573994219303
2d,5,25,0.5,,1.0,lsb,custom,True,full,25,0.01,1e-05,2,1.0,1000,300,142,True,,,-2.0258401174821596,0.019251076318323613,0.018937890181938807,,,0.8517787225703817,2.6891804058353106,5.681367054581642
2d,5,25,0.5,,1.0,lsb,custom,True,full,25,0.01,1e-05,3,1.0,1000,300,129,True,,,-2.0224065176448565,0.018471438996493818,0.0187220166126887,,,0.7595823821078883,2.4151401430368424,5.61660498380661
2d,5,25,0.5,,1.0,lsb,custom,True,full,25,0.01,1e-05,4,1.0,1000,300,123,True,,,-2.0245430420616617,0.019092040322721004,0.01917127670099338,,,0.9133533731679863,2.3580670342221857,5.751383010298014
2d,5,25,0.5,,1.0,lsb,custom,True,full,25,0.01,1e-05,5,1.0,1000,300,109,True,,,-2.024600956096333,0.01931732799857855,0.018976646264394124,,,0.9528987589059587,2.0684544428189597,5.692993879318237
2d,5,25,1.0,,1.0,lsb,custom,True,full,25,0.0003,1e-05,1,1.0,1000,300,280,False,,,-1.465436393539927,0.019457047805190086,0.018472266010940076,,,0.11963924943723477,5.172234483063221,5.5416798032820225
2d,5,25,1.0,,1.0,lsb,custom,True,full,25,0.01,1e-05,1,1.0,1000,300,113,True,,,-2.094820633384841,0.018606955371797084,0.018645945476988952,,,0.28579973608235615,2.1069918388997517,5.593783643096685
2d,5,25,1.0,,1.0,lsb,custom,True,full,25,0.01,1e-05,2,1.0,1000,300,109,True,,,-2.0999712368855867,0.019146202690899373,0.018848038241267205,,,0.2756462502182102,2.054436168298125,5.654411472380161
2d,5,25,1.0,,1.0,lsb,custom,True,full,25,0.01,1e-05,3,1.0,1000,300,107,True,,,-2.1065055528060306,0.018235214799642564,0.018584477417171,,,0.6100244444431925,1.9885390836372971,5.5753432251513
2d,5,25,1.0,,1.0,lsb,custom,True,full,25,0.01,1e-05,4,1.0,1000,300,107,True,,,-2.1053346244713795,0.018793750181794168,0.018836500570178032,,,0.6997675777519189,2.0155055610090495,5.65095017105341
2d,5,25,1.0,,1.0,lsb,custom,True,full,25,0.01,1e-05,5,1.0,1000,300,89,True,,,-2.1109773867139223,0.01836335249245167,0.018779471131662527,,,0.6778358170336443,1.671372930717965,5.633841339498758
2d,5,25,2.0,,1.0,lsb,custom,True,full,25,0.0003,1e-05,1,1.0,1000,300,280,False,,,-2.3520648461881497,0.01865825541317463,0.018758532367646696,,,0.2159963741091019,5.2523890629410745,5.627559710294009
2d,5,25,2.0,,1.0,lsb,custom,True,full,25,0.01,1e-05,1,1.0,1000,300,121,True,,,-2.470902209332922,0.018541399948298933,0.018629595202704272,,,0.042378115982532286,2.254181019527217,5.588878560811282
2d,5,25,2.0,,1.0,lsb,custom,True,full,25,0.01,1e-05,2,1.0,1000,300,117,True,,,-2.46876212343677,0.018219616450369357,0.018807933293282987,,,0.044163317063736544,2.2005281953141096,5.642379987984896
2d,5,25,2.0,,1.0,lsb,custom,True,full,25,0.01,1e-05,3,1.0,1000,300,107,True,,,-2.479514113737988,0.018416931666433812,0.018881758923331896,,,0.05191405911329757,2.020348204796513,5.664527676999569
2d,5,25,2.0,,1.0,lsb,custom,True,full,25,0.01,1e-05,4,1.0,1000,300,120,True,,,-2.474637126368985,0.01948564313352108,0.018786840873459974,,,0.04053875873250878,2.2544209048151966,5.6360522620379925
2d,5,25,2.0,,1.0,lsb,custom,True,full,25,0.01,1e-05,5,1.0,1000,300,97,True,,,-2.4746847607671665,0.018671257235109807,0.01887730520218611,,,0.04279398212903491,1.8310986046120525,5.663191560655832
2d,5,25,3.044,,1.0,lsb,custom,True,full,25,0.0003,1e-05,1,1.0,1000,300,241,True,,,-3.322646185475673,0.018069975078105927,0.018630730720857778,,,0.29684566865493855,4.490006103726724,5.589219216257334
2d,5,25,3.044,,1.0,lsb,custom,True,full,25,0.01,1e-05,1,1.0,1000,300,25,True,,,-3.23997664542147,0.018657332472503185,0.018573241805036864,,,0.022755394612011696,0.4643310451259216,5.57197254151106
2d,5,25,3.044,,1.0,lsb,custom,True,full,25,0.01,1e-05,2,1.0,1000,300,24,True,,,-3.238992104877945,0.018839891627430917,0.018709730828801792,,,0.009222483371171958,0.449033539891243,5.612919248640537
2d,5,25,3.044,,1.0,lsb,custom,True,full,25,0.01,1e-05,3,1.0,1000,300,25,True,,,-3.2412845741221,0.018840247206389903,0.018842530138790607,,,0.00888700716315998,0.4710632534697652,5.652759041637182
2d,5,25,3.044,,1.0,lsb,custom,True,full,25,0.01,1e-05,4,1.0,1000,300,24,True,,,-3.2418665034214404,0.019060395285487176,0.018656831781069437,,,0.01175913820378673,0.4477639627456665,5.597049534320831
2d,5,25,3.044,,1.0,lsb,custom,True,full,25,0.01,1e-05,5,1.0,1000,300,18,True,,,-3.248831424795173,0.018148507177829742,0.01866221535950899,,,0.008408416184106272,0.33591987647116184,5.598664607852697
2d,5,25,0.5,,1.0,metropolis,custom,False,full,25,0.01,1e-05,1,1.0,1000,300,49,True,,,-2.0291878663651275,0.15840426534414292,0.16022112804154556,,,0.910549989789639,7.850835274035733,48.06633841246367
2d,5,25,0.5,,1.0,metropolis,custom,False,full,25,0.01,1e-05,2,1.0,1000,300,47,True,,,-2.0293700408789834,0.1612586099654436,0.17627089350173872,,,0.8945317037215165,8.284731994581719,52.88126805052161
2d,5,25,0.5,,1.0,metropolis,custom,False,full,25,0.01,1e-05,3,1.0,1000,300,47,True,,,-2.02935472210786,0.1772017028182745,0.17915869707862536,,,0.9086229983599653,8.420458762695391,53.74760912358761
2d,5,25,0.5,,1.0,metropolis,custom,False,full,25,0.01,1e-05,4,1.0,1000,300,44,True,,,-2.028567463450627,0.18143270630389452,0.18060129993905624,,,0.9145600549926408,7.946457197318475,54.18038998171687
2d,5,25,0.5,,1.0,metropolis,custom,False,full,25,0.01,1e-05,5,1.0,1000,300,45,True,,,-2.029674846023752,0.18243190702050924,0.18238401847581068,,,0.8986547173263115,8.207280831411481,54.715205542743206
2d,5,25,1.0,,1.0,metropolis,custom,False,full,25,0.01,1e-05,1,1.0,1000,300,51,True,,,-2.123455207782026,0.18251100275665522,0.1823285290847222,,,0.6739347834589834,9.298754983320832,54.69855872541666
2d,5,25,1.0,,1.0,metropolis,custom,False,full,25,0.01,1e-05,2,1.0,1000,300,50,True,,,-2.123127777583671,0.18166518285870553,0.18114419440428417,,,0.6801343967040057,9.057209720214209,54.34325832128525
2d,5,25,1.0,,1.0,metropolis,custom,False,full,25,0.01,1e-05,3,1.0,1000,300,48,True,,,-2.123172492077083,0.1828914199024439,0.1822352434694767,,,0.7056265421666786,8.747291686534881,54.67057304084301
2d,5,25,1.0,,1.0,metropolis,custom,False,full,25,0.01,1e-05,4,1.0,1000,300,48,True,,,-2.1228706404091953,0.18240423668175937,0.1822456895808379,,,0.6924622144359723,8.74779309988022,54.673706874251366
2d,5,25,1.0,,1.0,metropolis,custom,False,full,25,0.01,1e-05,5,1.0,1000,300,43,True,,,-2.1232942629688423,0.18218296226114034,0.1820591381813089,,,0.6937539447463864,7.828542941796282,54.61774145439267
2d,5,25,2.0,,1.0,metropolis,custom,False,full,25,0.01,1e-05,1,1.0,1000,300,61,True,,,-2.5075367270605686,0.18075866252183914,0.1811704114700357,,,0.1797743921492567,11.051395099672177,54.351123441010714
2d,5,25,2.0,,1.0,metropolis,custom,False,full,25,0.01,1e-05,2,1.0,1000,300,62,True,,,-2.507303596068499,0.18105418439954518,0.18075230749944846,,,0.19568636128647882,11.206643064965805,54.22569224983454
2d,5,25,2.0,,1.0,metropolis,custom,False,full,25,0.01,1e-05,3,1.0,1000,300,57,True,,,-2.5067423089483443,0.18192803654819728,0.18165861477454504,,,0.23142530471721767,10.354541042149068,54.49758443236351
2d,5,25,2.0,,1.0,metropolis,custom,False,full,25,0.01,1e-05,4,1.0,1000,300,60,True,,,-2.5078140440814263,0.18223065808415412,0.1818924135218064,,,0.20504368620341185,10.913544811308384,54.56772405654192
2d,5,25,2.0,,1.0,metropolis,custom,False,full,25,0.01,1e-05,5,1.0,1000,300,41,True,,,-2.5072786997868732,0.1824388548731804,0.18197931230068207,,,0.23093839022715706,7.461151804327964,54.59379369020462
2d,5,25,3.044,,1.0,metropolis,custom,False,full,25,0.01,1e-05,1,1.0,1000,300,22,True,,,-3.236456763256767,0.1822474043816328,0.17975152420500914,,,0.014045212245611347,3.9545335325102013,53.92545726150274
2d,5,25,3.044,,1.0,metropolis,custom,False,full,25,0.01,1e-05,2,1.0,1000,300,22,True,,,-3.2363010635631455,0.18154233396053315,0.18066244722654423,,,0.013982982731135194,3.9745738389839733,54.198734167963266
2d,5,25,3.044,,1.0,metropolis,custom,False,full,25,0.01,1e-05,3,1.0,1000,300,24,True,,,-3.238160723215136,0.18251336514949798,0.18114936586469413,,,0.019085590141397563,4.347584780752659,54.344809759408236
2d,5,25,3.044,,1.0,metropolis,custom,False,full,25,0.01,1e-05,4,1.0,1000,300,21,True,,,-3.2372872193740165,0.18242488987743855,0.1820927651847402,,,0.018122185423471555,3.8239480688795444,54.62782955542206
2d,5,25,3.044,,1.0,metropolis,custom,False,full,25,0.01,1e-05,5,1.0,1000,300,22,True,,,-3.240314154125452,0.1821278700605035,0.18176492740710576,,,0.014399551571423214,3.9988284029563266,54.52947822213173
2d,6,36,0.5,,1.0,gibbs,custom,False,full,36,0.0003,1e-05,1,1.0,1000,300,280,False,,,-0.7914690559208815,0.03680311422795057,0.039219334460794925,,,0.030368262239952544,10.98141364902258,11.765800338238478
2d,6,36,0.5,,1.0,gibbs,custom,False,full,36,0.01,1e-05,1,1.0,1000,300,46,True,,,-2.029101072157805,0.03577636294066906,0.0373276782532533,,,0.8619410796821364,1.717073199649652,11.19830347597599
2d,6,36,0.5,,1.0,gibbs,custom,False,full,36,0.01,1e-05,2,1.0,1000,300,45,True,,,-2.0292030159814276,0.0350396528840065,0.036539420870443186,,,0.8836760073122655,1.6442739391699435,10.961826261132956
2d,6,36,0.5,,1.0,gibbs,custom,False,full,36,0.01,1e-05,3,1.0,1000,300,43,True,,,-2.028765115357262,0.03544458411633968,0.03747048400342465,,,0.8666554996585089,1.6112308121472598,11.241145201027395
2d,6,36,0.5,,1.0,gibbs,custom,False,full,36,0.01,1e-05,4,1.0,1000,300,44,True,,,-2.0291923937956566,0.036184082925319674,0.03749840036034584,,,0.8696631462928425,1.6499296158552168,11.249520108103752
2d,6,36,0.5,,1.0,gibbs,custom,False,full,36,0.01,1e-05,5,1.0,1000,300,44,True,,,-2.0289241589583336,0.03471411932259798,0.03565525515625874,,,0.86382920407208,1.5688312268753846,10.69657654687762
2d,6,36,1.0,,1.0,gibbs,custom,False,full,36,0.0003,1e-05,1,1.0,1000,300,280,False,,,-1.2500221019250646,0.03586465083062649,0.037690743220349154,,,0.10211364959234406,10.553408101697762,11.307222966104746
2d,6,36,1.0,,1.0,gibbs,custom,False,full,36,0.01,1e-05,1,1.0,1000,300,48,True,,,-2.122992527456126,0.037096150778234006,0.039301988085110984,,,0.5707368763855344,1.8864954280853272,11.790596425533295
2d,6,36,1.0,,1.0,gibbs,custom,False,full,36,0.01,1e-05,2,1.0,1000,300,46,True,,,-2.1228470840948424,0.037525040470063685,0.03813983888675769,,,0.5810120246766665,1.7544325887908538,11.441951666027308
2d,6,36,1.0,,1.0,gibbs,custom,False,full,36,0.01,1e-05,3,1.0,1000,300,47,True,,,-2.1230899329551307,0.03405135665088892,0.03809106533726057,,,0.5637525340799329,1.7902800708512467,11.42731960117817
2d,6,36,1.0,,1.0,gibbs,custom,False,full,36,0.01,1e-05,4,1.0,1000,300,47,True,,,-2.12307010411507,0.03626609779894352,0.03929864390442769,,,0.5739576315684571,1.8470362635081012,11.789593171328306
2d,6,36,1.0,,1.0,gibbs,custom,False,full,36,0.01,1e-05,5,1.0,1000,300,46,True,,,-2.1228756441416428,0.035829644091427325,0.038885615666707354,,,0.5706086370566668,1.7887383206685383,11.665684700012207
2d,6,36,2.0,,1.0,gibbs,custom,False,full,36,0.0003,1e-05,1,1.0,1000,300,280,False,0.2674725897410002,-2.4549,-2.1874274102589997,0.03932465985417366,0.04361093347271283,0.2674725897410002,,0.2192129061808127,12.211061372359593,13.08328004181385
2d,6,36,2.0,,1.0,gibbs,custom,False,full,36,0.0003,1e-05,2,1.0,1000,300,280,False,0.2689560530895925,-2.4549,-2.1859439469104074,0.03721500188112259,0.03812092394878467,0.2689560530895925,,0.2539625408237201,10.673858705659708,11.4362771846354
2d,6,36,2.0,,1.0,gibbs,custom,False,full,36,0.01,1e-05,1,1.0,1000,300,62,True,0.05257909193386423,-2.4549,-2.507479091933864,0.03823012989014387,0.037376140741010505,0.05635009024514215,,0.11618830768681267,2.3173207259426514,11.212842222303152
2d,6,36,2.0,,1.0,gibbs,custom,False,full,36,0.01,1e-05,2,1.0,1000,300,61,True,0.0531962000851931,-2.4549,-2.508096200085193,0.03768226932734251,0.039185126858452955,0.056321774338625286,,0.10373559846875592,2.39029273836563,11.755538057535887
2d,6,36,2.0,,1.0,gibbs,custom,False,full,36,0.01,1e-05,3,1.0,1000,300,57,True,,,-2.507583689334372,0.03747672941535711,0.03971151806414128,,,0.10649972131358386,2.2635565296560527,11.913455419242384
2d,6,36,2.0,,1.0,gibbs,custom,False,full,36,0.01,1e-05,4,1.0,1000,300,59,True,,,-2.508077730044529,0.039696665853261946,0.03813967174539963,,,0.11432264082997018,2.2502406329785782,11.441901523619888
2d,6,36,2.0,,1.0,gibbs,custom,False,full,36,0.01,1e-05,5,1.0,1000,300,58,True,,,-2.507421027694241,0.03710174355655908,0.03896378648777803,,,0.09686932397790443,2.2598996162911256,11.689135946333408
2d,6,36,3.044,,1.0,gibbs,custom,False,full,36,0.0003,1e-05,1,1.0,1000,300,243,True,,,-3.1823027896320637,0.03634017910808325,0.03946246729542812,,,0.24677128563612152,9.589379552789033,11.838740188628437
2d,6,36,3.044,,1.0,gibbs,custom,False,full,36,0.01,1e-05,1,1.0,1000,300,23,True,,,-3.2290493345804308,0.033958863094449045,0.03899878052373727,,,0.0029664045403113627,0.8969719520459573,11.699634157121181
2d,6,36,3.044,,1.0,gibbs,custom,False,full,36,0.01,1e-05,2,1.0,1000,300,28,True,,,-3.232434372284863,0.036381098441779613,0.0381796699265639,,,0.004624993468366659,1.0690307579437892,11.45390097796917
2d,6,36,3.044,,1.0,gibbs,custom,False,full,36,0.01,1e-05,3,1.0,1000,300,28,True,,,-3.2323962453210564,0.03778710849583149,0.04004700522869825,,,0.006782950074105909,1.121316146403551,12.014101568609476
2d,6,36,3.044,,1.0,gibbs,custom,False,full,36,0.01,1e-05,4,1.0,1000,300,19,True,,,-3.2272262955304862,0.03451313730329275,0.03694387434671322,,,0.009395382292148565,0.7019336125875513,11.083162304013968
2d,6,36,3.044,,1.0,gibbs,custom,False,full,36,0.01,1e-05,5,1.0,1000,300,29,True,,,-3.2327510126907897,0.03502320852130651,0.038922168699403605,,,0.009349515856299243,1.1287428922827045,11.676650609821081
2d,6,36,0.5,,1.0,lsb,custom,True,full,36,0.0003,1e-05,1,1.0,1000,300,280,False,,,-1.1422393603649563,0.025051794573664667,0.025034413784742356,,,0.12346392397416882,7.00963585972786,7.510324135422707
2d,6,36,0.5,,1.0,lsb,custom,True,full,36,0.01,1e-05,1,1.0,1000,300,150,True,,,-2.0266980771287324,0.023561082780361176,0.024491020167867344,,,0.9610870666512972,3.6736530251801014,7.347306050360203
2d,6,36,0.5,,1.0,lsb,custom,True,full,36,0.01,1e-05,2,1.0,1000,300,140,True,,,-2.0254218017981227,0.023863867111504077,0.02436657161762317,,,0.9660876655619123,3.411320026467244,7.309971485286951
2d,6,36,0.5,,1.0,lsb,custom,True,full,36,0.01,1e-05,3,1.0,1000,300,139,True,,,-2.0241081318974823,0.024232610873878003,0.024531960611542065,,,0.965337916586555,3.409942525004347,7.35958818346262
2d,6,36,0.5,,1.0,lsb,custom,True,full,36,0.01,1e-05,4,1.0,1000,300,139,True,,,-2.0250389690950428,0.02535434253513813,0.024466350302100183,,,0.961809528602311,3.4008226919919253,7.3399050906300545
2d,6,36,0.5,,1.0,lsb,custom,True,full,36,0.01,1e-05,5,1.0,1000,300,139,True,,,-2.0248733087601822,0.024195944145321845,0.02463788418720166,,,0.9767695459869149,3.424665902021031,7.391365256160498
2d,6,36,1.0,,1.0,lsb,custom,True,full,36,0.0003,1e-05,1,1.0,1000,300,280,False,,,-1.5525818672991352,0.026051010936498642,0.025329984289904437,,,0.10222584123168947,7.0923956011732425,7.5989952869713315
2d,6,36,1.0,,1.0,lsb,custom,True,full,36,0.01,1e-05,1,1.0,1000,300,119,True,,,-2.1195213835975393,0.02544734999537468,0.02495757903903723,,,0.8705862657582151,2.96995190564543,7.487273711711168
2d,6,36,1.0,,1.0,lsb,custom,True,full,36,0.01,1e-05,2,1.0,1000,300,109,True,,,-2.118992419566935,0.025944907777011396,0.0250286099811395,,,0.9129221306153034,2.7281184879442053,7.50858299434185
2d,6,36,1.0,,1.0,lsb,custom,True,full,36,0.01,1e-05,3,1.0,1000,300,109,True,,,-2.11791763368151,0.02449185438454151,0.024764117263257505,,,0.873183776703212,2.699288781695068,7.429235178977251
2d,6,36,1.0,,1.0,lsb,custom,True,full,36,0.01,1e-05,4,1.0,1000,300,114,True,,,-2.1199469431921285,0.023691171780228615,0.02475628363589446,,,0.8768054667515353,2.8222163344919684,7.426885090768338
2d,6,36,1.0,,1.0,lsb,custom,True,full,36,0.01,1e-05,5,1.0,1000,300,112,True,,,-2.1194236992569513,0.024498384073376657,0.024796263327201206,,,0.8887396876493895,2.7771814926465352,7.438878998160362
2d,6,36,2.0,,1.0,lsb,custom,False,full,36,0.0003,1e-05,1,1.0,1000,300,280,False,0.11891595962562063,-2.4549,-2.5738159596256205,0.0247600257396698,0.03131833733369907,0.11891595962562063,,0.04737028876336457,8.76913445343574,9.39550120010972
2d,6,36,2.0,,1.0,lsb,custom,True,full,36,0.0003,1e-05,1,1.0,1000,300,280,False,,,-2.4092623108092317,0.02581215277314186,0.025387518405914307,,,0.21010088578170746,7.108505153656006,7.616255521774292
2d,6,36,2.0,,1.0,lsb,custom,False,full,36,0.0003,1e-05,2,1.0,1000,300,280,False,0.13859592297759216,-2.4549,-2.593495922977592,0.02545457910746336,0.02534174991150697,0.13859592297759216,,0.060839810110273625,7.095689975221952,7.602524973452091
2d,6,36,2.0,,1.0,lsb,custom,False,full,36,0.01,1e-05,1,1.0,1000,300,104,True,0.02490250657771087,-2.4549,-2.4798025065777107,0.025555006787180902,0.025012309265633425,0.03029480575203003,,0.045445543457478185,2.601280163625876,7.503692779690027
2d,6,36,2.0,,1.0,lsb,custom,True,full,36,0.01,1e-05,1,1.0,1000,300,120,True,,,-2.4831749016388476,0.024769114330410957,0.02505721849699815,,,0.022065785718368956,3.006866219639778,7.517165549099445
2d,6,36,2.0,,1.0,lsb,custom,False,full,36,0.01,1e-05,2,1.0,1000,300,91,True,0.030134790698060243,-2.4549,-2.48503479069806,0.0260473532602191,0.025101895133654278,0.04328629092246761,,0.41803944641986884,2.2842724571625395,7.530568540096283
2d,6,36,2.0,,1.0,lsb,custom,True,full,36,0.01,1e-05,2,1.0,1000,300,113,True,,,-2.4811370456790693,0.025569207221269607,0.02497139908373356,,,0.017743191214037297,2.8217680964618923,7.491419725120068
2d,6,36,2.0,,1.0,lsb,custom,True,full,36,0.01,1e-05,3,1.0,1000,300,112,True,,,-2.4793477578172376,0.025428685545921325,0.02516171264151732,,,0.02310427538553958,2.81811181584994,7.548513792455196
2d,6,36,2.0,,1.0,lsb,custom,True,full,36,0.01,1e-05,4,1.0,1000,300,113,True,,,-2.4890174258080857,0.02453008871525526,0.02508008507390817,,,0.038478763668028666,2.834049613351623,7.524025522172451
2d,6,36,2.0,,1.0,lsb,custom,True,full,36,0.01,1e-05,5,1.0,1000,300,118,True,,,-2.4902385138544227,0.026032029092311858,0.025167126581072806,,,0.029477470545074436,2.969720936566591,7.550137974321842
2d,6,36,3.044,,1.0,lsb,custom,True,full,36,0.0003,1e-05,1,1.0,1000,300,203,True,,,-3.3503770751249404,0.025198693759739398,0.025204459664722283,,,0.29022155695233465,5.1165053119386235,7.561337899416685
2d,6,36,3.044,,1.0,lsb,custom,True,full,36,0.01,1e-05,1,1.0,1000,300,26,True,,,-3.2505450017570348,0.025230108574032784,0.025383729226887225,,,0.006253431678700855,0.6599769598990679,7.615118768066168
2d,6,36,3.044,,1.0,lsb,custom,True,full,36,0.01,1e-05,2,1.0,1000,300,29,True,,,-3.2511196790117984,0.02461714167147875,0.0252680092304945,,,0.0016843286648896135,0.7327722676843405,7.58040276914835
2d,6,36,3.044,,1.0,lsb,custom,True,full,36,0.01,1e-05,3,1.0,1000,300,33,True,,,-3.24673602260403,0.024259772337973117,0.025291462888320286,,,0.005133270027972566,0.8346182753145694,7.587438866496086
2d,6,36,3.044,,1.0,lsb,custom,True,full,36,0.01,1e-05,4,1.0,1000,300,26,True,,,-3.252457496776292,0.02544442918151617,0.02512426920235157,,,0.0034984586871177024,0.6532309992611408,7.537280760705471
2d,6,36,3.044,,1.0,lsb,custom,True,full,36,0.01,1e-05,5,1.0,1000,300,36,True,,,-3.246584534924886,0.02542267572134733,0.025286018053690594,,,0.004388779082309123,0.9102966499328614,7.585805416107179
2d,6,36,0.5,,1.0,metropolis,custom,False,full,36,0.01,1e-05,1,1.0,1000,300,46,True,,,-2.0289176038844023,0.3521530658006668,0.35537155182411273,,,0.8599152402694117,16.347091383909184,106.61146554723382
2d,6,36,0.5,,1.0,metropolis,custom,False,full,36,0.01,1e-05,2,1.0,1000,300,44,True,,,-2.0291536404982793,0.34750755224376917,0.35057732100288075,,,0.8635033853335468,15.425402124126753,105.17319630086422
2d,6,36,0.5,,1.0,metropolis,custom,False,full,36,0.01,1e-05,3,1.0,1000,300,43,True,,,-2.02892287014146,0.37176556680351497,0.3870217069362601,,,0.885636703265489,16.641933398259184,116.10651208087803
2d,6,36,0.5,,1.0,metropolis,custom,False,full,36,0.01,1e-05,4,1.0,1000,300,44,True,,,-2.028990784894034,0.396155471727252,0.39490365783373516,,,0.8473998617955165,17.375760944684348,118.47109735012054
2d,6,36,0.5,,1.0,metropolis,custom,False,full,36,0.01,1e-05,5,1.0,1000,300,44,True,,,-2.0290495316052146,0.35804147403687236,0.36521328767140704,,,0.8524517040184163,16.06938465754191,109.5639863014221
2d,6,36,1.0,,1.0,metropolis,custom,False,full,36,0.01,1e-05,1,1.0,1000,300,47,True,,,-2.1225129246122276,0.4123188989236951,0.4422930336371064,,,0.571004066743448,20.787772580944,132.68791009113193
2d,6,36,1.0,,1.0,metropolis,custom,False,full,36,0.01,1e-05,2,1.0,1000,300,46,True,,,-2.1231617150372304,0.40000713616609573,0.4050084907685717,,,0.5558513962514634,18.630390575354298,121.50254723057151
2d,6,36,1.0,,1.0,metropolis,custom,False,full,36,0.01,1e-05,3,1.0,1000,300,47,True,,,-2.1232398288962626,0.4126343561336398,0.43517813390741744,,,0.5943213081032112,20.45337229364862,130.55344017222524
2d,6,36,1.0,,1.0,metropolis,custom,False,full,36,0.01,1e-05,4,1.0,1000,300,48,True,,,-2.122904560164299,0.44761561825871465,0.4500928131490946,,,0.5702242877561469,21.60445503115654,135.02784394472837
2d,6,36,1.0,,1.0,metropolis,custom,False,full,36,0.01,1e-05,5,1.0,1000,300,45,True,,,-2.1225385659340557,0.384603332541883,0.40193736714621386,,,0.5464515323674326,18.087181521579623,120.58121014386415
2d,6,36,2.0,,1.0,metropolis,custom,False,full,36,0.01,1e-05,1,1.0,1000,300,61,True,,,-2.507278823489726,0.42106242924928666,0.41452275002996125,,,0.09273351243290075,25.285887751827637,124.35682500898838
2d,6,36,2.0,,1.0,metropolis,custom,False,full,36,0.01,1e-05,2,1.0,1000,300,57,True,,,-2.5072544429045784,0.42692679483443496,0.42903441824018956,,,0.11045646151336345,24.454961839690807,128.71032547205687
2d,6,36,2.0,,1.0,metropolis,custom,False,full,36,0.01,1e-05,3,1.0,1000,300,58,True,,,-2.5077692589314355,0.4259885372593999,0.41654462498923145,,,0.0900368430659991,24.159588249375425,124.96338749676943
2d,6,36,2.0,,1.0,metropolis,custom,False,full,36,0.01,1e-05,4,1.0,1000,300,57,True,,,-2.5072112265248117,0.4139937760308385,0.4159922294691205,,,0.102610432963039,23.71155707973987,124.79766884073615
2d,6,36,2.0,,1.0,metropolis,custom,False,full,36,0.01,1e-05,5,1.0,1000,300,57,True,,,-2.507557256770351,0.4155783586204052,0.40759636538724103,,,0.11869456924423287,23.23299282707274,122.27890961617231
2d,6,36,3.044,,1.0,metropolis,custom,False,full,36,0.01,1e-05,1,1.0,1000,300,30,True,,,-3.2322681956587402,0.4451775591820478,0.4367419148981571,,,0.00723660810517766,13.102257446944714,131.02257446944714
2d,6,36,3.044,,1.0,metropolis,custom,False,full,36,0.01,1e-05,2,1.0,1000,300,28,True,,,-3.2318285385915404,0.4459328483790159,0.43161310800661645,,,0.00734351892595428,12.08516702418526,129.48393240198493
2d,6,36,3.044,,1.0,metropolis,custom,False,full,36,0.01,1e-05,3,1.0,1000,300,29,True,,,-3.2319533900267707,0.45001202542334795,0.43790875626107056,,,0.007211117194034054,12.699353931571046,131.37262687832117
2d,6,36,3.044,,1.0,metropolis,custom,False,full,36,0.01,1e-05,4,1.0,1000,300,25,True,,,-3.2297151755734346,0.4446995496749878,0.4310248500481248,,,0.00862302570475355,10.77562125120312,129.30745501443744
2d,6,36,3.044,,1.0,metropolis,custom,False,full,36,0.01,1e-05,5,1.0,1000,300,27,True,,,-3.23193371096727,0.4488148281350732,0.4435240442926685,,,0.002025377101561641,11.97514919590205,133.05721328780055
2d,7,49,0.5,,1.0,gibbs,custom,False,full,49,0.0003,1e-05,1,1.0,1000,300,280,False,,,-0.7575665930454238,0.04264902230352163,0.044071667517224945,,,0.09368922756982671,12.340066904822985,13.221500255167484
2d,7,49,0.5,,1.0,gibbs,custom,False,full,49,0.01,1e-05,1,1.0,1000,300,48,True,,,-2.028941835332748,0.04150051455944777,0.049059710030754405,,,0.8259848656672096,2.3548660814762115,14.717913009226322
2d,7,49,0.5,,1.0,gibbs,custom,False,full,49,0.01,1e-05,2,1.0,1000,300,50,True,,,-2.029151322090862,0.03896686341613531,0.041283859287699065,,,0.8208100870016944,2.0641929643849535,12.385157786309719
2d,7,49,0.5,,1.0,gibbs,custom,False,full,49,0.01,1e-05,3,1.0,1000,300,51,True,,,-2.02960558638696,0.04059672821313143,0.04406672064214945,,,0.8028657838774331,2.247402752749622,13.220016192644835
2d,7,49,0.5,,1.0,gibbs,custom,False,full,49,0.01,1e-05,4,1.0,1000,300,50,True,,,-2.0291380676117354,0.03920355774462223,0.0431838475043575,,,0.7980434455882446,2.159192375217875,12.955154251307249
2d,7,49,0.5,,1.0,gibbs,custom,False,full,49,0.01,1e-05,5,1.0,1000,300,49,True,,,-2.0292175225656925,0.037402579188346864,0.04368181902915239,,,0.8402937598675732,2.1404091324284673,13.104545708745718
2d,7,49,1.0,,1.0,gibbs,custom,False,full,49,0.0003,1e-05,1,1.0,1000,300,280,False,,,-1.2231738038981503,0.04193820189684629,0.04410657748579979,,,0.1109791560301674,12.349841696023942,13.231973245739937
2d,7,49,1.0,,1.0,gibbs,custom,False,full,49,0.01,1e-05,1,1.0,1000,300,52,True,,,-2.1225872969420094,0.037332179583609106,0.04298595926413933,,,0.4628088438446729,2.2352698817352454,12.8957877792418
2d,7,49,1.0,,1.0,gibbs,custom,False,full,49,0.01,1e-05,2,1.0,1000,300,51,True,,,-2.122226134539379,0.04256417229771614,0.043437898804744086,,,0.46972678052651273,2.2153328390419484,13.031369641423225
2d,7,49,1.0,,1.0,gibbs,custom,False,full,49,0.01,1e-05,3,1.0,1000,300,52,True,,,-2.1226641682822445,0.04762175064533949,0.0428775080665946,,,0.4604093468372413,2.2296304194629193,12.86325241997838
2d,7,49,1.0,,1.0,gibbs,custom,False,full,49,0.01,1e-05,4,1.0,1000,300,52,True,,,-2.1225710161046645,0.04668833985924721,0.04343680633852879,,,0.43513576431664935,2.258713929603497,13.031041901558638
2d,7,49,1.0,,1.0,gibbs,custom,False,full,49,0.01,1e-05,5,1.0,1000,300,53,True,,,-2.1231700790934993,0.039723709039390084,0.042863135474423567,,,0.442604187537446,2.271746180144449,12.85894064232707
2d,7,49,2.0,,1.0,gibbs,custom,False,full,49,0.0003,1e-05,1,1.0,1000,300,280,False,,,-2.1716842500170914,0.04011172130703926,0.04302098506440719,,,0.18531143119030377,12.045875818034014,12.906295519322157
2d,7,49,2.0,,1.0,gibbs,custom,False,full,49,0.01,1e-05,1,1.0,1000,300,66,True,,,-2.5065264019479763,0.04158362820744514,0.04345010839402676,,,0.05423376907577718,2.867707154005766,13.035032518208027
2d,7,49,2.0,,1.0,gibbs,custom,False,full,49,0.01,1e-05,2,1.0,1000,300,63,True,,,-2.5050864606940566,0.04346899464726448,0.04358162591854731,,,0.0500540750222408,2.7456424328684808,13.074487775564194
2d,7,49,2.0,,1.0,gibbs,custom,False,full,49,0.01,1e-05,3,1.0,1000,300,63,True,,,-2.505631308853159,0.04084740653634071,0.04373930369814237,,,0.0483202377989308,2.7555761329829696,13.12179110944271
2d,7,49,2.0,,1.0,gibbs,custom,False,full,49,0.01,1e-05,4,1.0,1000,300,65,True,,,-2.5060287920469504,0.042210204526782036,0.04492188192903995,,,0.048775552498952025,2.919922325387597,13.476564578711987
2d,7,49,2.0,,1.0,gibbs,custom,False,full,49,0.01,1e-05,5,1.0,1000,300,64,True,,,-2.5058788944895816,0.04076315779238939,0.043150689887503785,,,0.045828558025118545,2.7616441528002422,12.945206966251135
2d,7,49,3.044,,1.0,gibbs,custom,False,full,49,0.0003,1e-05,1,1.0,1000,300,149,True,,,-3.1455525306798275,0.042383338697254656,0.04460884808252255,,,0.2692450265417194,6.64671836429586,13.382654424756765
2d,7,49,3.044,,1.0,gibbs,custom,False,full,49,0.01,1e-05,1,1.0,1000,300,19,True,,,-3.216719254414206,0.04431458581238985,0.04316507911930482,,,0.0052152701040559775,0.8201365032667916,12.949523735791445
2d,7,49,3.044,,1.0,gibbs,custom,False,full,49,0.01,1e-05,2,1.0,1000,300,28,True,,,-3.2202780346730373,0.040226909518241885,0.04318553401778142,,,0.009276893156393245,1.2091949524978798,12.955660205334427
2d,7,49,3.044,,1.0,gibbs,custom,False,full,49,0.01,1e-05,3,1.0,1000,300,20,True,,,-3.2169825467508675,0.044081414863467214,0.04485920830319325,,,0.0010959785576508875,0.8971841660638651,13.457762490957975
2d,7,49,3.044,,1.0,gibbs,custom,False,full,49,0.01,1e-05,4,1.0,1000,300,18,True,,,-3.2171345943797482,0.04155525900423527,0.04570328512539466,,,0.002059946250891199,0.822659132257104,13.710985537618399
2d,7,49,3.044,,1.0,gibbs,custom,False,full,49,0.01,1e-05,5,1.0,1000,300,25,True,,,-3.219482951187481,0.04052768386900425,0.04447301410138607,,,0.0013804062599580614,1.1118253525346518,13.341904230415821
2d,7,49,0.5,,1.0,lsb,custom,True,full,49,0.0003,1e-05,1,1.0,1000,300,280,False,,,-1.2321033228471552,0.03367254491895437,0.03308228980749846,,,0.06028344086504356,9.263041146099567,9.924686942249537
2d,7,49,0.5,,1.0,lsb,custom,True,full,49,0.01,1e-05,1,1.0,1000,300,174,True,,,-2.025581807422337,0.030894248001277446,0.03188284556070964,,,0.957589825941683,5.547615127563477,9.56485366821289
2d,7,49,0.5,,1.0,lsb,custom,True,full,49,0.01,1e-05,2,1.0,1000,300,164,True,,,-2.0237669271317595,0.0313652379438281,0.03220140828440587,,,0.9686526417121272,5.281030958642562,9.66042248532176
2d,7,49,0.5,,1.0,lsb,custom,True,full,49,0.01,1e-05,3,1.0,1000,300,163,True,,,-2.0216186464152837,0.03177024759352207,0.03165456573168437,,,0.9640161247372389,5.159694214264552,9.49636971950531
2d,7,49,0.5,,1.0,lsb,custom,True,full,49,0.01,1e-05,4,1.0,1000,300,169,True,,,-2.024091531127179,0.03169201910495758,0.031488816825052106,,,0.9580268097687115,5.321610043433806,9.446645047515632
2d,7,49,0.5,,1.0,lsb,custom,True,full,49,0.01,1e-05,5,1.0,1000,300,174,True,,,-2.0263814124851516,0.03041195999830961,0.031730072585244976,,,0.9557729334238815,5.521032629832626,9.519021775573492
2d,7,49,1.0,,1.0,lsb,custom,True,full,49,0.0003,1e-05,1,1.0,1000,300,280,False,,,-1.635083582222639,0.03315931111574173,0.03342897800107797,,,0.0790232312988303,9.360113840301832,10.028693400323391
2d,7,49,1.0,,1.0,lsb,custom,True,full,49,0.01,1e-05,1,1.0,1000,300,138,True,,,-2.117386384974728,0.0330625306814909,0.032627938886483514,,,0.8962588961763828,4.502655566334725,9.788381665945055
2d,7,49,1.0,,1.0,lsb,custom,True,full,49,0.01,1e-05,2,1.0,1000,300,133,True,,,-2.1165521895226105,0.03234020210802555,0.03276155618329843,,,0.8881725271941366,4.357286972378691,9.828466854989529
2d,7,49,1.0,,1.0,lsb,custom,True,full,49,0.01,1e-05,3,1.0,1000,300,138,True,,,-2.1177736550606467,0.0332272831350565,0.032773885913193225,,,0.8875148014053081,4.522796256020665,9.832165773957968
2d,7,49,1.0,,1.0,lsb,custom,True,full,49,0.01,1e-05,4,1.0,1000,300,130,True,,,-2.1154669709976766,0.033223864063620566,0.03298530615866184,,,0.8798699800544624,4.2880898006260395,9.895591847598553
2d,7,49,1.0,,1.0,lsb,custom,True,full,49,0.01,1e-05,5,1.0,1000,300,134,True,,,-2.117279316287129,0.033057702146470545,0.032909323759377,,,0.891661364637724,4.4098493837565185,9.8727971278131
2d,7,49,2.0,,1.0,lsb,custom,True,full,49,0.0003,1e-05,1,1.0,1000,300,280,False,,,-2.4718080803342195,0.0335884589701891,0.03312300386528174,,,0.1111471784677,9.274441082278887,9.936901159584522
2d,7,49,2.0,,1.0,lsb,custom,True,full,49,0.01,1e-05,1,1.0,1000,300,128,True,,,-2.491084292083249,0.03289234843105078,0.03295779896279176,,,0.22878614943516262,4.218598267237345,9.887339688837528
2d,7,49,2.0,,1.0,lsb,custom,True,full,49,0.01,1e-05,2,1.0,1000,300,126,True,,,-2.493681056019823,0.03296131081879139,0.032813044811288515,,,0.1496720602056676,4.134443646222353,9.843913443386555
2d,7,49,2.0,,1.0,lsb,custom,True,full,49,0.01,1e-05,3,1.0,1000,300,129,True,,,-2.496138556888943,0.03393678665161133,0.03277696573485931,,,0.14649522806844525,4.228228579796851,9.833089720457792
2d,7,49,2.0,,1.0,lsb,custom,True,full,49,0.01,1e-05,4,1.0,1000,300,128,True,,,-2.494814655673316,0.033355998992919925,0.03282202779004971,,,0.19171242066043687,4.201219557126363,9.846608337014914
2d,7,49,2.0,,1.0,lsb,custom,True,full,49,0.01,1e-05,5,1.0,1000,300,38,True,,,-2.4085245137313964,0.03269941713660955,0.03277383572111527,,,0.18137601822490915,1.2454057574023805,9.832150716334581
2d,7,49,3.044,,1.0,lsb,custom,True,full,49,0.0003,1e-05,1,1.0,1000,300,107,True,,,-3.371029467455743,0.033085649646818635,0.03306856227417787,,,0.16487212258120684,3.538336163337032,9.92056868225336
2d,7,49,3.044,,1.0,lsb,custom,True,full,49,0.01,1e-05,1,1.0,1000,300,38,True,,,-3.236137262463926,0.03316102735698223,0.032972777982552846,,,0.004275401146020482,1.2529655633370083,9.891833394765854
2d,7,49,3.044,,1.0,lsb,custom,True,full,49,0.01,1e-05,2,1.0,1000,300,39,True,,,-3.239902045970736,0.03323203101754189,0.03315496991078059,,,0.0010356122685258723,1.293043826520443,9.946490973234177
2d,7,49,3.044,,1.0,lsb,custom,True,full,49,0.01,1e-05,3,1.0,1000,300,46,True,,,-3.238168214400414,0.032378390431404114,0.03315420320878426,,,0.005447791525916274,1.525093347604076,9.946260962635279
2d,7,49,3.044,,1.0,lsb,custom,True,full,49,0.01,1e-05,4,1.0,1000,300,38,True,,,-3.235650482953024,0.03191524110734463,0.03306033295889695,,,0.001580323897331327,1.2562926524380842,9.918099887669086
2d,7,49,3.044,,1.0,lsb,custom,True,full,49,0.01,1e-05,5,1.0,1000,300,40,True,,,-3.235522526169773,0.03280402310192585,0.03293764209995667,,,0.003173551954323883,1.3175056839982668,9.881292629987001
2d,7,49,0.5,,1.0,metropolis,custom,False,full,49,0.01,1e-05,1,1.0,1000,300,48,True,,,-2.029230903123591,0.49805314242839815,0.5015392242868741,,,0.8284549375189345,24.07388276576996,150.46176728606224
2d,7,49,0.5,,1.0,metropolis,custom,False,full,49,0.01,1e-05,2,1.0,1000,300,50,True,,,-2.0290119989186857,0.5910433070734143,0.5514224977294604,,,0.8161901183791059,27.57112488647302,165.42674931883812
2d,7,49,0.5,,1.0,metropolis,custom,False,full,49,0.01,1e-05,3,1.0,1000,300,49,True,,,-2.029045095078389,0.5023437075316906,0.5084347256273031,,,0.8161989066979866,24.91330155573785,152.5304176881909
2d,7,49,0.5,,1.0,metropolis,custom,False,full,49,0.01,1e-05,4,1.0,1000,300,50,True,,,-2.0290591858171894,0.49100633785128595,0.5004877079402407,,,0.8335443316386357,25.024385397012033,150.1463123820722
2d,7,49,0.5,,1.0,metropolis,custom,False,full,49,0.01,1e-05,5,1.0,1000,300,49,True,,,-2.029223060777337,0.49520552568137644,0.5024929808576902,,,0.8105301350702184,24.62215606202682,150.74789425730708
2d,7,49,1.0,,1.0,metropolis,custom,False,full,49,0.01,1e-05,1,1.0,1000,300,50,True,,,-2.1228494986035984,0.6263624880462885,0.6444843844572703,,,0.4773537171765479,32.22421922286352,193.3453153371811
2d,7,49,1.0,,1.0,metropolis,custom,False,full,49,0.01,1e-05,2,1.0,1000,300,54,True,,,-2.1234817160023742,0.5989122776314616,0.6291984834770361,,,0.4666759994058099,33.97671810775995,188.75954504311082
2d,7,49,1.0,,1.0,metropolis,custom,False,full,49,0.01,1e-05,3,1.0,1000,300,52,True,,,-2.122562470252747,0.5592024320736527,0.5991674119482437,,,0.47670340311973836,31.156705421308676,179.75022358447313
2d,7,49,1.0,,1.0,metropolis,custom,False,full,49,0.01,1e-05,4,1.0,1000,300,52,True,,,-2.122590931175761,0.6040804946795106,0.6398541944101452,,,0.4517273299841609,33.27241810932755,191.95625832304358
2d,7,49,1.0,,1.0,metropolis,custom,False,full,49,0.01,1e-05,5,1.0,1000,300,50,True,,,-2.122601603458496,0.5776840627193451,0.6283228158578277,,,0.48813561575898945,31.416140792891383,188.4968447573483
2d,7,49,2.0,,1.0,metropolis,custom,False,full,49,0.01,1e-05,1,1.0,1000,300,63,True,,,-2.506756536295551,0.6414157923310995,0.6426668198655049,,,0.046255381054227364,40.48800965152681,192.80004595965147
2d,7,49,2.0,,1.0,metropolis,custom,False,full,49,0.01,1e-05,2,1.0,1000,300,67,True,,,-2.5061250293248207,0.6331170812249184,0.6402232989668846,,,0.043362972063941616,42.89496103078127,192.06698969006538
2d,7,49,2.0,,1.0,metropolis,custom,False,full,49,0.01,1e-05,3,1.0,1000,300,65,True,,,-2.506743413887348,0.6352108951658011,0.639359214156866,,,0.05015768662750276,41.558348920196295,191.80776424705982
2d,7,49,2.0,,1.0,metropolis,custom,False,full,49,0.01,1e-05,4,1.0,1000,300,67,True,,,-2.5059484564966388,0.6426261762157083,0.6432746101543307,,,0.05644964191922758,43.09939888034016,192.98238304629922
2d,7,49,2.0,,1.0,metropolis,custom,False,full,49,0.01,1e-05,5,1.0,1000,300,64,True,,,-2.506346394941197,0.6413389859721065,0.6440067405502001,,,0.061541828057488784,41.21643139521281,193.20202216506004
2d,7,49,3.044,,1.0,metropolis,custom,False,full,49,0.01,1e-05,1,1.0,1000,300,22,True,,,-3.217481703942485,0.652629372663796,0.6521548424785336,,,0.006768561372717802,14.347406534527739,195.64645274356008
2d,7,49,3.044,,1.0,metropolis,custom,False,full,49,0.01,1e-05,2,1.0,1000,300,20,True,,,-3.2172747830867356,0.6532466873526573,0.6523601913700501,,,0.007615825052822338,13.047203827401002,195.70805741101503
2d,7,49,3.044,,1.0,metropolis,custom,False,full,49,0.01,1e-05,3,1.0,1000,300,24,True,,,-3.21770952006829,0.6526501979678869,0.6521203526109457,,,0.007751762649059832,15.650888462662696,195.6361057832837
2d,7,49,3.044,,1.0,metropolis,custom,False,full,49,0.01,1e-05,4,1.0,1000,300,20,True,,,-3.216447224320196,0.6524796722456813,0.6524890350922942,,,0.0023736628374402408,13.049780701845883,195.74671052768824
2d,7,49,3.044,,1.0,metropolis,custom,False,full,49,0.01,1e-05,5,1.0,1000,300,20,True,,,-3.216812656731245,0.6531630747020245,0.6523870512470603,,,0.002961261536375675,13.047741024941207,195.7161153741181
2d,8,64,0.5,,1.0,gibbs,custom,False,full,64,0.0003,1e-05,1,1.0,1000,300,280,False,,,-0.7041337090436997,0.02950352393090725,0.0375645221521457,,,0.08996188940924803,10.518066202600796,11.269356645643711
2d,8,64,0.5,,1.0,gibbs,custom,False,full,64,0.01,1e-05,1,1.0,1000,300,56,True,,,-2.0291554206923252,0.031140403635799885,0.038093743398785594,,,0.7863916650598982,2.1332496303319934,11.42812301963568
2d,8,64,0.5,,1.0,gibbs,custom,False,full,64,0.01,1e-05,2,1.0,1000,300,52,True,,,-2.0291046870699003,0.031362288445234296,0.03359974827617407,,,0.76215349769737,1.7471869103610516,10.07992448285222
2d,8,64,0.5,,1.0,gibbs,custom,False,full,64,0.01,1e-05,3,1.0,1000,300,56,True,,,-2.0294535596813716,0.03088816087692976,0.033199181519448756,,,0.7562439137947545,1.8591541650891303,9.959754455834627
2d,8,64,0.5,,1.0,gibbs,custom,False,full,64,0.01,1e-05,4,1.0,1000,300,54,True,,,-2.0288974104034496,0.030620970018208026,0.0332288700590531,,,0.7723430973369493,1.7943589831888676,9.968661017715931
2d,8,64,0.5,,1.0,gibbs,custom,False,full,64,0.01,1e-05,5,1.0,1000,300,55,True,,,-2.0291836958198437,0.029901991970837115,0.033082606295744575,,,0.7795305298237641,1.8195433462659516,9.924781888723373
2d,8,64,1.0,,1.0,gibbs,custom,False,full,64,0.0003,1e-05,1,1.0,1000,300,280,False,,,-1.178476989901323,0.03123375903815031,0.032859388080736004,,,0.09997405742727372,9.200628662606082,9.857816424220802
2d,8,64,1.0,,1.0,gibbs,custom,False,full,64,0.01,1e-05,1,1.0,1000,300,58,True,,,-2.123075233693637,0.03176897931843996,0.033212054471174875,,,0.36149999607342703,1.9262991593281427,9.963616341352463
2d,8,64,1.0,,1.0,gibbs,custom,False,full,64,0.01,1e-05,2,1.0,1000,300,52,True,,,-2.1226581906708235,0.0319668835029006,0.033365628123283385,,,0.3505446917950144,1.735012662410736,10.009688436985016
2d,8,64,1.0,,1.0,gibbs,custom,False,full,64,0.01,1e-05,3,1.0,1000,300,58,True,,,-2.1229671748500887,0.03376138210296631,0.03357936754822731,,,0.38797927590146425,1.9476033177971839,10.073810264468193
2d,8,64,1.0,,1.0,gibbs,custom,False,full,64,0.01,1e-05,4,1.0,1000,300,58,True,,,-2.122948672835456,0.0329634889960289,0.03351664412766695,,,0.37766449571317545,1.9439653594046833,10.054993238300085
2d,8,64,1.0,,1.0,gibbs,custom,False,full,64,0.01,1e-05,5,1.0,1000,300,59,True,,,-2.1229490427783007,0.029270359314978123,0.0326011032735308,,,0.3594822372917064,1.9234650931383173,9.78033098205924
2d,8,64,2.0,,1.0,gibbs,custom,False,full,64,0.0003,1e-05,1,1.0,1000,300,280,False,0.3145401649037103,-2.4549,-2.1403598350962896,0.03186393212527037,0.037768797787527245,0.3145401649037103,,0.08219095742630068,10.575263380507629,11.330639336258173
2d,8,64,2.0,,1.0,gibbs,custom,False,full,64,0.0003,1e-05,2,1.0,1000,300,280,False,0.3132230353260037,-2.4549,-2.141676964673996,0.029023846983909606,0.03272313695400953,0.3132230353260037,,0.17647118815079918,9.162478347122669,9.81694108620286
2d,8,64,2.0,,1.0,gibbs,custom,False,full,64,0.01,1e-05,1,1.0,1000,300,69,True,0.05041942487735174,-2.4549,-2.5053194248773516,0.03061720319092274,0.0331162444750468,0.05448011057321711,,0.01983070385313752,2.285020868778229,9.934873342514038
2d,8,64,2.0,,1.0,gibbs,custom,False,full,64,0.01,1e-05,2,1.0,1000,300,62,True,0.0492840126231604,-2.4549,-2.5041840126231603,0.031132690981030463,0.03303066536784172,0.054716303328437466,,0.018809110192912315,2.0479012528061866,9.909199610352516
2d,8,64,2.0,,1.0,gibbs,custom,False,full,64,0.01,1e-05,3,1.0,1000,300,68,True,,,-2.504943654882082,0.032000945694744584,0.034415758450826006,,,0.02281698139200786,2.3402715746561684,10.324727535247803
2d,8,64,2.0,,1.0,gibbs,custom,False,full,64,0.01,1e-05,4,1.0,1000,300,68,True,,,-2.5054965743041464,0.03112514615058899,0.03330243332932393,,,0.019814133891529844,2.264565466394027,9.990729998797178
2d,8,64,2.0,,1.0,gibbs,custom,False,full,64,0.01,1e-05,5,1.0,1000,300,72,True,,,-2.5051702502425153,0.031894126906991005,0.03331741823504369,,,0.018731425308370166,2.3988541129231455,9.995225470513105
2d,8,64,3.044,,1.0,gibbs,custom,False,full,64,0.0003,1e-05,1,1.0,1000,300,207,True,,,-3.1386638381762584,0.03112619332969189,0.034247455323735874,,,0.2239676416933158,7.089223252013326,10.274236597120762
2d,8,64,3.044,,1.0,gibbs,custom,False,full,64,0.01,1e-05,1,1.0,1000,300,33,True,,,-3.214826542049136,0.032798021286726,0.03411780280371507,,,0.005473568067157306,1.1258874925225972,10.235340841114521
2d,8,64,3.044,,1.0,gibbs,custom,False,full,64,0.01,1e-05,2,1.0,1000,300,31,True,,,-3.214980943643506,0.03122188653796911,0.032529924946526685,,,0.0038153179654269857,1.0084276733423272,9.758977483958006
2d,8,64,3.044,,1.0,gibbs,custom,False,full,64,0.01,1e-05,3,1.0,1000,300,30,True,,,-3.2137842070615656,0.030219626612961292,0.033177645715574425,,,0.0026149771500922816,0.9953293714672328,9.953293714672327
2d,8,64,3.044,,1.0,gibbs,custom,False,full,64,0.01,1e-05,4,1.0,1000,300,31,True,,,-3.214391992577627,0.03180232234299183,0.03319284209360679,,,0.00577104895074658,1.0289781049018105,9.957852628082037
2d,8,64,3.044,,1.0,gibbs,custom,False,full,64,0.01,1e-05,5,1.0,1000,300,31,True,,,-3.2131245787684852,0.03236821796745062,0.03297029251853625,,,0.002320758594408927,1.0220790680746237,9.891087755560875
2d,8,64,0.5,,1.0,lsb,custom,True,full,64,0.0003,1e-05,1,1.0,1000,300,280,False,,,-1.2937468337111038,0.03651282247155905,0.03617960948497057,,,0.07349268808203382,10.130290655791761,10.85388284549117
2d,8,64,0.5,,1.0,lsb,custom,True,full,64,0.01,1e-05,1,1.0,1000,300,190,True,,,-2.026108057501813,0.034722209349274634,0.03551714760561784,,,0.9292378602748566,6.74825804506739,10.655144281685352
2d,8,64,0.5,,1.0,lsb,custom,True,full,64,0.01,1e-05,2,1.0,1000,300,182,True,,,-2.0235506628044186,0.0365056237205863,0.035846922285854815,,,0.964815333387485,6.524139856025577,10.754076685756445
2d,8,64,0.5,,1.0,lsb,custom,True,full,64,0.01,1e-05,3,1.0,1000,300,173,True,,,-2.0229896330078514,0.0362267229706049,0.03573113061487675,,,0.9437610290040376,6.181485596373677,10.719339184463024
2d,8,64,0.5,,1.0,lsb,custom,True,full,64,0.01,1e-05,4,1.0,1000,300,180,True,,,-2.025359153057166,0.03455290161073208,0.03571173963447412,,,0.9510591829185454,6.428113134205342,10.713521890342236
2d,8,64,0.5,,1.0,lsb,custom,True,full,64,0.01,1e-05,5,1.0,1000,300,180,True,,,-2.0229062304264938,0.03614139184355736,0.03593820792933305,,,0.9548415040878554,6.468877427279948,10.781462378799914
2d,8,64,1.0,,1.0,lsb,custom,True,full,64,0.0003,1e-05,1,1.0,1000,300,280,False,,,-1.6926203808681106,0.036338511295616625,0.0363267582282424,,,0.07085094534218632,10.171492303907872,10.89802746847272
2d,8,64,1.0,,1.0,lsb,custom,True,full,64,0.01,1e-05,1,1.0,1000,300,150,True,,,-2.1151110808086995,0.03604562059044838,0.03600667235751947,,,0.8553581726424394,5.40100085362792,10.80200170725584
2d,8,64,1.0,,1.0,lsb,custom,True,full,64,0.01,1e-05,2,1.0,1000,300,150,True,,,-2.116408870927267,0.03631946686655283,0.03592833968500296,,,0.852973939281747,5.389250952750444,10.778501905500889
2d,8,64,1.0,,1.0,lsb,custom,True,full,64,0.01,1e-05,3,1.0,1000,300,148,True,,,-2.1147510777561895,0.03592684995383024,0.03616516793767611,,,0.8708529420886955,5.352444854776064,10.849550381302832
2d,8,64,1.0,,1.0,lsb,custom,True,full,64,0.01,1e-05,4,1.0,1000,300,146,True,,,-2.115401005322979,0.03657765276730061,0.0359563210979104,,,0.8643203283287446,5.249622880294918,10.786896329373121
2d,8,64,1.0,,1.0,lsb,custom,True,full,64,0.01,1e-05,5,1.0,1000,300,147,True,,,-2.1150117362849183,0.03582350090146065,0.03614912426720063,,,0.8811487854895589,5.313921267278492,10.844737280160189
2d,8,64,2.0,,1.0,lsb,custom,False,full,64,0.0003,1e-05,1,1.0,1000,300,280,False,0.3757645018770215,-2.4549,-2.8306645018770213,0.0362824808806181,0.043010337290664516,0.3757645018770215,,0.03245307868376883,12.042894441386064,12.903101187199354
2d,8,64,2.0,,1.0,lsb,custom,True,full,64,0.0003,1e-05,1,1.0,1000,300,280,False,,,-2.5276670352280215,0.03587289806455374,0.03612533395489057,,,0.07234743558826076,10.11509350736936,10.83760018646717
2d,8,64,2.0,,1.0,lsb,custom,False,full,64,0.0003,1e-05,2,1.0,1000,300,280,False,0.39142397937928797,-2.4549,-2.846323979379288,0.03646148219704628,0.03591883736352126,0.39142397937928797,,0.03688652548891123,10.057274461785951,10.775651209056377
2d,8,64,2.0,,1.0,lsb,custom,False,full,64,0.01,1e-05,1,1.0,1000,300,69,True,0.008819546441053205,-2.4549,-2.463719546441053,0.03539804201573134,0.03586230158805847,0.033248490605093384,,0.38723941458458266,2.4744988095760343,10.758690476417542
2d,8,64,2.0,,1.0,lsb,custom,True,full,64,0.01,1e-05,1,1.0,1000,300,49,True,,,-2.423389401009881,0.036374041065573695,0.03573897175490856,,,0.25809498387278834,1.7512096159905195,10.721691526472569
2d,8,64,2.0,,1.0,lsb,custom,False,full,64,0.01,1e-05,2,1.0,1000,300,68,True,0.019917716246736994,-2.4549,-2.474817716246737,0.036639013513922694,0.035987158194184306,0.034577295147135256,,0.4497762747092687,2.4471267572045328,10.796147458255291
2d,8,64,2.0,,1.0,lsb,custom,True,full,64,0.01,1e-05,2,1.0,1000,300,46,True,,,-2.424747339329243,0.03595583830028772,0.03602118762830893,,,0.25314957983225045,1.6569746309022106,10.806356288492678
2d,8,64,2.0,,1.0,lsb,custom,True,full,64,0.01,1e-05,3,1.0,1000,300,50,True,,,-2.430095186405094,0.036596114933490756,0.03626771864791711,,,0.2292840720621754,1.8133859323958557,10.880315594375134
2d,8,64,2.0,,1.0,lsb,custom,True,full,64,0.01,1e-05,4,1.0,1000,300,135,True,,,-2.485089259598561,0.03632933087646961,0.03597830178836981,,,0.22959738996684692,4.857070741429925,10.793490536510943
2d,8,64,2.0,,1.0,lsb,custom,True,full,64,0.01,1e-05,5,1.0,1000,300,46,True,,,-2.4335885319335455,0.03566938992589712,0.03605794774989287,,,0.18694569071726444,1.658665596495072,10.817384324967861
2d,8,64,3.044,,1.0,lsb,custom,True,full,64,0.0003,1e-05,1,1.0,1000,300,188,True,,,-3.4377477912495253,0.03661037404090166,0.036126202220718065,,,0.15978859139104937,6.791726017494996,10.83786066621542
2d,8,64,3.044,,1.0,lsb,custom,True,full,64,0.01,1e-05,1,1.0,1000,300,56,True,,,-3.226122410084291,0.0363502886146307,0.035846573350330195,,,0.003356888139338318,2.007408107618491,10.753972005099058
2d,8,64,3.044,,1.0,lsb,custom,True,full,64,0.01,1e-05,2,1.0,1000,300,59,True,,,-3.2260758941111414,0.03635447695851326,0.036016272927323977,,,0.004452978210072675,2.1249601027121146,10.804881878197193
2d,8,64,3.044,,1.0,lsb,custom,True,full,64,0.01,1e-05,3,1.0,1000,300,66,True,,,-3.229299291749352,0.03522804733365774,0.03604731310158968,,,0.0023710079138011147,2.379122664704919,10.814193930476904
2d,8,64,3.044,,1.0,lsb,custom,True,full,64,0.01,1e-05,4,1.0,1000,300,53,True,,,-3.2282870190731856,0.03583286888897419,0.036093163937330246,,,0.0035224388728477382,1.912937688678503,10.827949181199074
2d,8,64,3.044,,1.0,lsb,custom,True,full,64,0.01,1e-05,5,1.0,1000,300,55,True,,,-3.2316347073826686,0.036484607681632045,0.036123669867714245,,,0.0029936598877326687,1.9868018427242835,10.837100960314274
2d,8,64,0.5,,1.0,metropolis,custom,False,full,64,0.01,1e-05,1,1.0,1000,300,55,True,,,-2.029359518981377,0.6005422059446573,0.6174650023753444,,,0.7769267015067431,33.960575130643946,185.23950071260333
2d,8,64,0.5,,1.0,metropolis,custom,False,full,64,0.01,1e-05,2,1.0,1000,300,55,True,,,-2.0291385455176343,0.6246472779661417,0.6295225412895282,,,0.7667857900259704,34.623739770924054,188.85676238685846
2d,8,64,0.5,,1.0,metropolis,custom,False,full,64,0.01,1e-05,3,1.0,1000,300,54,True,,,-2.0290423884691338,0.6901950921863318,0.6512670849512021,,,0.7912528999906742,35.168422587364915,195.38012548536062
2d,8,64,0.5,,1.0,metropolis,custom,False,full,64,0.01,1e-05,4,1.0,1000,300,53,True,,,-2.029226612936877,0.5923258796334266,0.6069072609518965,,,0.798136189711908,32.166084830450515,182.07217828556895
2d,8,64,0.5,,1.0,metropolis,custom,False,full,64,0.01,1e-05,5,1.0,1000,300,54,True,,,-2.0294226234012647,0.6170162845402956,0.6219797329977155,,,0.7284758084306444,33.586905581876636,186.59391989931464
2d,8,64,1.0,,1.0,metropolis,custom,False,full,64,0.01,1e-05,1,1.0,1000,300,55,True,,,-2.122896993304326,0.6952582301571966,0.742655802158018,,,0.3625665406798134,40.84606911869099,222.7967406474054
2d,8,64,1.0,,1.0,metropolis,custom,False,full,64,0.01,1e-05,2,1.0,1000,300,57,True,,,-2.1227576069412626,0.7495878299698233,0.7867806149770816,,,0.33453240870503803,44.84649505369365,236.03418449312449
2d,8,64,1.0,,1.0,metropolis,custom,False,full,64,0.01,1e-05,3,1.0,1000,300,58,True,,,-2.1228895718753478,0.7199243681505323,0.776262521011134,,,0.3826954453224999,45.023226218645775,232.8787563033402
2d,8,64,1.0,,1.0,metropolis,custom,False,full,64,0.01,1e-05,4,1.0,1000,300,57,True,,,-2.1227079126443957,0.7418704550713301,0.7867529504622023,,,0.3814309230125021,44.84491817634553,236.0258851386607
2d,8,64,1.0,,1.0,metropolis,custom,False,full,64,0.01,1e-05,5,1.0,1000,300,56,True,,,-2.1232688022983206,0.7722595097497106,0.7924462453648448,,,0.3723150085626237,44.376989740431306,237.73387360945344
2d,8,64,2.0,,1.0,metropolis,custom,False,full,64,0.01,1e-05,1,1.0,1000,300,70,True,,,-2.5061381672333667,0.8032361261546612,0.8041675085946918,,,0.025704014967835725,56.29172560162842,241.25025257840753
2d,8,64,2.0,,1.0,metropolis,custom,False,full,64,0.01,1e-05,2,1.0,1000,300,69,True,,,-2.505511750596016,0.8015954287722706,0.8075669761002063,,,0.020883076220556865,55.722121350914236,242.2700928300619
2d,8,64,2.0,,1.0,metropolis,custom,False,full,64,0.01,1e-05,3,1.0,1000,300,66,True,,,-2.5050698820314303,0.8044928833842278,0.8057029964526494,,,0.01831581229556899,53.17639776587486,241.71089893579483
2d,8,64,2.0,,1.0,metropolis,custom,False,full,64,0.01,1e-05,4,1.0,1000,300,65,True,,,-2.5049198249254805,0.8025370068848133,0.8035237088054419,,,0.019609396581971642,52.22904107235372,241.05711264163256
2d,8,64,2.0,,1.0,metropolis,custom,False,full,64,0.01,1e-05,5,1.0,1000,300,67,True,,,-2.5052273859358087,0.8008722698315978,0.8041353120903174,,,0.02588976198607351,53.877065910051265,241.24059362709522
2d,8,64,3.044,,1.0,metropolis,custom,False,full,64,0.01,1e-05,1,1.0,1000,300,36,True,,,-3.2168019325162485,0.8111458184197545,0.811130724089841,,,0.0026305193206575483,29.200706067234275,243.3392172269523
2d,8,64,3.044,,1.0,metropolis,custom,False,full,64,0.01,1e-05,2,1.0,1000,300,27,True,,,-3.2124083609344964,0.8179532088339329,0.8175645286838213,,,0.0013591645295492987,22.074242274463177,245.2693586051464
2d,8,64,3.044,,1.0,metropolis,custom,False,full,64,0.01,1e-05,3,1.0,1000,300,25,True,,,-3.210911817007216,0.8113116454333067,0.8113023695722222,,,0.0017871155407535658,20.282559239305556,243.39071087166667
2d,8,64,3.044,,1.0,metropolis,custom,False,full,64,0.01,1e-05,4,1.0,1000,300,29,True,,,-3.212978828231301,0.8116305349394679,0.8111425605416298,,,0.0011776303767394595,23.523134255707266,243.34276816248894
2d,8,64,3.044,,1.0,metropolis,custom,False,full,64,0.01,1e-05,5,1.0,1000,300,30,True,,,-3.213736853034468,0.8114943617954851,0.8112769782419006,,,0.0029172772840040636,24.338309347257017,243.38309347257018
2d,9,81,0.5,,1.0,gibbs,custom,False,full,81,0.0003,1e-05,1,1.0,1000,300,280,False,,,-0.6494003912821088,0.039407804235816,0.04323851726949215,,,0.11416992362790676,12.106784835457802,12.971555180847645
2d,9,81,0.5,,1.0,gibbs,custom,False,full,81,0.01,1e-05,1,1.0,1000,300,58,True,,,-2.0293225548421345,0.04398819152265787,0.052224877240757146,,,0.6956352814101963,3.0290428799639146,15.667463172227144
2d,9,81,0.5,,1.0,gibbs,custom,False,full,81,0.01,1e-05,2,1.0,1000,300,57,True,,,-2.0288764821287404,0.0436934744939208,0.04603747992465893,,,0.7206680171114376,2.6241363557055593,13.81124397739768
2d,9,81,0.5,,1.0,gibbs,custom,False,full,81,0.01,1e-05,3,1.0,1000,300,58,True,,,-2.0290419797564274,0.05199525486677885,0.04734895216921965,,,0.6691444931483386,2.74623922581474,14.204685650765896
2d,9,81,0.5,,1.0,gibbs,custom,False,full,81,0.01,1e-05,4,1.0,1000,300,56,True,,,-2.0288888478533047,0.04387871976941824,0.04612764775753021,,,0.7424320782625142,2.583148274421692,13.838294327259064
2d,9,81,0.5,,1.0,gibbs,custom,False,full,81,0.01,1e-05,5,1.0,1000,300,57,True,,,-2.0291531373414613,0.04109565857797861,0.04569966635356347,,,0.5682714570381396,2.6048809821531176,13.70989990606904
2d,9,81,1.0,,1.0,gibbs,custom,False,full,81,0.0003,1e-05,1,1.0,1000,300,280,False,,,-1.1346584752776692,0.04051673412322998,0.042973795098563035,,,0.10069909404033978,12.03266262759765,12.89213852956891
2d,9,81,1.0,,1.0,gibbs,custom,False,full,81,0.01,1e-05,1,1.0,1000,300,61,True,,,-2.123090513073925,0.04863171670585871,0.04672402825206518,,,0.27779412965119904,2.850165723375976,14.017208475619555
2d,9,81,1.0,,1.0,gibbs,custom,False,full,81,0.01,1e-05,2,1.0,1000,300,60,True,,,-2.122593820471085,0.041289192624390125,0.046079558407266935,,,0.2850122910124124,2.764773504436016,13.82386752218008
2d,9,81,1.0,,1.0,gibbs,custom,False,full,81,0.01,1e-05,3,1.0,1000,300,63,True,,,-2.1228683366904137,0.04542144350707531,0.04592411914219459,,,0.2703811884026976,2.893219505958259,13.777235742658377
2d,9,81,1.0,,1.0,gibbs,custom,False,full,81,0.01,1e-05,4,1.0,1000,300,61,True,,,-2.122849041902098,0.039922763034701346,0.0463669503480196,,,0.28756384047577505,2.828383971229196,13.910085104405882
2d,9,81,1.0,,1.0,gibbs,custom,False,full,81,0.01,1e-05,5,1.0,1000,300,59,True,,,-2.1228651848174294,0.04228947106748819,0.04645146302878857,,,0.2813137771384122,2.7406363186985256,13.93543890863657
2d,9,81,2.0,,1.0,gibbs,custom,False,full,81,0.0003,1e-05,1,1.0,1000,300,280,False,,,-2.1096811575321306,0.0393430732190609,0.04312777449687322,,,0.15295987879359305,12.0757768591245,12.938332349061966
2d,9,81,2.0,,1.0,gibbs,custom,False,full,81,0.01,1e-05,1,1.0,1000,300,73,True,,,-2.5043761222659926,0.0444581801071763,0.04630469441413879,,,0.00450061224565997,3.380242692232132,13.891408324241638
2d,9,81,2.0,,1.0,gibbs,custom,False,full,81,0.01,1e-05,2,1.0,1000,300,73,True,,,-2.504442610010923,0.04413604512810707,0.045259514960149926,,,0.009041630690145911,3.3039445920909447,13.577854488044977
2d,9,81,2.0,,1.0,gibbs,custom,False,full,81,0.01,1e-05,3,1.0,1000,300,74,True,,,-2.504095981583142,0.04419110156595707,0.045653018206357955,,,0.0049825830046605285,3.3783233472704888,13.695905461907387
2d,9,81,2.0,,1.0,gibbs,custom,False,full,81,0.01,1e-05,4,1.0,1000,300,73,True,,,-2.5043719411346266,0.04956374391913414,0.048883859949807325,,,0.008753174179143137,3.5685217763359347,14.665157984942198
2d,9,81,2.0,,1.0,gibbs,custom,False,full,81,0.01,1e-05,5,1.0,1000,300,71,True,,,-2.5043831004870576,0.04929157551378012,0.04628781904776891,,,0.005349112325607807,3.2864351523915927,13.886345714330673
2d,9,81,3.044,,1.0,gibbs,custom,False,full,81,0.0003,1e-05,1,1.0,1000,300,137,True,,,-3.0999392372330226,0.041356400959193705,0.0431961639225483,,,0.33509009983537696,5.917874457389117,12.95884917676449
2d,9,81,3.044,,1.0,gibbs,custom,False,full,81,0.01,1e-05,1,1.0,1000,300,44,True,,,-3.2094044187648265,0.044396084174513815,0.04609399755795797,,,0.0021377688386516186,2.0281358925501505,13.82819926738739
2d,9,81,3.044,,1.0,gibbs,custom,False,full,81,0.01,1e-05,2,1.0,1000,300,39,True,,,-3.2086996244090167,0.043832001835107805,0.045116545682152114,,,0.0033687811278499584,1.7595452816039325,13.534963704645634
2d,9,81,3.044,,1.0,gibbs,custom,False,full,81,0.01,1e-05,3,1.0,1000,300,37,True,,,-3.207101454743911,0.044828161410987374,0.04514196210851272,,,0.004523999107695071,1.6702525980149707,13.542588632553816
2d,9,81,3.044,,1.0,gibbs,custom,False,full,81,0.01,1e-05,4,1.0,1000,300,38,True,,,-3.208237161471158,0.04514795932918787,0.0441565420354406,,,0.0077033201006782145,1.677948597346743,13.246962610632181
2d,9,81,3.044,,1.0,gibbs,custom,False,full,81,0.01,1e-05,5,1.0,1000,300,40,True,,,-3.2095798080613553,0.04142981469631195,0.044930818751454354,,,0.004709383020456046,1.7972327500581742,13.479245625436306
2d,9,81,0.5,,1.0,lsb,custom,True,full,81,0.0003,1e-05,1,1.0,1000,300,280,False,,,-1.3050642240673462,0.04647837523370981,0.04641040629396836,,,0.0027752362114217086,12.99491376231114,13.923121888190508
2d,9,81,0.5,,1.0,lsb,custom,True,full,81,0.01,1e-05,1,1.0,1000,300,197,True,,,-2.023614840804825,0.04796055257320404,0.04704399559646845,,,0.9384770955922901,9.267667132504284,14.113198678940535
2d,9,81,0.5,,1.0,lsb,custom,True,full,81,0.01,1e-05,2,1.0,1000,300,185,True,,,-2.0223865720667082,0.04449934177100658,0.046944259765247506,,,0.9368902688524605,8.684688056570788,14.083277929574251
2d,9,81,0.5,,1.0,lsb,custom,True,full,81,0.01,1e-05,3,1.0,1000,300,199,True,,,-2.0242511748420773,0.04577027950435877,0.04750894889235496,,,0.9454829859028465,9.454280829578638,14.25268466770649
2d,9,81,0.5,,1.0,lsb,custom,True,full,81,0.01,1e-05,4,1.0,1000,300,197,True,,,-2.0259274910853997,0.05155076440423727,0.04658462066203356,,,0.9489598673746408,9.17717027042061,13.975386198610067
2d,9,81,0.5,,1.0,lsb,custom,True,full,81,0.01,1e-05,5,1.0,1000,300,186,True,,,-2.024070025588827,0.04933856055140495,0.04711646895855665,,,0.9373394339079015,8.763663226291538,14.134940687566996
2d,9,81,1.0,,1.0,lsb,custom,True,full,81,0.0003,1e-05,1,1.0,1000,300,280,False,,,-1.7080102947586346,0.047549096308648585,0.0462796426191926,,,0.008102092281655817,12.95829993337393,13.88389278575778
2d,9,81,1.0,,1.0,lsb,custom,True,full,81,0.01,1e-05,1,1.0,1000,300,152,True,,,-2.1184361103437,0.046439492329955104,0.04733295706411203,,,0.8011118198656187,7.194609473745029,14.199887119233608
2d,9,81,1.0,,1.0,lsb,custom,True,full,81,0.01,1e-05,2,1.0,1000,300,157,True,,,-2.1187568072044747,0.04931259416043758,0.04712552667905887,,,0.8344595085264982,7.398707688612243,14.137658003717661
2d,9,81,1.0,,1.0,lsb,custom,True,full,81,0.01,1e-05,3,1.0,1000,300,165,True,,,-2.116386130110861,0.0501472283154726,0.0472141125674049,,,0.8428240666597675,7.790328573621809,14.164233770221472
2d,9,81,1.0,,1.0,lsb,custom,True,full,81,0.01,1e-05,4,1.0,1000,300,162,True,,,-2.1156388700073903,0.04689545575529337,0.047149989555279416,,,0.8235963947694838,7.6382983079552655,14.144996866583824
2d,9,81,1.0,,1.0,lsb,custom,True,full,81,0.01,1e-05,5,1.0,1000,300,156,True,,,-2.1270557638467884,0.050109636038541794,0.04659953812758128,,,0.7240491701051848,7.26952794790268,13.979861438274385
2d,9,81,2.0,,1.0,lsb,custom,True,full,81,0.0003,1e-05,1,1.0,1000,300,280,False,,,-2.548081681140254,0.04736143797636032,0.04563986944655577,,,0.013653685281398922,12.779163445035616,13.691960833966732
2d,9,81,2.0,,1.0,lsb,custom,True,full,81,0.01,1e-05,1,1.0,1000,300,58,True,,,-2.452144700368863,0.04852746576070786,0.04740954140822093,,,0.1785198415943587,2.7497534016768137,14.222862422466278
2d,9,81,2.0,,1.0,lsb,custom,True,full,81,0.01,1e-05,2,1.0,1000,300,63,True,,,-2.4447968929656048,0.04625602960586548,0.04592661190778017,,,0.18740982189098498,2.8933765501901507,13.777983572334051
2d,9,81,2.0,,1.0,lsb,custom,True,full,81,0.01,1e-05,3,1.0,1000,300,62,True,,,-2.441680979693487,0.044253291003406046,0.04650993647674719,,,0.2063613434513329,2.883616061558326,13.952980943024158
2d,9,81,2.0,,1.0,lsb,custom,True,full,81,0.01,1e-05,4,1.0,1000,300,64,True,,,-2.4434198878042652,0.04384930245578289,0.04652835248659055,,,0.2054242150006181,2.977814559141795,13.958505745977165
2d,9,81,2.0,,1.0,lsb,custom,True,full,81,0.01,1e-05,5,1.0,1000,300,59,True,,,-2.446538202277969,0.04396504554897547,0.04706056599815687,,,0.17825467575587559,2.776573393891255,14.11816979944706
2d,9,81,3.044,,1.0,lsb,custom,True,full,81,0.0003,1e-05,1,1.0,1000,300,254,True,,,-3.4626735154864554,0.04728551004081964,0.045443312029043836,,,0.029669411725422996,11.542601255377134,13.63299360871315
2d,9,81,3.044,,1.0,lsb,custom,True,full,81,0.01,1e-05,1,1.0,1000,300,69,True,,,-3.233082158821823,0.05039243046194315,0.047760503739118575,,,0.0029046089908153854,3.2954747579991817,14.328151121735573
2d,9,81,3.044,,1.0,lsb,custom,True,full,81,0.01,1e-05,2,1.0,1000,300,65,True,,,-3.2328082532800075,0.048054170608520505,0.045816612044970194,,,0.004802729451090303,2.9780797829230625,13.744983613491058
2d,9,81,3.044,,1.0,lsb,custom,True,full,81,0.01,1e-05,3,1.0,1000,300,73,True,,,-3.2280683747626275,0.04676195308566093,0.04646568870792786,,,0.0036393573720972885,3.3919952756787337,13.939706612378359
2d,9,81,3.044,,1.0,lsb,custom,True,full,81,0.01,1e-05,4,1.0,1000,300,75,True,,,-3.22648268087982,0.046148556470870974,0.04740518745034933,,,0.0029507796314142765,3.5553890587762,14.2215562351048
2d,9,81,3.044,,1.0,lsb,custom,True,full,81,0.01,1e-05,5,1.0,1000,300,78,True,,,-3.2243551481840975,0.04360861908644438,0.04560108410815398,,,0.001444869867513415,3.55688456043601,13.680325232446194
2d,9,81,0.5,,1.0,metropolis,custom,False,full,81,0.01,1e-05,1,1.0,1000,300,56,True,,,-2.0291620366637804,1.011230544745922,1.0478726028154293,,,0.7340138833833294,58.68086575766404,314.36178084462875
2d,9,81,0.5,,1.0,metropolis,custom,False,full,81,0.01,1e-05,2,1.0,1000,300,59,True,,,-2.0290165105092397,1.0113812485709786,1.054451281291743,,,0.5779103184790993,62.21262559621284,316.33538438752294
2d,9,81,0.5,,1.0,metropolis,custom,False,full,81,0.01,1e-05,3,1.0,1000,300,57,True,,,-2.029175384087071,0.9995659017935395,1.0379048965871334,,,0.7387146674307453,59.1605791054666,311.37146897614
2d,9,81,0.5,,1.0,metropolis,custom,False,full,81,0.01,1e-05,4,1.0,1000,300,56,True,,,-2.0292399590260635,1.025148542970419,1.0493707825988532,,,0.7053348169073712,58.76476382553578,314.81123477965593
2d,9,81,0.5,,1.0,metropolis,custom,False,full,81,0.01,1e-05,5,1.0,1000,300,59,True,,,-2.029009181927861,1.0508969252929092,1.063751004015406,,,0.7237582544973766,62.76130923690895,319.1253012046218
2d,9,81,1.0,,1.0,metropolis,custom,False,full,81,0.01,1e-05,1,1.0,1000,300,60,True,,,-2.1230267634349578,1.156306890025735,1.2640262281273802,,,0.2557750544613393,75.8415736876428,379.20786843821406
2d,9,81,1.0,,1.0,metropolis,custom,False,full,81,0.01,1e-05,2,1.0,1000,300,63,True,,,-2.1229602033835073,1.1636815017089248,1.2736432115236918,,,0.2453147406677293,80.23952232599258,382.09296345710754
2d,9,81,1.0,,1.0,metropolis,custom,False,full,81,0.01,1e-05,3,1.0,1000,300,58,True,,,-2.122965086556072,1.1924451483413576,1.275849400423467,,,0.27465703502773714,73.99926522456109,382.7548201270401
2d,9,81,1.0,,1.0,metropolis,custom,False,full,81,0.01,1e-05,4,1.0,1000,300,62,True,,,-2.123108930510985,1.1938732430338859,1.3027702181289593,,,0.26149956686340686,80.77175352399547,390.8310654386878
2d,9,81,1.0,,1.0,metropolis,custom,False,full,81,0.01,1e-05,5,1.0,1000,300,64,True,,,-2.1228237561047534,1.1112695004791022,1.1990667437762021,,,0.27456316057764246,76.74027160167694,359.72002313286066
2d,9,81,2.0,,1.0,metropolis,custom,False,full,81,0.01,1e-05,1,1.0,1000,300,72,True,,,-2.5046611358539366,1.3787479305639863,1.3935984626039863,,,0.010310221094702763,100.33908930748701,418.0795387811959
2d,9,81,2.0,,1.0,metropolis,custom,False,full,81,0.01,1e-05,2,1.0,1000,300,74,True,,,-2.5044808869012263,1.3732234304770827,1.3841495026896398,,,0.0074391975593339574,102.42706319903334,415.2448508068919
2d,9,81,2.0,,1.0,metropolis,custom,False,full,81,0.01,1e-05,3,1.0,1000,300,71,True,,,-2.505030159290466,1.3773957254365086,1.3849685964733363,,,0.007501725897947908,98.33277034960688,415.49057894200087
2d,9,81,2.0,,1.0,metropolis,custom,False,full,81,0.01,1e-05,4,1.0,1000,300,72,True,,,-2.504658270110283,1.4026623599231243,1.4036981666833162,,,0.005002909521574625,101.06626800119876,421.10945000499487
2d,9,81,2.0,,1.0,metropolis,custom,False,full,81,0.01,1e-05,5,1.0,1000,300,71,True,,,-2.504104648065239,1.3580262338742615,1.379332048483193,,,0.007072613487578443,97.9325754423067,413.79961454495793
2d,9,81,3.044,,1.0,metropolis,custom,False,full,81,0.01,1e-05,1,1.0,1000,300,36,True,,,-3.206151881314818,1.4289270848035813,1.4278857935468356,,,0.0036543636838999674,51.40388856768608,428.3657380640507
2d,9,81,3.044,,1.0,metropolis,custom,False,full,81,0.01,1e-05,2,1.0,1000,300,38,True,,,-3.206997092799117,1.4174128722399473,1.4247124335169792,,,0.002200879021026111,54.13907247364521,427.41373005509377
2d,9,81,3.044,,1.0,metropolis,custom,False,full,81,0.01,1e-05,3,1.0,1000,300,44,True,,,-3.2099662929231783,1.4275865288451315,1.4276054257154465,,,0.00427772184401856,62.81463873147965,428.28162771463394
2d,9,81,3.044,,1.0,metropolis,custom,False,full,81,0.01,1e-05,4,1.0,1000,300,35,True,,,-3.2055233313067055,1.428140558488667,1.4278061196332177,,,0.006275629749516511,49.97321418716262,428.3418358899653
2d,9,81,3.044,,1.0,metropolis,custom,False,full,81,0.01,1e-05,5,1.0,1000,300,37,True,,,-3.2080408146028567,1.4287333149462937,1.4277031594639022,,,0.009172592871488383,52.825016900164385,428.3109478391707
1d,100,100,0.5,2.0,1.0,zephyr,dimod,True,full,100,0.01,1e-05,1,1.0,1000,300,152,True,0.04096648521278268,-1.063544409973365,-1.0225779247605824,0.3,0.3,0.03437704101081063,,0.0019694586732967403,45.6,90.0
1d,100,100,1.0,2.0,1.0,zephyr,dimod,True,full,100,0.01,1e-05,1,1.0,1000,300,111,True,0.03331441217333064,-1.2732919061200112,-1.3066063182933418,0.3,0.3,0.01682229977127414,,0.0025065966684477857,33.3,90.0
1d,100,100,2.0,2.0,1.0,zephyr,dimod,True,full,100,0.01,1e-05,1,1.0,1000,300,81,True,0.03219469909961292,-2.12708881994673,-2.159283519046343,0.3,0.3,0.020890195845980397,,0.013409800387134574,24.3,90.0
1d,12,12,0.5,,1.0,pegasus,dimod,True,pegasus,12,0.01,1e-05,42,1.0,1000,300,125,True,0.20510094166717074,-1.0635444099733717,-1.2686453516405425,0.3,0.3,0.15650023870495278,2.578216651492624,0.9993650297766862,37.5,90.0
1d,12,12,0.5,,1.0,pegasus,dimod,True,pegasus,12,0.1,1e-05,42,1.0,1000,300,23,True,0.015657575666409684,-1.0635444099733717,-1.047886834306962,0.3,0.3,0.005474513766177136,0.266431359649187,0.9715390758181857,6.8999999999999995,90.0
1d,12,12,1.0,,1.0,pegasus,dimod,True,pegasus,12,0.01,1e-05,42,1.0,1000,300,239,True,0.3112412413360446,-1.2732395447351625,-1.5844807860712071,0.3,0.3,0.30251195362471694,4.084294547518635,0.9985606001306498,71.7,90.0
1d,12,12,1.0,,1.0,pegasus,dimod,True,pegasus,12,0.1,1e-05,42,1.0,1000,300,280,False,0.02678879244843113,-1.2732395447351625,-1.2464507522867314,0.3,0.3,0.02678879244843113,0.7576831739163286,0.3107321976082661,84.0,90.0
1d,12,12,2.0,,1.0,pegasus,dimod,True,pegasus,12,0.01,1e-05,42,1.0,1000,300,205,True,0.05204041870669185,-2.1270888199467435,-2.1791292386534353,0.3,0.3,0.014333851478165016,4.074692151465668,0.9992544828087243,61.5,90.0
1d,12,12,2.0,,1.0,pegasus,dimod,True,pegasus,12,0.1,1e-05,42,1.0,1000,300,34,True,0.0032202241315526514,-2.1270888199467435,-2.130309044078296,0.3,0.3,0.0010621694212198385,2.332794094295932,0.5773912594981846,10.2,90.0
1d,12,12,0.5,,1.0,zephyr,dimod,True,zephyr,12,0.01,1e-05,42,1.0,1000,300,1,True,0.08881628083163773,-1.0635444099733717,-1.1523606908050095,0.3,0.3,0.07465406686380871,7.302908763803343,0.9999978385902556,0.3,90.0
1d,12,12,0.5,,1.0,zephyr,dimod,True,zephyr,12,0.1,1e-05,42,1.0,1000,300,140,True,0.19094797694502785,-1.0635444099733717,-0.8725964330283439,0.3,0.3,0.041471376669952376,1.3274489601215302,0.9977453398342078,42.0,90.0
1d,12,12,1.0,,1.0,zephyr,dimod,True,zephyr,12,0.01,1e-05,42,1.0,1000,300,5,True,0.3694280463189452,-1.2732395447351625,-1.6426675910541078,0.3,0.3,0.3454002423916598,7.406185703652914,0.9999967316808139,1.5,90.0
1d,12,12,1.0,,1.0,zephyr,dimod,True,zephyr,12,0.1,1e-05,42,1.0,1000,300,70,True,0.011459843115493973,-1.2732395447351625,-1.2846993878506565,0.3,0.3,0.013342674467208493,1.1606458124189951,0.9959631870123832,21.0,90.0
1d,12,12,2.0,,1.0,zephyr,dimod,True,zephyr,12,0.01,1e-05,42,1.0,1000,300,3,True,0.4836415285533122,-2.1270888199467435,-2.6107303485000557,0.3,0.3,0.46119342096144766,7.433313362113141,0.9999961395260528,0.8999999999999999,90.0
1d,12,12,2.0,,1.0,zephyr,dimod,True,zephyr,12,0.1,1e-05,42,1.0,1000,300,29,True,0.5506915123328313,-2.1270888199467435,-1.5763973076139122,0.3,0.3,0.3950745535499933,2.2869896300042534,0.9940063205637013,8.7,90.0
1d,121,121,0.5,2.0,1.0,zephyr,dimod,True,zephyr,121,0.01,1e-05,1,1.0,1000,300,161,True,0.2984029582125791,-1.0635444099733649,-0.7651414517607857,0.3,0.3,0.29649210041334784,,0.4835540721589791,48.3,90.0
1d,121,121,1.0,2.0,1.0,zephyr,dimod,True,full,121,0.01,1e-05,1,1.0,1000,300,155,True,0.08715824546553907,-1.273275307939213,-1.360433553404752,0.3,0.3,0.06649188457421684,,0.008276945782730293,46.5,90.0
1d,121,121,2.0,2.0,1.0,zephyr,dimod,True,full,121,0.01,1e-05,1,1.0,1000,300,159,True,0.013660581185622522,-2.1270888199467297,-2.1407494011323522,0.3,0.3,0.026120893982032545,,0.03822826742150527,47.699999999999996,90.0
1d,144,144,0.5,2.0,1.0,zephyr,dimod,True,zephyr,144,0.01,1e-05,1,1.0,1000,300,280,False,0.06515281938470885,-1.063544409973365,-0.9983915905886562,0.3,0.3,0.06515281938470885,,0.5482390969093932,84.0,90.0
1d,144,144,1.0,2.0,1.0,zephyr,dimod,True,zephyr,144,0.01,1e-05,1,1.0,1000,300,77,True,0.056451072437165184,-1.273264795798263,-1.2168137233610978,0.3,0.3,0.004884822508872677,,0.5489164014605843,23.099999999999998,90.0
1d,144,144,2.0,2.0,1.0,zephyr,dimod,True,zephyr,144,0.01,1e-05,1,1.0,1000,296,32,True,0.09580225094199424,-2.12708881994673,-2.2228910708887244,0.3,0.3,0.11573689445101243,,0.6864763900388835,9.6,88.8
1d,16,16,0.5,,1.0,pegasus,dimod,True,pegasus,16,0.01,1e-05,42,1.0,1000,300,137,True,0.006491366535105181,-1.0635444099733717,-1.070035776508477,0.3,0.3,0.18916107485302747,4.927843501796764,0.9978505587396136,41.1,90.0
1d,16,16,0.5,,1.0,pegasus,dimod,True,pegasus,16,0.1,1e-05,42,1.0,1000,300,280,False,0.1399580644584787,-1.0635444099733717,-0.923586345514893,0.3,0.3,0.1399580644584787,1.1323053208989933,0.658746190894554,84.0,90.0
1d,16,16,1.0,,1.0,pegasus,dimod,True,pegasus,16,0.1,1e-05,42,1.0,1000,300,280,False,0.3752766263216343,-1.2732395447351625,-0.8979629184135283,0.3,0.3,0.3752766263216343,5.786016859883032,0.27891713617165237,84.0,90.0
1d,16,16,0.5,,1.0,zephyr,dimod,True,zephyr,16,0.01,1e-05,42,1.0,1000,300,45,True,0.09626211844256694,-1.0635444099733717,-1.1598065284159387,0.3,0.3,0.07584448696341406,7.633378087275423,0.9978578760972896,13.5,90.0
1d,16,16,0.5,,1.0,zephyr,dimod,True,zephyr,16,0.1,1e-05,42,1.0,1000,300,61,True,0.489349499177947,-1.0635444099733717,-0.5741949107954247,0.3,0.3,0.4888696616242646,0.17182309804439588,0.7720875222214529,18.3,90.0
1d,16,16,1.0,2.0,1.0,zephyr,dimod,True,full,16,0.01,1e-05,1,1.0,1000,300,5,True,0.20161407451302615,-1.275287154672291,-1.4769012291853172,0.3,0.3,0.19316887537694605,9.298881267301919,0.9999999904848376,1.5,90.0
1d,16,16,2.0,2.0,1.0,zephyr,dimod,True,full,16,0.01,1e-05,1,1.0,1000,300,83,True,0.3551520830786892,-2.1270890620434244,-2.4822411451221136,0.3,0.3,0.3122979229285314,7.549677642620606,0.9999659124941409,24.9,90.0
1d,169,169,0.5,2.0,1.0,zephyr,dimod,True,zephyr,169,0.01,1e-05,1,1.0,1000,32,12,False,0.38829681620036105,-1.063544409973365,-0.675247593773004,0.3,0.3,0.38829681620036105,,0.9670028969164118,3.5999999999999996,9.6
1d,25,25,0.5,2.0,1.0,zephyr,dimod,True,full,25,0.01,1e-05,1,1.0,1000,300,11,True,0.3883810255151332,-1.06354441009277,-1.4519254356079032,0.3,0.3,0.36903418675332267,,0.9999686904511745,3.3,90.0
1d,25,25,1.0,2.0,1.0,zephyr,dimod,True,full,25,0.01,1e-05,1,1.0,1000,300,6,True,0.20560470808546505,-1.2740776887926923,-1.4796823968781574,0.3,0.3,0.34536097857133585,,0.9999888144461737,1.7999999999999998,90.0
1d,25,25,2.0,2.0,1.0,zephyr,dimod,True,full,25,0.01,1e-05,1,1.0,1000,300,1,True,0.02237326765064873,-2.12708882018554,-2.1494620878361888,0.3,0.3,0.02964513701064897,,0.9999997571760821,0.3,90.0
1d,36,36,0.5,2.0,1.0,zephyr,dimod,True,full,36,0.01,1e-05,1,1.0,1000,300,37,True,0.32063482242548913,-1.0635444099733984,-1.3841792323988875,0.3,0.3,0.2920351170614537,,0.9999344219826015,11.1,90.0
1d,36,36,1.0,2.0,1.0,zephyr,dimod,True,full,36,0.01,1e-05,1,1.0,1000,300,41,True,0.5074350067717128,-1.2736436458918527,-1.7810786526635656,0.3,0.3,0.49913075298804577,,0.9999822141529335,12.299999999999999,90.0
1d,36,36,2.0,2.0,1.0,zephyr,dimod,True,full,36,0.01,1e-05,1,1.0,1000,300,13,True,0.5781460073346572,-2.1270888199467968,-2.705234827281454,0.3,0.3,0.5299201290237767,,0.9999959692377488,3.9,90.0
1d,49,49,0.5,2.0,1.0,zephyr,dimod,True,full,49,0.01,1e-05,1,1.0,1000,300,31,True,0.19260745735251472,-1.0635444099733649,-1.2561518673258796,0.3,0.3,0.16609981459713397,,0.99767031763552,9.299999999999999,90.0
1d,49,49,1.0,2.0,1.0,zephyr,dimod,True,full,49,0.01,1e-05,1,1.0,1000,300,50,True,0.3138883215144135,-1.2734576461755247,-1.5873459676899382,0.3,0.3,0.26861014140681205,,0.9403222427543848,15.0,90.0
1d,49,49,2.0,2.0,1.0,zephyr,dimod,True,full,49,0.01,1e-05,1,1.0,1000,300,232,True,0.08011854075178482,-2.1270888199467297,-2.046970279194945,0.3,0.3,0.0895200018900324,,0.3754544706953534,69.6,90.0
1d,64,64,0.5,,1.0,zephyr,dimod,True,zephyr,64,0.01,1e-05,42,1.0,1000,300,18,True,0.19719969736886023,-1.0635444099733717,-0.8663447126045115,0.3,0.3,0.19427578555329683,,0.9999999999999998,5.3999999999999995,90.0
1d,64,64,0.5,,1.0,zephyr,dimod,True,zephyr,64,0.1,1e-05,42,1.0,1000,300,96,True,0.11260020916451652,-1.0635444099733717,-0.9509442008088552,0.3,0.3,0.1102049357328212,,0.2459811886480498,28.799999999999997,90.0
1d,64,64,1.0,,1.0,zephyr,dimod,True,zephyr,64,0.01,1e-05,42,1.0,1000,300,63,True,0.24325519244987603,-1.2732395447351625,-1.5164947371850386,0.3,0.3,0.24287068072994122,,0.1982337929000333,18.9,90.0
1d,64,64,1.0,,1.0,zephyr,dimod,True,zephyr,64,0.1,1e-05,42,1.0,1000,300,71,True,0.0446503158675029,-1.2732395447351625,-1.2285892288676596,0.3,0.3,0.06224389174684575,,0.21192166330094345,21.3,90.0
1d,64,64,2.0,,1.0,zephyr,dimod,True,zephyr,64,0.01,1e-05,42,1.0,1000,300,24,True,0.23735907480972385,-2.1270888199467435,-2.3644478947564673,0.3,0.3,0.25173573028932106,,0.9998865298814514,7.199999999999999,90.0
1d,64,64,2.0,,1.0,zephyr,dimod,True,zephyr,64,0.1,1e-05,42,1.0,1000,300,280,False,0.11279241340761326,-2.1270888199467435,-2.0142964065391302,0.3,0.3,0.11279241340761326,,0.817088549187034,84.0,90.0
1d,8,8,0.5,,1.0,pegasus,dimod,True,pegasus,8,0.01,1e-05,42,1.0,1000,300,105,True,0.23987968423437844,-1.0635444099733717,-1.3034240942077502,0.3,0.3,0.2103951251712599,2.4615581493371845,0.9999970757594392,31.5,90.0
1d,8,8,0.5,,1.0,pegasus,dimod,True,pegasus,8,0.1,1e-05,42,1.0,1000,300,31,True,0.002932820178067397,-1.0635444099733717,-1.0606115897953043,0.3,0.3,0.0006731736164120594,0.15744189316271065,0.9442908858808813,9.299999999999999,90.0
1d,8,8,1.0,,1.0,pegasus,dimod,True,pegasus,8,0.01,1e-05,42,1.0,1000,300,114,True,0.40006845334139807,-1.2732395447351625,-1.6733079980765606,0.3,0.3,0.30832401768977213,2.652100110258117,0.9995431323280762,34.199999999999996,90.0
1d,8,8,1.0,,1.0,pegasus,dimod,True,pegasus,8,0.1,1e-05,42,1.0,1000,300,129,True,0.05214090555640638,-1.2732395447351625,-1.2210986391787562,0.3,0.3,0.048955053063812315,0.3996612608798762,0.8869110972249722,38.699999999999996,90.0
1d,8,8,2.0,,1.0,pegasus,dimod,True,pegasus,8,0.01,1e-05,42,1.0,1000,300,240,True,0.0027118971045014817,-2.1270888199467435,-2.124376922842242,0.3,0.3,0.020074838465409695,2.60662526861629,0.9999872933502636,72.0,90.0
1d,8,8,0.5,,1.0,zephyr,dimod,True,zephyr,8,0.01,1e-05,42,1.0,1000,300,6,True,0.04906396356041087,-1.0635444099733717,-1.0144804464129609,0.3,0.3,0.5436285904249025,5.863408339815133,0.9999999999999998,1.7999999999999998,90.0
1d,8,8,0.5,,1.0,zephyr,dimod,True,zephyr,8,0.1,1e-05,42,1.0,1000,300,4,True,0.42454703058130516,-1.0635444099733717,-0.6389973793920666,0.3,0.3,0.4245551480564771,7.235538339284734,0.9999987422875163,1.2,90.0
1d,8,8,1.0,,1.0,zephyr,dimod,True,zephyr,8,0.01,1e-05,42,1.0,1000,300,37,True,0.5777930253387993,-1.2732395447351625,-1.8510325700739618,0.3,0.3,0.5181238414352711,3.9867689631080347,0.9999940154944588,11.1,90.0
1d,8,8,1.0,,1.0,zephyr,dimod,True,zephyr,8,0.1,1e-05,42,1.0,1000,300,2,True,0.9406199704823655,-1.2732395447351625,-2.213859515217528,0.3,0.3,0.6910855969938767,5.8960715032233395,0.9999999999999998,0.6,90.0
1d,8,8,2.0,,1.0,zephyr,dimod,True,zephyr,8,0.01,1e-05,42,1.0,1000,300,31,True,0.8172637827119251,-2.1270888199467435,-2.9443526026586686,0.3,0.3,0.8017649837203811,5.284560990271657,0.9999990404769469,9.299999999999999,90.0
1d,8,8,2.0,,1.0,zephyr,dimod,True,zephyr,8,0.1,1e-05,42,1.0,1000,300,2,True,1.3003581873368617,-2.1270888199467435,-3.427447007283605,0.3,0.3,1.0482380392511597,6.920237808931564,0.6283464612195276,0.6,90.0
1d,81,81,0.5,2.0,1.0,zephyr,dimod,True,full,81,0.01,1e-05,1,1.0,1000,300,188,True,0.013328430429173421,-1.063544409973365,-1.0502159795441917,0.3,0.3,0.012465079498113596,,0.002127354411159705,56.4,90.0
1d,81,81,1.0,2.0,1.0,zephyr,dimod,True,full,81,0.01,1e-05,1,1.0,1000,300,102,True,0.06783346740175555,-1.273319352957899,-1.3411528203596546,0.3,0.3,0.042441851578033374,,0.006325931032501592,30.599999999999998,90.0
1d,81,81,2.0,2.0,1.0,zephyr,dimod,True,full,81,0.01,1e-05,1,1.0,1000,300,103,True,0.05701497238211317,-2.12708881994673,-2.1841037923288433,0.3,0.3,0.042231248298227,,0.06863133569306187,30.9,90.0
2d,10,100,0.5,,1.0,zephyr,dimod,True,zephyr,100,0.01,1e-05,42,1.0,1000,300,101,True,0.2713814203894236,-2.0555,-1.7841185796105763,0.3,0.3,0.2744843661508951,,0.0840755952524739,30.299999999999997,90.0
2d,10,100,0.5,,1.0,zephyr,dimod,True,zephyr,100,0.1,1e-05,42,1.0,1000,300,95,True,0.7740714688974115,-2.0555,-1.2814285311025884,0.3,0.3,0.741792142176557,,0.8081454350573396,28.5,90.0
2d,10,100,1.0,,1.0,zephyr,dimod,True,zephyr,100,0.01,1e-05,42,1.0,1000,300,171,True,0.5788848049106139,-2.1276,-1.5487151950893863,0.3,0.3,0.5769644421108036,,0.6191714607882737,51.3,90.0
2d,10,100,1.0,,1.0,zephyr,dimod,True,zephyr,100,0.1,1e-05,42,1.0,1000,300,143,True,0.37413895317083523,-2.1276,-1.753461046829165,0.3,0.3,0.3392733533622023,,0.7545503096173515,42.9,90.0
2d,10,100,2.0,,1.0,zephyr,dimod,True,zephyr,100,0.01,1e-05,42,1.0,1000,300,280,False,0.05711671615828795,-2.4549,-2.397783283841712,0.3,0.3,0.05711671615828795,,0.010213469947017753,84.0,90.0
2d,10,100,2.0,,1.0,zephyr,dimod,True,zephyr,100,0.1,1e-05,42,1.0,1000,300,280,False,0.05780791664299212,-2.4549,-2.3970920833570077,0.3,0.3,0.05780791664299212,,0.1961635893951765,84.0,90.0
2d,8,64,0.5,,1.0,zephyr,dimod,True,zephyr,64,0.01,1e-05,42,1.0,1000,300,37,True,0.7607501804034726,-2.0555,-1.2947498195965272,0.3,0.3,0.6758263977377525,,0.9973449231509093,11.1,90.0
2d,8,64,0.5,,1.0,zephyr,dimod,True,zephyr,64,0.1,1e-05,42,1.0,1000,300,95,True,0.7522294068989299,-2.0555,-1.30327059310107,0.3,0.3,0.5979269515729753,,0.06621985872856698,28.5,90.0
2d,8,64,1.0,,1.0,zephyr,dimod,True,zephyr,64,0.01,1e-05,42,1.0,1000,300,142,True,0.49519186560577255,-2.1276,-1.6324081343942276,0.3,0.3,0.01409478060237257,,0.285941022423943,42.6,90.0
2d,8,64,1.0,,1.0,zephyr,dimod,True,zephyr,64,0.1,1e-05,42,1.0,1000,300,65,True,0.48399875230164957,-2.1276,-1.6436012476983506,0.3,0.3,0.45871688601672944,,0.10178175970819028,19.5,90.0
2d,8,64,2.0,,1.0,zephyr,dimod,True,zephyr,64,0.01,1e-05,42,1.0,1000,300,45,True,0.07516124437938698,-2.4549,-2.530061244379387,0.3,0.3,0.22350163290650116,,0.8934126331604957,13.5,90.0
2d,8,64,2.0,,1.0,zephyr,dimod,True,zephyr,64,0.1,1e-05,42,1.0,1000,300,206,True,0.2642709314656724,-2.4549,-2.1906290685343275,0.3,0.3,0.3143697014879012,,0.01588481918330442,61.8,90.0
