{
  "1d_N4_h0.5": -1.0635444099733717,
  "1d_N4_h1.0": -1.2732395447351625,
  "1d_N6_h0.5": -1.0635444099733717,
  "1d_N6_h1.0": -1.2732395447351625,
  "1d_N6_h2.0": -2.1270888199467435,
  "1d_N7_h0.5": -1.0635444099733717,
  "1d_N8_h0.5": -1.0635444099733717,
  "1d_N8_h1.0": -1.2732395447351625,
  "1d_N8_h1.5": -1.6719262215361952,
  "1d_N8_h2.0": -2.1270888199467435,
  "1d_N16_h0.5": -1.0635444099733717,
  "1d_N16_h1.0": -1.2732395447351625,
  "1d_N16_h2.0": -2.1270888199467435,
  "1d_N24_h0.5": -1.0635444099733717,
  "1d_N24_h1.0": -1.2732395447351625,
  "1d_N24_h2.0": -2.1270888199467435,
  "1d_N32_h0.5": -1.0635444099733717,
  "1d_N32_h1.0": -1.2732395447351625,
  "1d_N32_h2.0": -2.1270888199467435,
  "1d_N42_h0.5": -1.0635444099733717,
  "1d_N42_h1.0": -1.2732395447351625,
  "1d_N42_h2.0": -2.1270888199467435,
  "1d_N64_h0.5": -1.0635444099733717,
  "1d_N64_h1.0": -1.2732395447351625,
  "1d_N64_h2.0": -2.1270888199467435,
  "1d_N96_h0.5": -1.0635444099733717,
  "1d_N96_h1.0": -1.2732395447351625,
  "1d_N96_h2.0": -2.1270888199467435,
  "1d_N128_h0.5": -1.0635444099733717,
  "1d_N128_h2.0": -2.1270888199467435,
  "1d_N512_h0.5": -1.0635444099733717,
  "1d_N512_h1.0": -1.2732395447351625,
  "1d_N512_h2.0": -2.1270888199467435,
  "1d_N768_h0.5": -1.0635444099733717,
  "1d_N768_h1.0": -1.2732395447351625,
  "1d_N768_h2.0": -2.1270888199467435,
  "1d_N1024_h0.5": -1.0635444099733717,
  "1d_N2048_h0.5": -1.0635444099733717
}