{
  "1d_N1024_h0.5": -1089.0694758127256,
  "1d_N1024_h1": -1303.7978051358764,
  "1d_N1024_h1.5": -1712.0524508530634,
  "1d_N1024_h2": -2178.138951625451,
  "1d_N128_h0.5": -136.1336844765907,
  "1d_N128_h1": -162.9787524134076,
  "1d_N128_h1.5": -214.00655635663293,
  "1d_N128_h2": -272.2673689531814,
  "1d_N12_h0.5": -12.762569151024046,
  "1d_N12_h1": -15.322595151080778,
  "1d_N12_h1.5": -20.064624685045153,
  "1d_N12_h2": -25.52513830204809,
  "1d_N14_h0.5": -14.88963006625059,
  "1d_N14_h1": -17.862808540761016,
  "1d_N14_h1.5": -23.407582982021637,
  "1d_N14_h2": -29.77926013250118,
  "1d_N16_h0.5": -17.016712496347395,
  "1d_N16_h1": -20.404594474756657,
  "1d_N16_h1.5": -26.75107376376546,
  "1d_N16_h2": -34.03342499269479,
  "1d_N2048_h0.5": -2178.138951625451,
  "1d_N2048_h1": -2607.5948432810956,
  "1d_N2048_h1.5": -3424.104901706127,
  "1d_N2048_h2": -4356.277903250902,
  "1d_N24_h0.5": -25.525065845460333,
  "1d_N24_h1": -30.579576597357025,
  "1d_N24_h1.5": -40.126237270591616,
  "1d_N24_h2": -51.050131690920665,
  "1d_N28_h0.5": -29.779243479605878,
  "1d_N28_h1": -35.66941407725015,
  "1d_N28_h1.5": -46.81393564973125,
  "1d_N28_h2": -59.558486959211756,
  "1d_N32_h0.5": -34.03342111916818,
  "1d_N32_h1": -40.76003249419223,
  "1d_N32_h1.5": -53.50163935537968,
  "1d_N32_h2": -68.06684223833636,
  "1d_N42_h0.5": -44.66886521888134,
  "1d_N42_h1": -53.4885295510956,
  "1d_N42_h1.5": -70.22090130852223,
  "1d_N42_h2": -89.33773043776269,
  "1d_N4_h0.5": -4.271558410139714,
  "1d_N4_h1": -5.226251859505507,
  "1d_N4_h1.5": -6.7600085505561465,
  "1d_N4_h2": -8.543116820279428,
  "1d_N512_h0.5": -544.5347379063628,
  "1d_N512_h1": -651.8996695593848,
  "1d_N512_h1.5": -856.0262254265317,
  "1d_N512_h2": -1089.0694758127256,
  "1d_N64_h0.5": -68.06684223829535,
  "1d_N64_h1": -81.49551266892573,
  "1d_N64_h1.5": -107.00327817831689,
  "1d_N64_h2": -136.1336844765907,
  "1d_N6_h0.5": -6.384694563603675,
  "1d_N6_h1": -7.7274066103125465,
  "1d_N6_h1.5": -10.05694642316757,
  "1d_N6_h2": -12.76938912720735,
  "1d_N768_h0.5": -816.8021068595442,
  "1d_N768_h1": -977.8486521261768,
  "1d_N768_h1.5": -1284.0393381397976,
  "1d_N768_h2": -1633.6042137190884,
  "1d_N8_h0.5": -8.50908223514028,
  "1d_N8_h1": -10.251661790966025,
  "1d_N8_h1.5": -13.385005233150755,
  "1d_N8_h2": -17.01816447028056,
  "1d_N96_h0.5": -102.10026335744304,
  "1d_N96_h1": -122.23645061885442,
  "1d_N96_h1.5": -160.5049172674747,
  "1d_N96_h2": -204.20052671488608,
  "2d_N2_h0.5": -8.127880356142228,
  "2d_N2_h1": -8.543116820279412,
  "2d_N2_h1.5": -9.31209533356331,
  "2d_N2_h2": -10.45250371901102,
  "2d_N3_h0.5": -18.28162062069173,
  "2d_N3_h1": -19.131366809073857,
  "2d_N3_h1.5": -20.57180945297765,
  "2d_N3_h2": -22.68378117681672,
  "2d_N4_h0.5": -32.5006536527203,
  "2d_N4_h1": -34.01059755084619,
  "2d_N4_h1.5": -36.555204525683095,
  "2d_N4_h2": -40.190194437670534
}